method,country,fiscal_year,value,center,lcl,ucl,sigma,robust_z,n_baseline,rule,severity,explanation,status,level,n_held_out,n_lifecycle_skipped,baseline_span
v1.1-reference,Afghanistan,2020,0.5063472078931146,-0.05711499076590529,-2.2020371877659053,2.087807206234095,0.7149740656666667,0.7880876044554542,9.0,,,,charted,,,,
v1.1-reference,Afghanistan,2021,-0.14913619742357923,-0.05711499076590529,-2.2020371877659053,2.087807206234095,0.7149740656666667,-0.1287056567175904,9.0,,,,charted,,,,
v1.1-reference,Afghanistan,2022,-1.0280910244587853,-0.05711499076590529,-2.2020371877659053,2.087807206234095,0.7149740656666667,-1.3580576979215437,9.0,,,,charted,,,,
v1.1-reference,Afghanistan,2023,-3.172976934410284,-0.05711499076590529,-2.2020371877659053,2.087807206234095,0.7149740656666667,-4.358006944963858,9.0,beyond_limits,medium,"Afghanistan FY2023: year-over-year change of -96% is below the expected range -89% to +707% (learned from FY2010-2019, where a typical year was -6%); that is 4.4 robust sigmas from the typical year (limits sit at 3), so 1.4 beyond the -89% limit.",charted,,,,
v1.1-reference,Afghanistan,2024,2.6581715889363124,-0.05711499076590529,-2.2020371877659053,2.087807206234095,0.7149740656666667,3.7977413588706748,9.0,beyond_limits,medium,"Afghanistan FY2024: year-over-year change of +1327% is above the expected range -89% to +707% (learned from FY2010-2019, where a typical year was -6%); that is 3.8 robust sigmas from the typical year (limits sit at 3), so 0.8 beyond the +707% limit.",charted,,,,
v1.1-reference,Afghanistan,2025,0.581831072369035,-0.05711499076590529,-2.2020371877659053,2.087807206234095,0.7149740656666667,0.8936632723022825,9.0,,,,charted,,,,
v1.1-reference,Afghanistan,2026,-0.8697873420937142,-0.05711499076590529,-2.2020371877659053,2.087807206234095,0.7149740656666667,-1.1366459153592445,9.0,,,,charted,,,,
v1.1-reference,Africa,2020,0.2693830637881586,-0.09305489655518671,-0.9969754594610648,0.8108656663506913,0.30130685430195936,1.202886542966336,9.0,,,,charted,,,,
v1.1-reference,Africa,2021,-0.8437316409228554,-0.09305489655518671,-0.9969754594610648,0.8108656663506913,0.30130685430195936,-2.4914028129455237,9.0,,,,charted,,,,
v1.1-reference,Albania,2020,-0.2664069144293287,-0.3629328226953257,-1.5827619840506435,0.8568963386599922,0.4066097204517726,0.23739203322229918,9.0,,,,charted,,,,
v1.1-reference,Albania,2021,-0.4065147059657215,-0.3629328226953257,-1.5827619840506435,0.8568963386599922,0.4066097204517726,-0.1071835745145817,9.0,,,,charted,,,,
v1.1-reference,Albania,2022,-0.04506381022118312,-0.3629328226953257,-1.5827619840506435,0.8568963386599922,0.4066097204517726,0.7817545830457945,9.0,,,,charted,,,,
v1.1-reference,Albania,2023,0.0,-0.3629328226953257,-1.5827619840506435,0.8568963386599922,0.4066097204517726,0.892582750584716,9.0,,,,charted,,,,
v1.1-reference,Albania,2024,0.0,-0.3629328226953257,-1.5827619840506435,0.8568963386599922,0.4066097204517726,0.892582750584716,9.0,,,,charted,,,,
v1.1-reference,Albania,2025,0.0,-0.3629328226953257,-1.5827619840506435,0.8568963386599922,0.4066097204517726,0.892582750584716,9.0,,,,charted,,,,
v1.1-reference,Albania,2026,0.0,-0.3629328226953257,-1.5827619840506435,0.8568963386599922,0.4066097204517726,0.892582750584716,9.0,,,,charted,,,,
v1.1-reference,Angola,2020,-0.9453557209114176,-0.06315682291163119,-1.189538337905329,1.0632246920820665,0.3754605049978993,-2.3496449992915296,9.0,,,,charted,,,,
v1.1-reference,Angola,2021,-0.7346283041799921,-0.06315682291163119,-1.189538337905329,1.0632246920820665,0.3754605049978993,-1.7883944445025393,9.0,,,,charted,,,,
v1.1-reference,Angola,2022,0.1873829672967318,-0.06315682291163119,-1.189538337905329,1.0632246920820665,0.3754605049978993,0.6672866702977581,9.0,,,,charted,,,,
v1.1-reference,Angola,2023,-1.1216111088356966,-0.06315682291163119,-1.189538337905329,1.0632246920820665,0.3754605049978993,-2.8190828911019215,9.0,,,,charted,,,,
v1.1-reference,Angola,2024,0.0,-0.06315682291163119,-1.189538337905329,1.0632246920820665,0.3754605049978993,0.16821162830957295,9.0,,,,charted,,,,
v1.1-reference,Angola,2025,0.0,-0.06315682291163119,-1.189538337905329,1.0632246920820665,0.3754605049978993,0.16821162830957295,9.0,,,,charted,,,,
v1.1-reference,Angola,2026,0.0,-0.06315682291163119,-1.189538337905329,1.0632246920820665,0.3754605049978993,0.16821162830957295,9.0,,,,charted,,,,
v1.1-reference,Armenia,2020,-0.04785113574714983,-0.22589267173833788,-2.667572314544249,2.2157869710675735,0.8138932142686371,0.21875294310098878,9.0,,,,charted,,,,
v1.1-reference,Armenia,2021,0.06317665293953661,-0.22589267173833788,-2.667572314544249,2.2157869710675735,0.8138932142686371,0.35516861378139347,9.0,,,,charted,,,,
v1.1-reference,Armenia,2022,-0.601940557321392,-0.22589267173833788,-2.667572314544249,2.2157869710675735,0.8138932142686371,-0.46203590224175783,9.0,,,,charted,,,,
v1.1-reference,Armenia,2023,-0.4677956516519491,-0.22589267173833788,-2.667572314544249,2.2157869710675735,0.8138932142686371,-0.2972170988438388,9.0,,,,charted,,,,
v1.1-reference,Armenia,2024,0.09548788798768551,-0.22589267173833788,-2.667572314544249,2.2157869710675735,0.8138932142686371,0.3948682137801276,9.0,,,,charted,,,,
v1.1-reference,Armenia,2025,-1.3575281319648116,-0.22589267173833788,-2.667572314544249,2.2157869710675735,0.8138932142686371,-1.3903979544089935,9.0,,,,charted,,,,
v1.1-reference,Armenia,2026,0.0,-0.22589267173833788,-2.667572314544249,2.2157869710675735,0.8138932142686371,0.27754583497949986,9.0,,,,charted,,,,
v1.1-reference,Azerbaijan,2020,0.0,0.07303256643804977,-2.8884048794681574,3.034470012344257,0.9871458153020691,-0.07398356484518108,9.0,sustained_shift,medium,"Azerbaijan FY2020: no single year breaks a control limit, but this is part of a run of 8+ consecutive years below the historical typical year-over-year change of +8% - the level has shifted rather than spiked.",charted,,,,
v1.1-reference,Azerbaijan,2021,0.0,0.07303256643804977,-2.8884048794681574,3.034470012344257,0.9871458153020691,-0.07398356484518108,9.0,sustained_shift,medium,"Azerbaijan FY2021: no single year breaks a control limit, but this is part of a run of 8+ consecutive years below the historical typical year-over-year change of +8% - the level has shifted rather than spiked.",charted,,,,
v1.1-reference,Azerbaijan,2022,0.0,0.07303256643804977,-2.8884048794681574,3.034470012344257,0.9871458153020691,-0.07398356484518108,9.0,sustained_shift,medium,"Azerbaijan FY2022: no single year breaks a control limit, but this is part of a run of 8+ consecutive years below the historical typical year-over-year change of +8% - the level has shifted rather than spiked.",charted,,,,
v1.1-reference,Azerbaijan,2023,0.0,0.07303256643804977,-2.8884048794681574,3.034470012344257,0.9871458153020691,-0.07398356484518108,9.0,sustained_shift,medium,"Azerbaijan FY2023: no single year breaks a control limit, but this is part of a run of 8+ consecutive years below the historical typical year-over-year change of +8% - the level has shifted rather than spiked.",charted,,,,
v1.1-reference,Azerbaijan,2024,0.0,0.07303256643804977,-2.8884048794681574,3.034470012344257,0.9871458153020691,-0.07398356484518108,9.0,sustained_shift,medium,"Azerbaijan FY2024: no single year breaks a control limit, but this is part of a run of 8+ consecutive years below the historical typical year-over-year change of +8% - the level has shifted rather than spiked.",charted,,,,
v1.1-reference,Azerbaijan,2025,0.0,0.07303256643804977,-2.8884048794681574,3.034470012344257,0.9871458153020691,-0.07398356484518108,9.0,sustained_shift,medium,"Azerbaijan FY2025: no single year breaks a control limit, but this is part of a run of 8+ consecutive years below the historical typical year-over-year change of +8% - the level has shifted rather than spiked.",charted,,,,
v1.1-reference,Azerbaijan,2026,0.0,0.07303256643804977,-2.8884048794681574,3.034470012344257,0.9871458153020691,-0.07398356484518108,9.0,sustained_shift,medium,"Azerbaijan FY2026: no single year breaks a control limit, but this is part of a run of 8+ consecutive years below the historical typical year-over-year change of +8% - the level has shifted rather than spiked.",charted,,,,
v1.1-reference,Bangladesh,2020,-0.33634480994625193,0.1491668559813844,-0.20948871833922295,0.5078224303019918,0.11955185810686912,-4.0610967793878245,9.0,beyond_limits,medium,"Bangladesh FY2020: year-over-year change of -29% is below the expected range -19% to +66% (learned from FY2010-2019, where a typical year was +16%); that is 4.1 robust sigmas from the typical year (limits sit at 3), so 1.1 beyond the -19% limit.",charted,,,,
v1.1-reference,Bangladesh,2021,0.133487689185182,0.1491668559813844,-0.20948871833922295,0.5078224303019918,0.11955185810686912,-0.1311495031903776,9.0,,,,charted,,,,
v1.1-reference,Bangladesh,2022,0.07568845031317603,0.1491668559813844,-0.20948871833922295,0.5078224303019918,0.11955185810686912,-0.6146153379107246,9.0,,,,charted,,,,
v1.1-reference,Bangladesh,2023,0.1268369462023017,0.1491668559813844,-0.20948871833922295,0.5078224303019918,0.11955185810686912,-0.18678011477765297,9.0,,,,charted,,,,
v1.1-reference,Bangladesh,2024,0.12158842900522282,0.1491668559813844,-0.20948871833922295,0.5078224303019918,0.11955185810686912,-0.2306817092839229,9.0,,,,charted,,,,
v1.1-reference,Bangladesh,2025,-0.09084142962554743,0.1491668559813844,-0.20948871833922295,0.5078224303019918,0.11955185810686912,-2.0075663348735655,9.0,,,,charted,,,,
v1.1-reference,Bangladesh,2026,0.01605380642722119,0.1491668559813844,-0.20948871833922295,0.5078224303019918,0.11955185810686912,-1.1134335481023772,9.0,,,,charted,,,,
v1.1-reference,Benin,2020,0.6134306532961354,0.2104514908959672,-0.5986691150582062,1.0195720968501405,0.2697068686513911,1.4941375591032422,9.0,,,,charted,,,,
v1.1-reference,Benin,2021,-0.04371862648657019,0.2104514908959672,-0.5986691150582062,1.0195720968501405,0.2697068686513911,-0.9423939355102755,9.0,,,,charted,,,,
v1.1-reference,Benin,2022,0.11447481275597092,0.2104514908959672,-0.5986691150582062,1.0195720968501405,0.2697068686513911,-0.35585552055053776,9.0,,,,charted,,,,
v1.1-reference,Benin,2023,0.4923047924131863,0.2104514908959672,-0.5986691150582062,1.0195720968501405,0.2697068686513911,1.0450356823560465,9.0,,,,charted,,,,
v1.1-reference,Benin,2024,0.2150022435519959,0.2104514908959672,-0.5986691150582062,1.0195720968501405,0.2697068686513911,0.016872957959075036,9.0,,,,charted,,,,
v1.1-reference,Benin,2025,-0.3136944069351595,0.2104514908959672,-0.5986691150582062,1.0195720968501405,0.2697068686513911,-1.9433909876007276,9.0,,,,charted,,,,
v1.1-reference,Benin,2026,0.3428045250215879,0.2104514908959672,-0.5986691150582062,1.0195720968501405,0.2697068686513911,0.49072919346630833,9.0,,,,charted,,,,
v1.1-reference,Bhutan,2020,0.5306014588284095,0.15404480234978368,-5.169080096082918,5.477169700782485,1.7743749661442338,0.21221932436123908,9.0,,,,charted,,,,
v1.1-reference,Bhutan,2021,-0.44047998769299007,0.15404480234978368,-5.169080096082918,5.477169700782485,1.7743749661442338,-0.33506152948871487,9.0,,,,charted,,,,
v1.1-reference,Bhutan,2022,0.5132810669843119,0.15404480234978368,-5.169080096082918,5.477169700782485,1.7743749661442338,0.2024579198246685,9.0,,,,charted,,,,
v1.1-reference,Bhutan,2023,-2.4161088226586336,0.15404480234978368,-5.169080096082918,5.477169700782485,1.7743749661442338,-1.4484839304250514,9.0,,,,charted,,,,
v1.1-reference,Bhutan,2024,2.3336329271277845,0.15404480234978368,-5.169080096082918,5.477169700782485,1.7743749661442338,1.2283695196141695,9.0,,,,charted,,,,
v1.1-reference,Bhutan,2025,-2.690280255618926,0.15404480234978368,-5.169080096082918,5.477169700782485,1.7743749661442338,-1.6030011199659264,9.0,,,,charted,,,,
v1.1-reference,Bhutan,2026,2.890378787790065,0.15404480234978368,-5.169080096082918,5.477169700782485,1.7743749661442338,1.5421396478481721,9.0,,,,charted,,,,
v1.1-reference,Bolivia,2020,-1.2067317728521039,0.07881650990866788,-1.506328516980425,1.663961536797761,0.5283816756296976,-2.43299179750835,9.0,,,,charted,,,,
v1.1-reference,Bolivia,2021,1.1581833613553376,0.07881650990866788,-1.506328516980425,1.663961536797761,0.5283816756296976,2.042778735958882,9.0,,,,charted,,,,
v1.1-reference,Bolivia,2022,-0.6789652731924476,0.07881650990866788,-1.506328516980425,1.663961536797761,0.5283816756296976,-1.4341560618998204,9.0,,,,charted,,,,
v1.1-reference,Bolivia,2023,0.4840137197102189,0.07881650990866788,-1.506328516980425,1.663961536797761,0.5283816756296976,0.7668646141421505,9.0,,,,charted,,,,
v1.1-reference,Bolivia,2024,-0.13700792945179033,0.07881650990866788,-1.506328516980425,1.663961536797761,0.5283816756296976,-0.40846314191961697,9.0,,,,charted,,,,
v1.1-reference,Bolivia,2025,-0.44169113553567985,0.07881650990866788,-1.506328516980425,1.663961536797761,0.5283816756296976,-0.9850978363775276,9.0,,,,charted,,,,
v1.1-reference,Bolivia,2026,-0.71905073329342,0.07881650990866788,-1.506328516980425,1.663961536797761,0.5283816756296976,-1.5100206536330605,9.0,,,,charted,,,,
v1.1-reference,Bosnia and Herzegovina,2020,0.030960171085852042,-0.0027466047678624365,-1.6042093265073658,1.598716116971641,0.5338209072465011,0.06314247980203179,9.0,,,,charted,,,,
v1.1-reference,Bosnia and Herzegovina,2021,-1.399798000722096,-0.0027466047678624365,-1.6042093265073658,1.598716116971641,0.5338209072465011,-2.617078831101534,9.0,,,,charted,,,,
v1.1-reference,Bosnia and Herzegovina,2022,-1.537972335971571,-0.0027466047678624365,-1.6042093265073658,1.598716116971641,0.5338209072465011,-2.875919077659488,9.0,,,,charted,,,,
v1.1-reference,Bosnia and Herzegovina,2023,0.0,-0.0027466047678624365,-1.6042093265073658,1.598716116971641,0.5338209072465011,0.0051451802103999345,9.0,,,,charted,,,,
v1.1-reference,Bosnia and Herzegovina,2024,0.0,-0.0027466047678624365,-1.6042093265073658,1.598716116971641,0.5338209072465011,0.0051451802103999345,9.0,,,,charted,,,,
v1.1-reference,Bosnia and Herzegovina,2025,0.0,-0.0027466047678624365,-1.6042093265073658,1.598716116971641,0.5338209072465011,0.0051451802103999345,9.0,,,,charted,,,,
v1.1-reference,Bosnia and Herzegovina,2026,0.0,-0.0027466047678624365,-1.6042093265073658,1.598716116971641,0.5338209072465011,0.0051451802103999345,9.0,,,,charted,,,,
v1.1-reference,Burkina Faso,2020,0.33594255688884633,-0.015452748120811087,-1.6113513837951297,1.5804458875535075,0.5319662118914396,0.6605594437290466,9.0,,,,charted,,,,
v1.1-reference,Burkina Faso,2021,0.0442922421516926,-0.015452748120811087,-1.6113513837951297,1.5804458875535075,0.5319662118914396,0.1123097462526362,9.0,,,,charted,,,,
v1.1-reference,Burkina Faso,2022,-0.16141738540512557,-0.015452748120811087,-1.6113513837951297,1.5804458875535075,0.5319662118914396,-0.27438704568346167,9.0,,,,charted,,,,
v1.1-reference,Burkina Faso,2023,0.3966892451817187,-0.015452748120811087,-1.6113513837951297,1.5804458875535075,0.5319662118914396,0.7747522005902083,9.0,,,,charted,,,,
v1.1-reference,Burkina Faso,2024,-0.09699418151296973,-0.015452748120811087,-1.6113513837951297,1.5804458875535075,0.5319662118914396,-0.1532831062751766,9.0,,,,charted,,,,
v1.1-reference,Burkina Faso,2025,0.13053629984826312,-0.015452748120811087,-1.6113513837951297,1.5804458875535075,0.5319662118914396,0.274432933343644,9.0,,,,charted,,,,
v1.1-reference,Burkina Faso,2026,-0.07652376108735497,-0.015452748120811087,-1.6113513837951297,1.5804458875535075,0.5319662118914396,-0.11480242842755374,9.0,,,,charted,,,,
v1.1-reference,Burundi,2020,0.059140072897283444,0.017748565232931324,-1.3035546183637523,1.3390517488296148,0.4404343945322279,0.09397882676332033,9.0,,,,charted,,,,
v1.1-reference,Burundi,2021,-0.2846081474624255,0.017748565232931324,-1.3035546183637523,1.3390517488296148,0.4404343945322279,-0.6864965961990339,9.0,,,,charted,,,,
v1.1-reference,Burundi,2022,0.3645191982643058,0.017748565232931324,-1.3035546183637523,1.3390517488296148,0.4404343945322279,0.7873377677501076,9.0,,,,charted,,,,
v1.1-reference,Burundi,2023,0.06209975972982865,0.017748565232931324,-1.3035546183637523,1.3390517488296148,0.4404343945322279,0.10069875342955764,9.0,,,,charted,,,,
v1.1-reference,Burundi,2024,0.453780739997545,0.017748565232931324,-1.3035546183637523,1.3390517488296148,0.4404343945322279,0.9900048229151366,9.0,,,,charted,,,,
v1.1-reference,Burundi,2025,-0.045941059198615554,0.017748565232931324,-1.3035546183637523,1.3390517488296148,0.4404343945322279,-0.14460638229489256,9.0,,,,charted,,,,
v1.1-reference,Burundi,2026,0.3274099166155462,0.017748565232931324,-1.3035546183637523,1.3390517488296148,0.4404343945322279,0.7030816739721176,9.0,,,,charted,,,,
v1.1-reference,Cabo Verde,2020,0.9725557668165515,-0.3080992562312846,-6.464159567532268,5.847961055069699,2.0520201037669943,0.6240947740701345,9.0,,,,charted,,,,
v1.1-reference,Cabo Verde,2021,-0.01040747918866068,-0.3080992562312846,-6.464159567532268,5.847961055069699,2.0520201037669943,0.14507254412183215,9.0,,,,charted,,,,
v1.1-reference,Cabo Verde,2022,-0.38095384887775774,-0.3080992562312846,-6.464159567532268,5.847961055069699,2.0520201037669943,-0.03550383961284316,9.0,,,,charted,,,,
v1.1-reference,Cabo Verde,2023,0.5135716172149372,-0.3080992562312846,-6.464159567532268,5.847961055069699,2.0520201037669943,0.40042047928177704,9.0,,,,charted,,,,
v1.1-reference,Cabo Verde,2024,-0.47798829556680533,-0.3080992562312846,-6.464159567532268,5.847961055069699,2.0520201037669943,-0.0827911183831226,9.0,,,,charted,,,,
v1.1-reference,Cabo Verde,2025,0.3088943493268722,-0.3080992562312846,-6.464159567532268,5.847961055069699,2.0520201037669943,0.3006761992367966,9.0,,,,charted,,,,
v1.1-reference,Cabo Verde,2026,0.1819637813954432,-0.3080992562312846,-6.464159567532268,5.847961055069699,2.0520201037669943,0.2388198033377426,9.0,,,,charted,,,,
v1.1-reference,Cambodia,2020,0.34318508390588737,0.04595082477344958,-2.291194114746284,2.383095764293183,0.7790483131732444,0.38153507825687183,9.0,,,,charted,,,,
v1.1-reference,Cambodia,2021,-0.11896434991189911,0.04595082477344958,-2.291194114746284,2.383095764293183,0.7790483131732444,-0.2116879940521416,9.0,,,,charted,,,,
v1.1-reference,Cambodia,2022,1.3248679352577277,0.04595082477344958,-2.291194114746284,2.383095764293183,0.7790483131732444,1.6416403050472597,9.0,,,,charted,,,,
v1.1-reference,Cambodia,2023,0.3858293797679721,0.04595082477344958,-2.291194114746284,2.383095764293183,0.7790483131732444,0.4362740400657802,9.0,,,,charted,,,,
v1.1-reference,Cambodia,2024,-1.0475618327554694,0.04595082477344958,-2.291194114746284,2.383095764293183,0.7790483131732444,-1.4036519161113234,9.0,,,,charted,,,,
v1.1-reference,Cambodia,2025,1.128602484476109,0.04595082477344958,-2.291194114746284,2.383095764293183,0.7790483131732444,1.3897105499051376,9.0,,,,charted,,,,
v1.1-reference,Cambodia,2026,-0.6387548955281547,0.04595082477344958,-2.291194114746284,2.383095764293183,0.7790483131732444,-0.8789002026236846,9.0,,,,charted,,,,
v1.1-reference,Cameroon,2020,1.0216553412724194,-0.037046733729382796,-0.3137117083026979,0.23961824084393232,0.09222165819110505,11.479972229602742,9.0,beyond_limits,high,"Cameroon FY2020: year-over-year change of +178% is above the expected range -27% to +27% (learned from FY2010-2019, where a typical year was -4%); that is 11.5 robust sigmas from the typical year (limits sit at 3), so 8.5 beyond the +27% limit.",charted,,,,
v1.1-reference,Cameroon,2021,-0.6242494544521582,-0.037046733729382796,-0.3137117083026979,0.23961824084393232,0.09222165819110505,-6.367297359866949,9.0,beyond_limits,high,"Cameroon FY2021: year-over-year change of -46% is below the expected range -27% to +27% (learned from FY2010-2019, where a typical year was -4%); that is 6.4 robust sigmas from the typical year (limits sit at 3), so 3.4 beyond the -27% limit.",charted,,,,
v1.1-reference,Cameroon,2022,0.35241789184244615,-0.037046733729382796,-0.3137117083026979,0.23961824084393232,0.09222165819110505,4.223136226468259,9.0,beyond_limits,medium,"Cameroon FY2022: year-over-year change of +42% is above the expected range -27% to +27% (learned from FY2010-2019, where a typical year was -4%); that is 4.2 robust sigmas from the typical year (limits sit at 3), so 1.2 beyond the +27% limit.",charted,,,,
v1.1-reference,Cameroon,2023,0.1796869857147222,-0.037046733729382796,-0.3137117083026979,0.23961824084393232,0.09222165819110505,2.3501390421215542,9.0,,,,charted,,,,
v1.1-reference,Cameroon,2024,0.05603974595844957,-0.037046733729382796,-0.3137117083026979,0.23961824084393232,0.09222165819110505,1.0093776398482797,9.0,,,,charted,,,,
v1.1-reference,Cameroon,2025,0.43785074589923595,-0.037046733729382796,-0.3137117083026979,0.23961824084393232,0.09222165819110505,5.149522237439268,9.0,beyond_limits,high,"Cameroon FY2025: year-over-year change of +55% is above the expected range -27% to +27% (learned from FY2010-2019, where a typical year was -4%); that is 5.1 robust sigmas from the typical year (limits sit at 3), so 2.1 beyond the +27% limit.",charted,,,,
v1.1-reference,Cameroon,2026,0.26391352770327897,-0.037046733729382796,-0.3137117083026979,0.23961824084393232,0.09222165819110505,3.2634444807856418,9.0,beyond_limits,medium,"Cameroon FY2026: year-over-year change of +30% is above the expected range -27% to +27% (learned from FY2010-2019, where a typical year was -4%); that is 3.3 robust sigmas from the typical year (limits sit at 3), so 0.3 beyond the +27% limit.",charted,,,,
v1.1-reference,Caribbean,2020,2.0526356846322065,-0.559695794258641,-5.888881286244504,4.769489697727223,1.7763951639952877,1.470580156847228,9.0,,,,charted,,,,
v1.1-reference,Caribbean,2021,0.18576611450079558,-0.559695794258641,-5.888881286244504,4.769489697727223,1.7763951639952877,0.41964869296470014,9.0,,,,charted,,,,
v1.1-reference,Caribbean,2022,-0.3290643517637751,-0.559695794258641,-5.888881286244504,4.769489697727223,1.7763951639952877,0.12983115872492756,9.0,,,,charted,,,,
v1.1-reference,Caribbean,2023,0.8743186201365184,-0.559695794258641,-5.888881286244504,4.769489697727223,1.7763951639952877,0.8072609312727016,9.0,,,,charted,,,,
v1.1-reference,Caribbean,2024,-1.12655267106312,-0.559695794258641,-5.888881286244504,4.769489697727223,1.7763951639952877,-0.31910516775420733,9.0,,,,charted,,,,
v1.1-reference,Caribbean,2025,0.3847572748066103,-0.559695794258641,-5.888881286244504,4.769489697727223,1.7763951639952877,0.5316683405853703,9.0,,,,charted,,,,
v1.1-reference,Caribbean,2026,0.8420748247968077,-0.559695794258641,-5.888881286244504,4.769489697727223,1.7763951639952877,0.7891096797982317,9.0,,,,charted,,,,
v1.1-reference,Central Africa,2020,0.25669289306023474,0.14160434422851303,-7.617752732745214,7.900961421202241,2.5864523589912425,0.04449668227278235,9.0,,,,charted,,,,
v1.1-reference,Central Africa,2021,-0.5442425793401333,0.14160434422851303,-7.617752732745214,7.900961421202241,2.5864523589912425,-0.26516897602403067,9.0,,,,charted,,,,
v1.1-reference,Central Africa,2022,0.7473457079253563,0.14160434422851303,-7.617752732745214,7.900961421202241,2.5864523589912425,0.23419776575088044,9.0,,,,charted,,,,
v1.1-reference,Central Africa,2023,-0.23093210226220945,0.14160434422851303,-7.617752732745214,7.900961421202241,2.5864523589912425,-0.14403375542398067,9.0,,,,charted,,,,
v1.1-reference,Central Africa,2024,0.047122582125537285,0.14160434422851303,-7.617752732745214,7.900961421202241,2.5864523589912425,-0.03652948092182341,9.0,,,,charted,,,,
v1.1-reference,Central Africa,2025,-0.0036250386835313068,0.14160434422851303,-7.617752732745214,7.900961421202241,2.5864523589912425,-0.05615003207276786,9.0,,,,charted,,,,
v1.1-reference,Central Africa,2026,-3.2541768785496723,0.14160434422851303,-7.617752732745214,7.900961421202241,2.5864523589912425,-1.3129107949634122,9.0,,,,charted,,,,
v1.1-reference,Central African Republic,2020,-0.7189908920104587,0.3482762131861815,-1.1948118284165758,1.8913642547889387,0.5143626805342524,-2.0749310663209535,9.0,,,,charted,,,,
v1.1-reference,Central African Republic,2021,0.7754151197296102,0.3482762131861815,-1.1948118284165758,1.8913642547889387,0.5143626805342524,0.8304235954672545,9.0,,,,charted,,,,
v1.1-reference,Central African Republic,2022,-0.3883476793437426,0.3482762131861815,-1.1948118284165758,1.8913642547889387,0.5143626805342524,-1.4321099107828275,9.0,,,,charted,,,,
v1.1-reference,Central African Republic,2023,0.05033969877204649,0.3482762131861815,-1.1948118284165758,1.8913642547889387,0.5143626805342524,-0.5792343140149238,9.0,,,,charted,,,,
v1.1-reference,Central African Republic,2024,0.16766193901844356,0.3482762131861815,-1.1948118284165758,1.8913642547889387,0.5143626805342524,-0.35114187129622154,9.0,,,,charted,,,,
v1.1-reference,Central African Republic,2025,-0.16757367528811576,0.3482762131861815,-1.1948118284165758,1.8913642547889387,0.5143626805342524,-1.0028913605055876,9.0,,,,charted,,,,
v1.1-reference,Central African Republic,2026,0.7189752582999949,0.3482762131861815,-1.1948118284165758,1.8913642547889387,0.5143626805342524,0.7206958419471254,9.0,,,,charted,,,,
v1.1-reference,Central Asia,2020,0.15183537347002327,-0.01282853451158933,-1.6978856073922348,1.6722285383690563,0.5616856909602151,0.29316023290555204,9.0,,,,charted,,,,
v1.1-reference,Central Asia,2021,0.3862130074801331,-0.01282853451158933,-1.6978856073922348,1.6722285383690563,0.5616856909602151,0.7104356554099702,9.0,,,,charted,,,,
v1.1-reference,Central Asia,2022,-0.49679344440523804,-0.01282853451158933,-1.6978856073922348,1.6722285383690563,0.5616856909602151,-0.86162940890714,9.0,,,,charted,,,,
v1.1-reference,Central Asia,2023,-0.0015952021992986288,-0.01282853451158933,-1.6978856073922348,1.6722285383690563,0.5616856909602151,0.019999320782210155,9.0,,,,charted,,,,
v1.1-reference,Central Asia,2024,-3.412659826120832,-0.01282853451158933,-1.6978856073922348,1.6722285383690563,0.5616856909602151,-6.052907072988007,9.0,beyond_limits,high,"Central Asia FY2024: year-over-year change of -97% is below the expected range -82% to +432% (learned from FY2010-2019, where a typical year was -1%); that is 6.1 robust sigmas from the typical year (limits sit at 3), so 3.1 beyond the -82% limit.",charted,,,,
v1.1-reference,Central Asia,2026,0.0,-0.01282853451158933,-1.6978856073922348,1.6722285383690563,0.5616856909602151,0.022839347197288654,9.0,,,,charted,,,,
v1.1-reference,Chad,2020,0.3386482195891908,0.13357231528656344,-0.0583505646166525,0.3254951951897794,0.06397429330107197,3.205598588444134,9.0,beyond_limits,medium,"Chad FY2020: year-over-year change of +40% is above the expected range -6% to +38% (learned from FY2010-2019, where a typical year was +14%); that is 3.2 robust sigmas from the typical year (limits sit at 3), so 0.2 beyond the +38% limit.",charted,,,,
v1.1-reference,Chad,2021,-0.6969669306542434,0.13357231528656344,-0.0583505646166525,0.3254951951897794,0.06397429330107197,-12.98239031781364,9.0,beyond_limits,high,"Chad FY2021: year-over-year change of -50% is below the expected range -6% to +38% (learned from FY2010-2019, where a typical year was +14%); that is 13.0 robust sigmas from the typical year (limits sit at 3), so 10.0 beyond the -6% limit.",charted,,,,
v1.1-reference,Chad,2022,0.12344201254322736,0.13357231528656344,-0.0583505646166525,0.3254951951897794,0.06397429330107197,-0.158349584194099,9.0,,,,charted,,,,
v1.1-reference,Chad,2023,0.5710275826164023,0.13357231528656344,-0.0583505646166525,0.3254951951897794,0.06397429330107197,6.83798514617603,9.0,beyond_limits,high,"Chad FY2023: year-over-year change of +77% is above the expected range -6% to +38% (learned from FY2010-2019, where a typical year was +14%); that is 6.8 robust sigmas from the typical year (limits sit at 3), so 3.8 beyond the +38% limit.",charted,,,,
v1.1-reference,Chad,2024,0.6878738318548578,0.13357231528656344,-0.0583505646166525,0.3254951951897794,0.06397429330107197,8.66444141805012,9.0,beyond_limits,high,"Chad FY2024: year-over-year change of +99% is above the expected range -6% to +38% (learned from FY2010-2019, where a typical year was +14%); that is 8.7 robust sigmas from the typical year (limits sit at 3), so 5.7 beyond the +38% limit.",charted,,,,
v1.1-reference,Chad,2025,0.14772970886074874,0.13357231528656344,-0.0583505646166525,0.3254951951897794,0.06397429330107197,0.2212981628035909,9.0,,,,charted,,,,
v1.1-reference,Chad,2026,0.1158412346790757,0.13357231528656344,-0.0583505646166525,0.3254951951897794,0.06397429330107197,-0.2771594603482807,9.0,,,,charted,,,,
v1.1-reference,Comoros,2020,0.9289517864934177,0.021147864944341146,-2.975567456774175,3.017863186662857,0.9989051072395053,0.908798958949976,9.0,,,,charted,,,,
v1.1-reference,Comoros,2021,0.7576672460293521,0.021147864944341146,-2.975567456774175,3.017863186662857,0.9989051072395053,0.7373266747232851,9.0,,,,charted,,,,
v1.1-reference,Comoros,2022,-0.21041937268349636,0.021147864944341146,-2.975567456774175,3.017863186662857,0.9989051072395053,-0.2318210568246851,9.0,,,,charted,,,,
v1.1-reference,Comoros,2023,0.08655066702595195,0.021147864944341146,-2.975567456774175,3.017863186662857,0.9989051072395053,0.06547448962629972,9.0,,,,charted,,,,
v1.1-reference,Comoros,2024,0.8577649179655854,0.021147864944341146,-2.975567456774175,3.017863186662857,0.9989051072395053,0.8375340630034944,9.0,,,,charted,,,,
v1.1-reference,Comoros,2025,-0.23460162454052172,0.021147864944341146,-2.975567456774175,3.017863186662857,0.9989051072395053,-0.2560298146754218,9.0,,,,charted,,,,
v1.1-reference,Comoros,2026,0.5381497080905284,0.021147864944341146,-2.975567456774175,3.017863186662857,0.9989051072395053,0.517568525177464,9.0,,,,charted,,,,
v1.1-reference,"Congo, Democratic Republic of",2020,-0.019250825434661275,-0.028563259704404115,-0.48741582329205935,0.43028930388325115,0.15295085452921842,0.06088514051396734,9.0,,,,charted,,,,
v1.1-reference,"Congo, Democratic Republic of",2021,0.4027015976043071,-0.028563259704404115,-0.48741582329205935,0.43028930388325115,0.15295085452921842,2.8196302572884684,9.0,,,,charted,,,,
v1.1-reference,"Congo, Democratic Republic of",2022,0.14269844885535943,-0.028563259704404115,-0.48741582329205935,0.43028930388325115,0.15295085452921842,1.1197172391544055,9.0,,,,charted,,,,
v1.1-reference,"Congo, Democratic Republic of",2023,0.7027380685042234,-0.028563259704404115,-0.48741582329205935,0.43028930388325115,0.15295085452921842,4.781283049771559,9.0,beyond_limits,medium,"Congo, Democratic Republic of FY2023: year-over-year change of +102% is above the expected range -39% to +54% (learned from FY2010-2019, where a typical year was -3%); that is 4.8 robust sigmas from the typical year (limits sit at 3), so 1.8 beyond the +54% limit.",charted,,,,
v1.1-reference,"Congo, Democratic Republic of",2024,-0.6752581817750808,-0.028563259704404115,-0.48741582329205935,0.43028930388325115,0.15295085452921842,-4.228122321128566,9.0,beyond_limits,medium,"Congo, Democratic Republic of FY2024: year-over-year change of -49% is below the expected range -39% to +54% (learned from FY2010-2019, where a typical year was -3%); that is 4.2 robust sigmas from the typical year (limits sit at 3), so 1.2 beyond the -39% limit.",charted,,,,
v1.1-reference,"Congo, Democratic Republic of",2025,0.5869985936714638,-0.028563259704404115,-0.48741582329205935,0.43028930388325115,0.15295085452921842,4.0245728294265675,9.0,beyond_limits,medium,"Congo, Democratic Republic of FY2025: year-over-year change of +80% is above the expected range -39% to +54% (learned from FY2010-2019, where a typical year was -3%); that is 4.0 robust sigmas from the typical year (limits sit at 3), so 1.0 beyond the +54% limit.",charted,,,,
v1.1-reference,"Congo, Democratic Republic of",2026,-0.3358867269238171,-0.028563259704404115,-0.48741582329205935,0.43028930388325115,0.15295085452921842,-2.0092955228354383,9.0,,,,charted,,,,
v1.1-reference,"Congo, Republic of",2020,0.23214024551729037,-0.027340850313599525,-1.4358716291120739,1.381189928484875,0.4695102595994915,0.5526633135817656,9.0,,,,charted,,,,
v1.1-reference,"Congo, Republic of",2021,0.7183382890786542,-0.027340850313599525,-1.4358716291120739,1.381189928484875,0.4695102595994915,1.5882062726985857,9.0,,,,charted,,,,
v1.1-reference,"Congo, Republic of",2022,-0.3256820006001634,-0.027340850313599525,-1.4358716291120739,1.381189928484875,0.4695102595994915,-0.63543052401253,9.0,,,,charted,,,,
v1.1-reference,"Congo, Republic of",2023,0.9525758673134287,-0.027340850313599525,-1.4358716291120739,1.381189928484875,0.4695102595994915,2.0871039505354605,9.0,,,,charted,,,,
v1.1-reference,"Congo, Republic of",2024,-0.16754854804033584,-0.027340850313599525,-1.4358716291120739,1.381189928484875,0.4695102595994915,-0.2986254184228867,9.0,,,,charted,,,,
v1.1-reference,"Congo, Republic of",2025,-0.7707815246760302,-0.027340850313599525,-1.4358716291120739,1.381189928484875,0.4695102595994915,-1.5834386132405527,9.0,,,,charted,,,,
v1.1-reference,"Congo, Republic of",2026,0.887981443119349,-0.027340850313599525,-1.4358716291120739,1.381189928484875,0.4695102595994915,1.9495256487339598,9.0,,,,charted,,,,
v1.1-reference,Cote d'Ivoire,2020,0.4424405086021292,0.2188341693390644,-0.5028404595453305,0.9405087982234593,0.24055820962813163,0.9295311085359672,9.0,,,,charted,,,,
v1.1-reference,Cote d'Ivoire,2021,0.4283172495475208,0.2188341693390644,-0.5028404595453305,0.9405087982234593,0.24055820962813163,0.8708207486757035,9.0,,,,charted,,,,
v1.1-reference,Cote d'Ivoire,2022,-0.5423944528686269,0.2188341693390644,-0.5028404595453305,0.9405087982234593,0.24055820962813163,-3.1644258717440623,9.0,beyond_limits,medium,"Cote d'Ivoire FY2022: year-over-year change of -42% is below the expected range -40% to +156% (learned from FY2010-2019, where a typical year was +24%); that is 3.2 robust sigmas from the typical year (limits sit at 3), so 0.2 beyond the -40% limit.",charted,,,,
v1.1-reference,Cote d'Ivoire,2023,0.8471718535599263,0.2188341693390644,-0.5028404595453305,0.9405087982234593,0.24055820962813163,2.611998506274974,9.0,,,,charted,,,,
v1.1-reference,Cote d'Ivoire,2024,0.04471714806086678,0.2188341693390644,-0.5028404595453305,0.9405087982234593,0.24055820962813163,-0.7238041118919095,9.0,,,,charted,,,,
v1.1-reference,Cote d'Ivoire,2025,0.23950267471726394,0.2188341693390644,-0.5028404595453305,0.9405087982234593,0.24055820962813163,0.08591893583740112,9.0,,,,charted,,,,
v1.1-reference,Cote d'Ivoire,2026,-0.5164613366529052,0.2188341693390644,-0.5028404595453305,0.9405087982234593,0.24055820962813163,-3.0566219591034978,9.0,beyond_limits,medium,"Cote d'Ivoire FY2026: year-over-year change of -40% is below the expected range -40% to +156% (learned from FY2010-2019, where a typical year was +24%); that is 3.1 robust sigmas from the typical year (limits sit at 3), so 0.1 beyond the -40% limit.",charted,,,,
v1.1-reference,Djibouti,2020,0.4586782859656708,0.14575678227076122,-1.1159562467260347,1.4074698112675572,0.4205710096655987,0.7440396425414995,9.0,,,,charted,,,,
v1.1-reference,Djibouti,2021,0.4979037697325174,0.14575678227076122,-1.1159562467260347,1.4074698112675572,0.4205710096655987,0.8373068503740966,9.0,,,,charted,,,,
v1.1-reference,Djibouti,2022,-0.28499405134743117,0.14575678227076122,-1.1159562467260347,1.4074698112675572,0.4205710096655987,-1.0242047685614084,9.0,,,,charted,,,,
v1.1-reference,Djibouti,2023,0.5110547199053793,0.14575678227076122,-1.1159562467260347,1.4074698112675572,0.4205710096655987,0.868576124457725,9.0,,,,charted,,,,
v1.1-reference,Djibouti,2024,-0.00012128699972318609,0.14575678227076122,-1.1159562467260347,1.4074698112675572,0.4205710096655987,-0.34685716779783254,9.0,,,,charted,,,,
v1.1-reference,Djibouti,2025,-0.11645564932560871,0.14575678227076122,-1.1159562467260347,1.4074698112675572,0.4205710096655987,-0.6234676798214369,9.0,,,,charted,,,,
v1.1-reference,Djibouti,2026,0.40311463794177654,0.14575678227076122,-1.1159562467260347,1.4074698112675572,0.4205710096655987,0.6119248587192061,9.0,,,,charted,,,,
v1.1-reference,Dominica,2020,1.3203683617787612,0.10007377452740845,-1.5250582135627266,1.7252057626175437,0.5417106626967118,2.252668576203678,9.0,,,,charted,,,,
v1.1-reference,Dominica,2021,1.0407386768383997,0.10007377452740845,-1.5250582135627266,1.7252057626175437,0.5417106626967118,1.7364710851882244,9.0,,,,charted,,,,
v1.1-reference,Dominica,2022,0.297328335470169,0.10007377452740845,-1.5250582135627266,1.7252057626175437,0.5417106626967118,0.3641326902461171,9.0,,,,charted,,,,
v1.1-reference,Dominica,2023,-0.7198666080820555,0.10007377452740845,-1.5250582135627266,1.7252057626175437,0.5417106626967118,-1.5136131501043115,9.0,,,,charted,,,,
v1.1-reference,Dominica,2024,-0.5005103869608443,0.10007377452740845,-1.5250582135627266,1.7252057626175437,0.5417106626967118,-1.108680708809497,9.0,,,,charted,,,,
v1.1-reference,Dominica,2025,1.6264412509333743,0.10007377452740845,-1.5250582135627266,1.7252057626175437,0.5417106626967118,2.8176803255219203,9.0,,,,charted,,,,
v1.1-reference,Dominica,2026,-1.8629865240144055,0.10007377452740845,-1.5250582135627266,1.7252057626175437,0.5417106626967118,-3.6238169815034174,9.0,beyond_limits,medium,"Dominica FY2026: year-over-year change of -84% is below the expected range -78% to +461% (learned from FY2010-2019, where a typical year was +11%); that is 3.6 robust sigmas from the typical year (limits sit at 3), so 0.6 beyond the -78% limit.",charted,,,,
v1.1-reference,Ethiopia,2020,-0.015215603341828424,0.035505692830694095,-0.666098392855653,0.7371097785170411,0.23386802856211567,-0.21687999203812025,9.0,,,,charted,,,,
v1.1-reference,Ethiopia,2021,-0.5639971753697377,0.035505692830694095,-0.666098392855653,0.7371097785170411,0.23386802856211567,-2.5634237902732524,9.0,,,,charted,,,,
v1.1-reference,Ethiopia,2022,-0.0003879171341566686,0.035505692830694095,-0.666098392855653,0.7371097785170411,0.23386802856211567,-0.1534780542066158,9.0,,,,charted,,,,
v1.1-reference,Ethiopia,2023,0.40643949078328356,0.035505692830694095,-0.666098392855653,0.7371097785170411,0.23386802856211567,1.5860816898880599,9.0,,,,charted,,,,
v1.1-reference,Ethiopia,2024,-0.07189891825907457,0.035505692830694095,-0.666098392855653,0.7371097785170411,0.23386802856211567,-0.45925307426637785,9.0,,,,charted,,,,
v1.1-reference,Ethiopia,2025,0.6407169188065943,0.035505692830694095,-0.666098392855653,0.7371097785170411,0.23386802856211567,2.5878322475154203,9.0,,,,charted,,,,
v1.1-reference,Ethiopia,2026,0.04136414915003589,0.035505692830694095,-0.666098392855653,0.7371097785170411,0.23386802856211567,0.025050265978471615,9.0,,,,charted,,,,
v1.1-reference,"Gambia, The",2020,0.25507842740770353,-0.1558129765981901,-2.3200138599157736,2.0083879067193937,0.7214002944391945,0.5695747661502055,9.0,,,,charted,,,,
v1.1-reference,"Gambia, The",2021,1.1285511695735286,-0.1558129765981901,-2.3200138599157736,2.0083879067193937,0.7214002944391945,1.7803765205975743,9.0,,,,charted,,,,
v1.1-reference,"Gambia, The",2022,-0.18457638362610732,-0.1558129765981901,-2.3200138599157736,2.0083879067193937,0.7214002944391945,-0.03987163194919049,9.0,,,,charted,,,,
v1.1-reference,"Gambia, The",2023,0.3245206331958142,-0.1558129765981901,-2.3200138599157736,2.0083879067193937,0.7214002944391945,0.665835062026705,9.0,,,,charted,,,,
v1.1-reference,"Gambia, The",2024,0.2927100236971455,-0.1558129765981901,-2.3200138599157736,2.0083879067193937,0.7214002944391945,0.6217394195049649,9.0,,,,charted,,,,
v1.1-reference,"Gambia, The",2025,-0.02363645999199855,-0.1558129765981901,-2.3200138599157736,2.0083879067193937,0.7214002944391945,0.18322215505739925,9.0,,,,charted,,,,
v1.1-reference,"Gambia, The",2026,0.012184560903466238,-0.1558129765981901,-2.3200138599157736,2.0083879067193937,0.7214002944391945,0.2328770015713052,9.0,,,,charted,,,,
v1.1-reference,Georgia,2020,-0.16344948407533164,-0.2866282881689661,-1.652358222118004,1.0791016457800717,0.45524331131634593,0.27057795475887453,9.0,,,,charted,,,,
v1.1-reference,Georgia,2021,1.0062987793388842,-0.2866282881689661,-1.652358222118004,1.0791016457800717,0.45524331131634593,2.840079217790864,9.0,,,,charted,,,,
v1.1-reference,Georgia,2022,-0.5461596810269141,-0.2866282881689661,-1.652358222118004,1.0791016457800717,0.45524331131634593,-0.5700938078749743,9.0,,,,charted,,,,
v1.1-reference,Georgia,2023,-0.07678510974414517,-0.2866282881689661,-1.652358222118004,1.0791016457800717,0.45524331131634593,0.4609473070961875,9.0,,,,charted,,,,
v1.1-reference,Georgia,2024,-1.0272244458107511,-0.2866282881689661,-1.652358222118004,1.0791016457800717,0.45524331131634593,-1.626813923965923,9.0,,,,charted,,,,
v1.1-reference,Georgia,2025,-0.0033957376094908894,-0.2866282881689661,-1.652358222118004,1.0791016457800717,0.45524331131634593,0.6221564238703522,9.0,,,,charted,,,,
v1.1-reference,Georgia,2026,0.0,-0.2866282881689661,-1.652358222118004,1.0791016457800717,0.45524331131634593,0.629615594658984,9.0,,,,charted,,,,
v1.1-reference,Ghana,2020,0.7454868030446641,-0.018789661982350537,-0.96907538363667,0.9314960596719689,0.3167619072181065,2.412778959879074,9.0,,,,charted,,,,
v1.1-reference,Ghana,2021,0.1864379299892631,-0.018789661982350537,-0.96907538363667,0.9314960596719689,0.3167619072181065,0.6478922726977525,9.0,,,,charted,,,,
v1.1-reference,Ghana,2022,0.09733359979477627,-0.018789661982350537,-0.96907538363667,0.9314960596719689,0.3167619072181065,0.36659478027820463,9.0,,,,charted,,,,
v1.1-reference,Ghana,2023,0.09851763936003824,-0.018789661982350537,-0.96907538363667,0.9314960596719689,0.3167619072181065,0.3703327283656516,9.0,,,,charted,,,,
v1.1-reference,Ghana,2024,0.7053817633702293,-0.018789661982350537,-0.96907538363667,0.9314960596719689,0.3167619072181065,2.2861695451718296,9.0,,,,charted,,,,
v1.1-reference,Ghana,2025,-0.3829054982545488,-0.018789661982350537,-0.96907538363667,0.9314960596719689,0.3167619072181065,-1.149493761639357,9.0,,,,charted,,,,
v1.1-reference,Ghana,2026,-0.38267342303810326,-0.018789661982350537,-0.96907538363667,0.9314960596719689,0.3167619072181065,-1.1487611128859647,9.0,,,,charted,,,,
v1.1-reference,Grenada,2020,-0.2745403561049767,0.07307193452161025,-2.402579293255548,2.548723162298769,0.8252170759257195,-0.4212373940961404,9.0,,,,charted,,,,
v1.1-reference,Grenada,2021,0.33920339310353465,0.07307193452161025,-2.402579293255548,2.548723162298769,0.8252170759257195,0.3224987295414131,9.0,,,,charted,,,,
v1.1-reference,Grenada,2022,-0.28169847158387007,0.07307193452161025,-2.402579293255548,2.548723162298769,0.8252170759257195,-0.42991161532558303,9.0,,,,charted,,,,
v1.1-reference,Grenada,2023,-1.8386622724624395,0.07307193452161025,-2.402579293255548,2.548723162298769,0.8252170759257195,-2.3166440234401198,9.0,,,,charted,,,,
v1.1-reference,Grenada,2024,2.2960311921261956,0.07307193452161025,-2.402579293255548,2.548723162298769,0.8252170759257195,2.6937872742282916,9.0,,,,charted,,,,
v1.1-reference,Grenada,2025,-0.43617217107712614,0.07307193452161025,-2.402579293255548,2.548723162298769,0.8252170759257195,-0.6171032089071495,9.0,,,,charted,,,,
v1.1-reference,Grenada,2026,-0.5449375292805191,0.07307193452161025,-2.402579293255548,2.548723162298769,0.8252170759257195,-0.7489053266485707,9.0,,,,charted,,,,
v1.1-reference,Guinea,2020,0.13770871765369427,-0.20838864224278095,-4.460219217298105,4.043441932812543,1.4172768583517747,0.2441988365625118,9.0,,,,charted,,,,
v1.1-reference,Guinea,2021,0.41477145133018417,-0.20838864224278095,-4.460219217298105,4.043441932812543,1.4172768583517747,0.4396883289956985,9.0,,,,charted,,,,
v1.1-reference,Guinea,2022,-1.210375691200935,-0.20838864224278095,-4.460219217298105,4.043441932812543,1.4172768583517747,-0.7069804626058857,9.0,,,,charted,,,,
v1.1-reference,Guinea,2023,0.4057298004176673,-0.20838864224278095,-4.460219217298105,4.043441932812543,1.4172768583517747,0.43330873501641637,9.0,,,,charted,,,,
v1.1-reference,Guinea,2024,0.3518166772947019,-0.20838864224278095,-4.460219217298105,4.043441932812543,1.4172768583517747,0.3952687975086074,9.0,,,,charted,,,,
v1.1-reference,Guinea,2025,0.26819525440983033,-0.20838864224278095,-4.460219217298105,4.043441932812543,1.4172768583517747,0.33626732408998444,9.0,,,,charted,,,,
v1.1-reference,Guinea,2026,-0.30363456990023924,-0.20838864224278095,-4.460219217298105,4.043441932812543,1.4172768583517747,-0.06720347340478328,9.0,,,,charted,,,,
v1.1-reference,Guinea-Bissau,2020,-0.4594484477397175,0.528617007121462,-1.503367945066801,2.560601959309725,0.6773283173960877,-1.4587688562316214,9.0,,,,charted,,,,
v1.1-reference,Guinea-Bissau,2021,-0.03476265749991473,0.528617007121462,-1.503367945066801,2.560601959309725,0.6773283173960877,-0.8317674754648178,9.0,,,,charted,,,,
v1.1-reference,Guinea-Bissau,2022,0.11969728512868856,0.528617007121462,-1.503367945066801,2.560601959309725,0.6773283173960877,-0.6037245328304288,9.0,,,,charted,,,,
v1.1-reference,Guinea-Bissau,2023,0.04859939430606913,0.528617007121462,-1.503367945066801,2.560601959309725,0.6773283173960877,-0.708692668661435,9.0,,,,charted,,,,
v1.1-reference,Guinea-Bissau,2024,0.022666192834329336,0.528617007121462,-1.503367945066801,2.560601959309725,0.6773283173960877,-0.7469801590936039,9.0,,,,charted,,,,
v1.1-reference,Guinea-Bissau,2025,0.48460643511744356,0.528617007121462,-1.503367945066801,2.560601959309725,0.6773283173960877,-0.06497671937475183,9.0,,,,charted,,,,
v1.1-reference,Guinea-Bissau,2026,-0.15310582621501145,0.528617007121462,-1.503367945066801,2.560601959309725,0.6773283173960877,-1.0064880144938868,9.0,,,,charted,,,,
v1.1-reference,Guyana,2020,-1.5124248639045503,0.2994305144382892,-1.7131768930063422,2.312037921882921,0.6708691358148772,-2.7007582874446197,9.0,,,,charted,,,,
v1.1-reference,Guyana,2021,-0.23402475401127287,0.2994305144382892,-1.7131768930063422,2.312037921882921,0.6708691358148772,-0.7951703841638146,9.0,,,,charted,,,,
v1.1-reference,Guyana,2022,0.4951577631338717,0.2994305144382892,-1.7131768930063422,2.312037921882921,0.6708691358148772,0.2917517564104967,9.0,,,,charted,,,,
v1.1-reference,Guyana,2023,1.2041447721226672,0.2994305144382892,-1.7131768930063422,2.312037921882921,0.6708691358148772,1.34857039828708,9.0,,,,charted,,,,
v1.1-reference,Guyana,2024,0.49753478297004583,0.2994305144382892,-1.7131768930063422,2.312037921882921,0.6708691358148772,0.2952949509163624,9.0,,,,charted,,,,
v1.1-reference,Guyana,2025,-2.6135948022509754,0.2994305144382892,-1.7131768930063422,2.312037921882921,0.6708691358148772,-4.342166245509167,9.0,beyond_limits,medium,"Guyana FY2025: year-over-year change of -93% is below the expected range -82% to +909% (learned from FY2010-2019, where a typical year was +35%); that is 4.3 robust sigmas from the typical year (limits sit at 3), so 1.3 beyond the -82% limit.",charted,,,,
v1.1-reference,Guyana,2026,1.9328449279613875,0.2994305144382892,-1.7131768930063422,2.312037921882921,0.6708691358148772,2.4347735293248465,9.0,,,,charted,,,,
v1.1-reference,Haiti,2020,-0.022857670207492766,0.11136283993049326,-0.319108190155441,0.5418338700164275,0.14349034336197808,-0.9353975117293617,9.0,,,,charted,,,,
v1.1-reference,Haiti,2021,0.01881534825300301,0.11136283993049326,-0.319108190155441,0.5418338700164275,0.14349034336197808,-0.6449736582204972,9.0,,,,charted,,,,
v1.1-reference,Haiti,2022,0.19574840855552056,0.11136283993049326,-0.319108190155441,0.5418338700164275,0.14349034336197808,0.5880923179070718,9.0,,,,charted,,,,
v1.1-reference,Haiti,2023,-0.6058156591390644,0.11136283993049326,-0.319108190155441,0.5418338700164275,0.14349034336197808,-4.998095915488588,9.0,beyond_limits,medium,"Haiti FY2023: year-over-year change of -45% is below the expected range -27% to +72% (learned from FY2010-2019, where a typical year was +12%); that is 5.0 robust sigmas from the typical year (limits sit at 3), so 2.0 beyond the -27% limit.",charted,,,,
v1.1-reference,Haiti,2024,0.7706173014528861,0.11136283993049326,-0.319108190155441,0.5418338700164275,0.14349034336197808,4.594416920860763,9.0,beyond_limits,medium,"Haiti FY2024: year-over-year change of +116% is above the expected range -27% to +72% (learned from FY2010-2019, where a typical year was +12%); that is 4.6 robust sigmas from the typical year (limits sit at 3), so 1.6 beyond the +72% limit.",charted,,,,
v1.1-reference,Haiti,2025,-0.05039885255499792,0.11136283993049326,-0.319108190155441,0.5418338700164275,0.14349034336197808,-1.1273350435675005,9.0,,,,charted,,,,
v1.1-reference,Haiti,2026,-0.033792381066161434,0.11136283993049326,-0.319108190155441,0.5418338700164275,0.14349034336197808,-1.011602715525439,9.0,,,,charted,,,,
v1.1-reference,Honduras,2020,2.20128320379601,-0.1493331468281519,-1.76468663029365,1.4660203366373463,0.538451161155166,4.365514498253226,9.0,beyond_limits,medium,"Honduras FY2020: year-over-year change of +804% is above the expected range -83% to +333% (learned from FY2010-2019, where a typical year was -14%); that is 4.4 robust sigmas from the typical year (limits sit at 3), so 1.4 beyond the +333% limit.",charted,,,,
v1.1-reference,Honduras,2021,-1.2701908507903712,-0.1493331468281519,-1.76468663029365,1.4660203366373463,0.538451161155166,-2.0816329963103573,9.0,,,,charted,,,,
v1.1-reference,Honduras,2022,0.42158422597103895,-0.1493331468281519,-1.76468663029365,1.4660203366373463,0.538451161155166,1.0602955550775923,9.0,,,,charted,,,,
v1.1-reference,Honduras,2023,-0.7596623116549295,-0.1493331468281519,-1.76468663029365,1.4660203366373463,0.538451161155166,-1.1334902937481055,9.0,,,,charted,,,,
v1.1-reference,Honduras,2024,1.3778205909503716,-0.1493331468281519,-1.76468663029365,1.4660203366373463,0.538451161155166,2.8361973154672833,9.0,,,,charted,,,,
v1.1-reference,Honduras,2025,0.6812830617978116,-0.1493331468281519,-1.76468663029365,1.4660203366373463,0.538451161155166,1.5426026881323858,9.0,,,,charted,,,,
v1.1-reference,Honduras,2026,-0.005465776913618994,-0.1493331468281519,-1.76468663029365,1.4660203366373463,0.538451161155166,0.2671874076859396,9.0,,,,charted,,,,
v1.1-reference,India,2020,0.5825996956930878,-0.07226966962325158,-0.7292684545700319,0.5847291153235288,0.2189995949822601,2.990276604709641,9.0,,,,charted,,,,
v1.1-reference,India,2021,-0.3580871393676579,-0.07226966962325158,-0.7292684545700319,0.5847291153235288,0.2189995949822601,-1.3051050152287211,9.0,,,,charted,,,,
v1.1-reference,India,2022,-0.6031387233595273,-0.07226966962325158,-0.7292684545700319,0.5847291153235288,0.2189995949822601,-2.4240640891563223,9.0,,,,charted,,,,
v1.1-reference,India,2023,-0.5272014126406377,-0.07226966962325158,-0.7292684545700319,0.5847291153235288,0.2189995949822601,-2.0773177368398215,9.0,,,,charted,,,,
v1.1-reference,India,2024,-0.38373715843559947,-0.07226966962325158,-0.7292684545700319,0.5847291153235288,0.2189995949822601,-1.42222860657609,9.0,,,,charted,,,,
v1.1-reference,India,2025,-0.44408064656575585,-0.07226966962325158,-0.7292684545700319,0.5847291153235288,0.2189995949822601,-1.6977701578517648,9.0,,,,charted,,,,
v1.1-reference,India,2026,-0.7442564983650933,-0.07226966962325158,-0.7292684545700319,0.5847291153235288,0.2189995949822601,-3.068438682712064,9.0,beyond_limits,medium,"India FY2026: year-over-year change of -52% is below the expected range -52% to +79% (learned from FY2010-2019, where a typical year was -7%); that is 3.1 robust sigmas from the typical year (limits sit at 3), so 0.1 beyond the -52% limit.",charted,,,,
v1.1-reference,Iraq,2020,0.0,0.0,-1.6978943131211106,1.6978943131211106,0.5659647710403702,0.0,9.0,,,,charted,,,,
v1.1-reference,Iraq,2021,0.0,0.0,-1.6978943131211106,1.6978943131211106,0.5659647710403702,0.0,9.0,,,,charted,,,,
v1.1-reference,Iraq,2022,0.0,0.0,-1.6978943131211106,1.6978943131211106,0.5659647710403702,0.0,9.0,,,,charted,,,,
v1.1-reference,Iraq,2023,0.0,0.0,-1.6978943131211106,1.6978943131211106,0.5659647710403702,0.0,9.0,,,,charted,,,,
v1.1-reference,Iraq,2024,0.0,0.0,-1.6978943131211106,1.6978943131211106,0.5659647710403702,0.0,9.0,,,,charted,,,,
v1.1-reference,Iraq,2025,0.0,0.0,-1.6978943131211106,1.6978943131211106,0.5659647710403702,0.0,9.0,,,,charted,,,,
v1.1-reference,Iraq,2026,0.0,0.0,-1.6978943131211106,1.6978943131211106,0.5659647710403702,0.0,9.0,,,,charted,,,,
v1.1-reference,Kenya,2020,0.3035517075227205,0.11834422869059924,-0.20283268825044737,0.43952114563164585,0.10705897231368221,1.7299575629164863,9.0,,,,charted,,,,
v1.1-reference,Kenya,2021,-0.28011060419481315,0.11834422869059924,-0.20283268825044737,0.43952114563164585,0.10705897231368221,-3.721825684240102,9.0,beyond_limits,medium,"Kenya FY2021: year-over-year change of -24% is below the expected range -18% to +55% (learned from FY2010-2019, where a typical year was +13%); that is 3.7 robust sigmas from the typical year (limits sit at 3), so 0.7 beyond the -18% limit.",charted,,,,
v1.1-reference,Kenya,2022,-0.303667404858325,0.11834422869059924,-0.20283268825044737,0.43952114563164585,0.10705897231368221,-3.9418614286006077,9.0,beyond_limits,medium,"Kenya FY2022: year-over-year change of -26% is below the expected range -18% to +55% (learned from FY2010-2019, where a typical year was +13%); that is 3.9 robust sigmas from the typical year (limits sit at 3), so 0.9 beyond the -18% limit.",charted,,,,
v1.1-reference,Kenya,2023,0.09418574733267154,0.11834422869059924,-0.20283268825044737,0.43952114563164585,0.10705897231368221,-0.22565583094841857,9.0,,,,charted,,,,
v1.1-reference,Kenya,2024,-0.05763495354235354,0.11834422869059924,-0.20283268825044737,0.43952114563164585,0.10705897231368221,-1.643759307882526,9.0,,,,charted,,,,
v1.1-reference,Kenya,2025,-0.3069473755430109,0.11834422869059924,-0.20283268825044737,0.43952114563164585,0.10705897231368221,-3.9724984748359815,9.0,beyond_limits,medium,"Kenya FY2025: year-over-year change of -26% is below the expected range -18% to +55% (learned from FY2010-2019, where a typical year was +13%); that is 4.0 robust sigmas from the typical year (limits sit at 3), so 1.0 beyond the -18% limit.",charted,,,,
v1.1-reference,Kenya,2026,0.5344445558575208,0.11834422869059924,-0.20283268825044737,0.43952114563164585,0.10705897231368221,3.8866460061633124,9.0,beyond_limits,medium,"Kenya FY2026: year-over-year change of +71% is above the expected range -18% to +55% (learned from FY2010-2019, where a typical year was +13%); that is 3.9 robust sigmas from the typical year (limits sit at 3), so 0.9 beyond the +55% limit.",charted,,,,
v1.1-reference,Kiribati,2020,-2.07411941139899,0.2666642279007106,-1.8045544692935127,2.337882925094934,0.6904062323980744,-3.390443958144995,8.0,beyond_limits,medium,"Kiribati FY2020: year-over-year change of -87% is below the expected range -84% to +936% (learned from FY2010-2019, where a typical year was +31%); that is 3.4 robust sigmas from the typical year (limits sit at 3), so 0.4 beyond the -84% limit.",charted,,,,
v1.1-reference,Kiribati,2021,0.2719034426920942,0.2666642279007106,-1.8045544692935127,2.337882925094934,0.6904062323980744,0.007588597184567116,8.0,,,,charted,,,,
v1.1-reference,Kiribati,2022,1.0433157618678168,0.2666642279007106,-1.8045544692935127,2.337882925094934,0.6904062323980744,1.1249196451623347,8.0,,,,charted,,,,
v1.1-reference,Kiribati,2023,0.29290160355262085,0.2666642279007106,-1.8045544692935127,2.337882925094934,0.6904062323980744,0.03800280823186763,8.0,,,,charted,,,,
v1.1-reference,Kiribati,2024,0.9062079721601354,0.2666642279007106,-1.8045544692935127,2.337882925094934,0.6904062323980744,0.9263296219647632,8.0,,,,charted,,,,
v1.1-reference,Kiribati,2025,-0.039592490746095374,0.2666642279007106,-1.8045544692935127,2.337882925094934,0.6904062323980744,-0.4435891570431602,8.0,,,,charted,,,,
v1.1-reference,Kiribati,2026,0.8976188653724065,0.2666642279007106,-1.8045544692935127,2.337882925094934,0.6904062323980744,0.9138889654575135,8.0,,,,charted,,,,
v1.1-reference,Kosovo,2020,-0.16324323194615256,-0.1298309914075522,-0.9132492108160568,0.6535872280009525,0.26113940646950157,-0.12794790717464,9.0,,,,charted,,,,
v1.1-reference,Kosovo,2021,2.020779247883852,-0.1298309914075522,-0.9132492108160568,0.6535872280009525,0.26113940646950157,8.235487199602614,9.0,beyond_limits,high,"Kosovo FY2021: year-over-year change of +654% is above the expected range -60% to +92% (learned from FY2010-2019, where a typical year was -12%); that is 8.2 robust sigmas from the typical year (limits sit at 3), so 5.2 beyond the +92% limit.",charted,,,,
v1.1-reference,Kosovo,2022,-1.1099250484975256,-0.1298309914075522,-0.9132492108160568,0.6535872280009525,0.26113940646950157,-3.753144997687044,9.0,beyond_limits,medium,"Kosovo FY2022: year-over-year change of -67% is below the expected range -60% to +92% (learned from FY2010-2019, where a typical year was -12%); that is 3.8 robust sigmas from the typical year (limits sit at 3), so 0.8 beyond the -60% limit.",charted,,,,
v1.1-reference,Kosovo,2023,1.0361711680593584,-0.1298309914075522,-0.9132492108160568,0.6535872280009525,0.26113940646950157,4.465056328459902,9.0,beyond_limits,medium,"Kosovo FY2023: year-over-year change of +182% is above the expected range -60% to +92% (learned from FY2010-2019, where a typical year was -12%); that is 4.5 robust sigmas from the typical year (limits sit at 3), so 1.5 beyond the +92% limit.",charted,,,,
v1.1-reference,Kosovo,2024,-1.1861555300342945,-0.1298309914075522,-0.9132492108160568,0.6535872280009525,0.26113940646950157,-4.04505988930518,9.0,beyond_limits,medium,"Kosovo FY2024: year-over-year change of -69% is below the expected range -60% to +92% (learned from FY2010-2019, where a typical year was -12%); that is 4.0 robust sigmas from the typical year (limits sit at 3), so 1.0 beyond the -60% limit.",charted,,,,
v1.1-reference,Kosovo,2025,-0.2086684859914784,-0.1298309914075522,-0.9132492108160568,0.6535872280009525,0.26113940646950157,-0.30189811507109177,9.0,,,,charted,,,,
v1.1-reference,Kosovo,2026,1.7578011594513925,-0.1298309914075522,-0.9132492108160568,0.6535872280009525,0.26113940646950157,7.228446201892555,9.0,beyond_limits,high,"Kosovo FY2026: year-over-year change of +480% is above the expected range -60% to +92% (learned from FY2010-2019, where a typical year was -12%); that is 7.2 robust sigmas from the typical year (limits sit at 3), so 4.2 beyond the +92% limit.",charted,,,,
v1.1-reference,Kyrgyz Republic,2020,-0.1605949440523756,0.014774098122750356,-0.5823649008641136,0.6119130971096143,0.19904633299562133,-0.8810463349705807,9.0,,,,charted,,,,
v1.1-reference,Kyrgyz Republic,2021,0.0072746313839584355,0.014774098122750356,-0.5823649008641136,0.6119130971096143,0.19904633299562133,-0.03767699020587782,9.0,,,,charted,,,,
v1.1-reference,Kyrgyz Republic,2022,0.5102438961724652,0.014774098122750356,-0.5823649008641136,0.6119130971096143,0.19904633299562133,2.4892184176063887,9.0,,,,charted,,,,
v1.1-reference,Kyrgyz Republic,2023,0.6343713908903948,0.014774098122750356,-0.5823649008641136,0.6119130971096143,0.19904633299562133,3.1128294776537007,9.0,beyond_limits,medium,"Kyrgyz Republic FY2023: year-over-year change of +89% is above the expected range -44% to +84% (learned from FY2010-2019, where a typical year was +1%); that is 3.1 robust sigmas from the typical year (limits sit at 3), so 0.1 beyond the +84% limit.",charted,,,,
v1.1-reference,Kyrgyz Republic,2024,0.08979166419453861,0.014774098122750356,-0.5823649008641136,0.6119130971096143,0.19904633299562133,0.3768849440368164,9.0,,,,charted,,,,
v1.1-reference,Kyrgyz Republic,2025,-0.040132431005483166,0.014774098122750356,-0.5823649008641136,0.6119130971096143,0.19904633299562133,-0.27584798123078896,9.0,,,,charted,,,,
v1.1-reference,Kyrgyz Republic,2026,0.4020555940573226,0.014774098122750356,-0.5823649008641136,0.6119130971096143,0.19904633299562133,1.9456851583550234,9.0,,,,charted,,,,
v1.1-reference,Lao People's Democratic Republic,2020,-0.30419471904823675,0.20751607921038867,-1.2401411406220637,1.6551732990428412,0.4825524066108175,-1.0604253367061216,9.0,,,,charted,,,,
v1.1-reference,Lao People's Democratic Republic,2021,-0.06689680409474981,0.20751607921038867,-1.2401411406220637,1.6551732990428412,0.4825524066108175,-0.5686695984638508,9.0,,,,charted,,,,
v1.1-reference,Lao People's Democratic Republic,2022,0.35100205258628253,0.20751607921038867,-1.2401411406220637,1.6551732990428412,0.4825524066108175,0.2973479593308017,9.0,,,,charted,,,,
v1.1-reference,Lao People's Democratic Republic,2023,0.2168047478571656,0.20751607921038867,-1.2401411406220637,1.6551732990428412,0.4825524066108175,0.019249036000080145,9.0,,,,charted,,,,
v1.1-reference,Lao People's Democratic Republic,2024,-0.047869202731879903,0.20751607921038867,-1.2401411406220637,1.6551732990428412,0.4825524066108175,-0.5292384380298799,9.0,,,,charted,,,,
v1.1-reference,Lao People's Democratic Republic,2025,0.3121711727146502,0.20751607921038867,-1.2401411406220637,1.6551732990428412,0.4825524066108175,0.216878192027476,9.0,,,,charted,,,,
v1.1-reference,Lao People's Democratic Republic,2026,-0.04514577142462918,0.20751607921038867,-1.2401411406220637,1.6551732990428412,0.4825524066108175,-0.5235946338130932,9.0,,,,charted,,,,
v1.1-reference,Lesotho,2020,0.36180348214393293,0.11875721402783773,-2.140934125198497,2.3784485532541724,0.7532304464087782,0.3226718586255792,9.0,,,,charted,,,,
v1.1-reference,Lesotho,2021,-0.24917459058794053,0.11875721402783773,-2.140934125198497,2.3784485532541724,0.7532304464087782,-0.48847176368133904,9.0,,,,charted,,,,
v1.1-reference,Lesotho,2022,0.2218939161413964,0.11875721402783773,-2.140934125198497,2.3784485532541724,0.7532304464087782,0.13692582742146134,9.0,,,,charted,,,,
v1.1-reference,Lesotho,2023,0.06792092734900398,0.11875721402783773,-2.140934125198497,2.3784485532541724,0.7532304464087782,-0.06749101409961446,9.0,,,,charted,,,,
v1.1-reference,Lesotho,2024,0.1077124870658628,0.11875721402783773,-2.140934125198497,2.3784485532541724,0.7532304464087782,-0.014663144612161576,9.0,,,,charted,,,,
v1.1-reference,Lesotho,2025,0.3452016320949003,0.11875721402783773,-2.140934125198497,2.3784485532541724,0.7532304464087782,0.3006309943347287,9.0,,,,charted,,,,
v1.1-reference,Lesotho,2026,-0.004658373237844094,0.11875721402783773,-2.140934125198497,2.3784485532541724,0.7532304464087782,-0.16384837847978356,9.0,,,,charted,,,,
v1.1-reference,Liberia,2020,0.2721182828623969,0.0361600948639303,-1.4398812190513455,1.512201408779206,0.4920137713050919,0.47957638944246495,9.0,,,,charted,,,,
v1.1-reference,Liberia,2021,-0.3270463236842015,0.0361600948639303,-1.4398812190513455,1.512201408779206,0.4920137713050919,-0.738203765282236,9.0,,,,charted,,,,
v1.1-reference,Liberia,2022,0.3956999515294912,0.0361600948639303,-1.4398812190513455,1.512201408779206,0.4920137713050919,0.730751612321466,9.0,,,,charted,,,,
v1.1-reference,Liberia,2023,-0.007165917841298358,0.0361600948639303,-1.4398812190513455,1.512201408779206,0.4920137713050919,-0.08805853663466406,9.0,,,,charted,,,,
v1.1-reference,Liberia,2024,0.2671861607420808,0.0361600948639303,-1.4398812190513455,1.512201408779206,0.4920137713050919,0.4695520315729008,9.0,,,,charted,,,,
v1.1-reference,Liberia,2025,-0.07782658597245039,0.0361600948639303,-1.4398812190513455,1.512201408779206,0.4920137713050919,-0.23167376094783923,9.0,,,,charted,,,,
v1.1-reference,Liberia,2026,-0.343578731710206,0.0361600948639303,-1.4398812190513455,1.512201408779206,0.4920137713050919,-0.771805280097871,9.0,,,,charted,,,,
v1.1-reference,Madagascar,2020,0.7598637680638938,0.17977757059134222,-0.4772648443824381,0.8368199855651226,0.21901413832459343,2.648624430870419,9.0,,,,charted,,,,
v1.1-reference,Madagascar,2021,-0.08036470821800877,0.17977757059134222,-0.4772648443824381,0.8368199855651226,0.21901413832459343,-1.187787604943581,9.0,,,,charted,,,,
v1.1-reference,Madagascar,2022,0.06921880041966147,0.17977757059134222,-0.4772648443824381,0.8368199855651226,0.21901413832459343,-0.5048019777053175,9.0,,,,charted,,,,
v1.1-reference,Madagascar,2023,0.24834411504196954,0.17977757059134222,-0.4772648443824381,0.8368199855651226,0.21901413832459343,0.3130690327809211,9.0,,,,charted,,,,
v1.1-reference,Madagascar,2024,0.3306454855354405,0.17977757059134222,-0.4772648443824381,0.8368199855651226,0.21901413832459343,0.6888501176143342,9.0,,,,charted,,,,
v1.1-reference,Madagascar,2025,-0.253944603038908,0.17977757059134222,-0.4772648443824381,0.8368199855651226,0.21901413832459343,-1.9803386984425877,9.0,,,,charted,,,,
v1.1-reference,Madagascar,2026,0.44291680174102815,0.17977757059134222,-0.4772648443824381,0.8368199855651226,0.21901413832459343,1.2014714354180014,9.0,,,,charted,,,,
v1.1-reference,Malawi,2020,-0.35887031978598766,-0.07966444616227368,-1.7163896556453813,1.5570607633208338,0.5455750698277025,-0.5117643548336798,9.0,,,,charted,,,,
v1.1-reference,Malawi,2021,0.4251426948769509,-0.07966444616227368,-1.7163896556453813,1.5570607633208338,0.5455750698277025,0.9252753084898969,9.0,,,,charted,,,,
v1.1-reference,Malawi,2022,0.5090053916635158,-0.07966444616227368,-1.7163896556453813,1.5570607633208338,0.5455750698277025,1.0789896210098027,9.0,,,,charted,,,,
v1.1-reference,Malawi,2023,0.3634274405413236,-0.07966444616227368,-1.7163896556453813,1.5570607633208338,0.5455750698277025,0.8121556706092338,9.0,,,,charted,,,,
v1.1-reference,Malawi,2024,0.24890931337593605,-0.07966444616227368,-1.7163896556453813,1.5570607633208338,0.5455750698277025,0.6022521513711692,9.0,,,,charted,,,,
v1.1-reference,Malawi,2025,-0.207623150274634,-0.07966444616227368,-1.7163896556453813,1.5570607633208338,0.5455750698277025,-0.23453913345558627,9.0,,,,charted,,,,
v1.1-reference,Malawi,2026,-0.33778498981716865,-0.07966444616227368,-1.7163896556453813,1.5570607633208338,0.5455750698277025,-0.47311645624938786,9.0,,,,charted,,,,
v1.1-reference,Maldives,2020,2.053353145565148,-0.24328062878948226,-2.300915960168685,1.8143547025897204,0.6858784437930675,3.3484559766213247,9.0,beyond_limits,medium,"Maldives FY2020: year-over-year change of +679% is above the expected range -90% to +514% (learned from FY2010-2019, where a typical year was -22%); that is 3.3 robust sigmas from the typical year (limits sit at 3), so 0.3 beyond the +514% limit.",charted,,,,
v1.1-reference,Maldives,2021,-0.011053662977907561,-0.24328062878948226,-2.300915960168685,1.8143547025897204,0.6858784437930675,0.3385832692558546,9.0,,,,charted,,,,
v1.1-reference,Maldives,2022,-0.8472510971418897,-0.24328062878948226,-2.300915960168685,1.8143547025897204,0.6858784437930675,-0.8805794580921804,9.0,,,,charted,,,,
v1.1-reference,Maldives,2023,-0.26411988143089593,-0.24328062878948226,-2.300915960168685,1.8143547025897204,0.6858784437930675,-0.030383303091095493,9.0,,,,charted,,,,
v1.1-reference,Maldives,2024,0.3155772279805838,-0.24328062878948226,-2.300915960168685,1.8143547025897204,0.6858784437930675,0.8148059788545795,9.0,,,,charted,,,,
v1.1-reference,Maldives,2025,-0.722137570895634,-0.24328062878948226,-2.300915960168685,1.8143547025897204,0.6858784437930675,-0.6981659016107306,9.0,,,,charted,,,,
v1.1-reference,Maldives,2026,1.7205675404780225,-0.24328062878948226,-2.300915960168685,1.8143547025897204,0.6858784437930675,2.8632597904768184,9.0,,,,charted,,,,
v1.1-reference,Mali,2020,0.5990733586524836,-0.08263330695641445,-0.6786706490099309,0.513404035097102,0.1986791140178388,3.43119441104257,9.0,beyond_limits,medium,"Mali FY2020: year-over-year change of +82% is above the expected range -49% to +67% (learned from FY2010-2019, where a typical year was -8%); that is 3.4 robust sigmas from the typical year (limits sit at 3), so 0.4 beyond the +67% limit.",charted,,,,
v1.1-reference,Mali,2021,-0.635546666948256,-0.08263330695641445,-0.6786706490099309,0.513404035097102,0.1986791140178388,-2.7829465755630314,9.0,,,,charted,,,,
v1.1-reference,Mali,2022,-0.4602063156454167,-0.08263330695641445,-0.6786706490099309,0.513404035097102,0.1986791140178388,-1.9004162090993675,9.0,,,,charted,,,,
v1.1-reference,Mali,2023,0.7212980734902473,-0.08263330695641445,-0.6786706490099309,0.513404035097102,0.1986791140178388,4.046380941554225,9.0,beyond_limits,medium,"Mali FY2023: year-over-year change of +106% is above the expected range -49% to +67% (learned from FY2010-2019, where a typical year was -8%); that is 4.0 robust sigmas from the typical year (limits sit at 3), so 1.0 beyond the +67% limit.",charted,,,,
v1.1-reference,Mali,2024,-0.1253190121774041,-0.08263330695641445,-0.6786706490099309,0.513404035097102,0.1986791140178388,-0.2148474711698031,9.0,,,,charted,,,,
v1.1-reference,Mali,2025,0.07015130186041814,-0.08263330695641445,-0.6786706490099309,0.513404035097102,0.1986791140178388,0.7690018629895568,9.0,,,,charted,,,,
v1.1-reference,Mali,2026,0.181524919868303,-0.08263330695641445,-0.6786706490099309,0.513404035097102,0.1986791140178388,1.3295722005333659,9.0,,,,charted,,,,
v1.1-reference,Mauritania,2020,0.9080437492028611,-0.14619289631739796,-1.0929440438014753,0.8005582511666793,0.31558371582802575,3.340592662565501,9.0,beyond_limits,medium,"Mauritania FY2020: year-over-year change of +148% is above the expected range -66% to +123% (learned from FY2010-2019, where a typical year was -14%); that is 3.3 robust sigmas from the typical year (limits sit at 3), so 0.3 beyond the +123% limit.",charted,,,,
v1.1-reference,Mauritania,2021,0.43802171551263336,-0.14619289631739796,-1.0929440438014753,0.8005582511666793,0.31558371582802575,1.8512191299135135,9.0,,,,charted,,,,
v1.1-reference,Mauritania,2022,-0.25702224705751364,-0.14619289631739796,-1.0929440438014753,0.8005582511666793,0.31558371582802575,-0.35118843331102373,9.0,,,,charted,,,,
v1.1-reference,Mauritania,2023,-0.009898866040460842,-0.14619289631739796,-1.0929440438014753,0.8005582511666793,0.31558371582802575,0.431879160555956,9.0,,,,charted,,,,
v1.1-reference,Mauritania,2024,-0.02977283021456852,-0.14619289631739796,-1.0929440438014753,0.8005582511666793,0.31558371582802575,0.3689039081036469,9.0,,,,charted,,,,
v1.1-reference,Mauritania,2025,0.1653158025151036,-0.14619289631739796,-1.0929440438014753,0.8005582511666793,0.31558371582802575,0.9870873660739047,9.0,,,,charted,,,,
v1.1-reference,Mauritania,2026,0.2144342461096495,-0.14619289631739796,-1.0929440438014753,0.8005582511666793,0.31558371582802575,1.142730515992681,9.0,,,,charted,,,,
v1.1-reference,Moldova,2020,-0.5670431537965711,-0.17140388894867362,-2.995336101831954,2.652528323934607,0.9413107376277602,-0.4203067584727291,9.0,,,,charted,,,,
v1.1-reference,Moldova,2021,1.3427783003867417,-0.17140388894867362,-2.995336101831954,2.652528323934607,0.9413107376277602,1.6085890968920362,9.0,,,,charted,,,,
v1.1-reference,Moldova,2022,-0.7463445439214098,-0.17140388894867362,-2.995336101831954,2.652528323934607,0.9413107376277602,-0.6107873117666438,9.0,,,,charted,,,,
v1.1-reference,Moldova,2023,1.0971317196377277,-0.17140388894867362,-2.995336101831954,2.652528323934607,0.9413107376277602,1.347626833391166,9.0,,,,charted,,,,
v1.1-reference,Moldova,2024,-0.8078427871048628,-0.17140388894867362,-2.995336101831954,2.652528323934607,0.9413107376277602,-0.6761198748886129,9.0,,,,charted,,,,
v1.1-reference,Moldova,2025,-0.16236623614411447,-0.17140388894867362,-2.995336101831954,2.652528323934607,0.9413107376277602,0.009601136418920863,9.0,,,,charted,,,,
v1.1-reference,Moldova,2026,0.734871554583263,-0.17140388894867362,-2.995336101831954,2.652528323934607,0.9413107376277602,0.9627803097369126,9.0,,,,charted,,,,
v1.1-reference,Mongolia,2020,2.1072552095416515,-0.1513241970695434,-1.5858674417651613,1.2832190476260745,0.47818108156520595,4.72327219474744,9.0,beyond_limits,medium,"Mongolia FY2020: year-over-year change of +723% is above the expected range -80% to +261% (learned from FY2010-2019, where a typical year was -14%); that is 4.7 robust sigmas from the typical year (limits sit at 3), so 1.7 beyond the +261% limit.",charted,,,,
v1.1-reference,Mongolia,2021,-0.43783659597961877,-0.1513241970695434,-1.5858674417651613,1.2832190476260745,0.47818108156520595,-0.599171338966922,9.0,,,,charted,,,,
v1.1-reference,Mongolia,2022,-0.01793913260643085,-0.1513241970695434,-1.5858674417651613,1.2832190476260745,0.47818108156520595,0.2789425797158473,9.0,,,,charted,,,,
v1.1-reference,Mongolia,2023,-0.5689134422643105,-0.1513241970695434,-1.5858674417651613,1.2832190476260745,0.47818108156520595,-0.8732868390106387,9.0,,,,charted,,,,
v1.1-reference,Mongolia,2024,0.030610744835441732,-0.1513241970695434,-1.5858674417651613,1.2832190476260745,0.47818108156520595,0.380472898069214,9.0,,,,charted,,,,
v1.1-reference,Mongolia,2025,-0.7156861304802611,-0.1513241970695434,-1.5858674417651613,1.2832190476260745,0.47818108156520595,-1.180226393657023,9.0,,,,charted,,,,
v1.1-reference,Mongolia,2026,-0.20470697725994694,-0.1513241970695434,-1.5858674417651613,1.2832190476260745,0.47818108156520595,-0.11163716476542399,9.0,,,,charted,,,,
v1.1-reference,Montenegro,2020,0.0,0.0,-0.20020956827864744,0.20020956827864744,0.06673652275954915,0.0,9.0,,,,charted,,,,
v1.1-reference,Montenegro,2021,0.0,0.0,-0.20020956827864744,0.20020956827864744,0.06673652275954915,0.0,9.0,,,,charted,,,,
v1.1-reference,Montenegro,2022,0.0,0.0,-0.20020956827864744,0.20020956827864744,0.06673652275954915,0.0,9.0,,,,charted,,,,
v1.1-reference,Montenegro,2023,0.0,0.0,-0.20020956827864744,0.20020956827864744,0.06673652275954915,0.0,9.0,,,,charted,,,,
v1.1-reference,Montenegro,2024,0.0,0.0,-0.20020956827864744,0.20020956827864744,0.06673652275954915,0.0,9.0,,,,charted,,,,
v1.1-reference,Montenegro,2025,0.0,0.0,-0.20020956827864744,0.20020956827864744,0.06673652275954915,0.0,9.0,,,,charted,,,,
v1.1-reference,Montenegro,2026,0.0,0.0,-0.20020956827864744,0.20020956827864744,0.06673652275954915,0.0,9.0,,,,charted,,,,
v1.1-reference,Mozambique,2020,0.202016086950482,0.024700506103957243,-0.6574832475552126,0.7068842597631271,0.2273945845530566,0.779770464609076,9.0,,,,charted,,,,
v1.1-reference,Mozambique,2021,0.43075569297069966,0.024700506103957243,-0.6574832475552126,0.7068842597631271,0.2273945845530566,1.785685387648271,9.0,,,,charted,,,,
v1.1-reference,Mozambique,2022,0.08227902543686466,0.024700506103957243,-0.6574832475552126,0.7068842597631271,0.2273945845530566,0.25320972109374473,9.0,,,,charted,,,,
v1.1-reference,Mozambique,2023,0.4848203997354374,0.024700506103957243,-0.6574832475552126,0.7068842597631271,0.2273945845530566,2.0234426186351113,9.0,,,,charted,,,,
v1.1-reference,Mozambique,2024,0.22039043190934002,0.024700506103957243,-0.6574832475552126,0.7068842597631271,0.2273945845530566,0.8605742576940025,9.0,,,,charted,,,,
v1.1-reference,Mozambique,2025,-0.43706704882528397,0.024700506103957243,-0.6574832475552126,0.7068842597631271,0.2273945845530566,-2.030688443336696,9.0,,,,charted,,,,
v1.1-reference,Mozambique,2026,0.21992259430945973,0.024700506103957243,-0.6574832475552126,0.7068842597631271,0.2273945845530566,0.8585168753653959,9.0,,,,charted,,,,
v1.1-reference,Nepal,2020,-0.12450466547260725,0.13086756663396099,-0.8277851089759121,1.089520242243834,0.31955089186995767,-0.7991598164917432,9.0,,,,charted,,,,
v1.1-reference,Nepal,2021,0.5886671327890338,0.13086756663396099,-0.8277851089759121,1.089520242243834,0.31955089186995767,1.4326342933236935,9.0,,,,charted,,,,
v1.1-reference,Nepal,2022,-0.5702357561791924,0.13086756663396099,-0.8277851089759121,1.089520242243834,0.31955089186995767,-2.1940271194688754,9.0,,,,charted,,,,
v1.1-reference,Nepal,2023,-0.21577069691270684,0.13086756663396099,-0.8277851089759121,1.089520242243834,0.31955089186995767,-1.0847670038352872,9.0,,,,charted,,,,
v1.1-reference,Nepal,2024,-0.297736672333029,0.13086756663396099,-0.8277851089759121,1.089520242243834,0.31955089186995767,-1.3412706704051758,9.0,,,,charted,,,,
v1.1-reference,Nepal,2025,0.6379949135673783,0.13086756663396099,-0.8277851089759121,1.089520242243834,0.31955089186995767,1.5870002551574616,9.0,,,,charted,,,,
v1.1-reference,Nepal,2026,-0.8996923887259974,0.13086756663396099,-0.8277851089759121,1.089520242243834,0.31955089186995767,-3.2250260649541493,9.0,beyond_limits,medium,"Nepal FY2026: year-over-year change of -59% is below the expected range -56% to +197% (learned from FY2010-2019, where a typical year was +14%); that is 3.2 robust sigmas from the typical year (limits sit at 3), so 0.2 beyond the -56% limit.",charted,,,,
v1.1-reference,Nicaragua,2020,0.08890656222475143,-0.09726132302810155,-1.1508365161706138,0.9563138701144106,0.351191731047504,0.5301032706481092,9.0,,,,charted,,,,
v1.1-reference,Nicaragua,2021,0.2194471278265477,-0.09726132302810155,-1.1508365161706138,0.9563138701144106,0.351191731047504,0.9018106716522025,9.0,,,,charted,,,,
v1.1-reference,Nicaragua,2022,0.0657245194282422,-0.09726132302810155,-1.1508365161706138,0.9563138701144106,0.351191731047504,0.4640936219375206,9.0,,,,charted,,,,
v1.1-reference,Nicaragua,2023,-0.4835481782772609,-0.09726132302810155,-1.1508365161706138,0.9563138701144106,0.351191731047504,-1.0999315220121404,9.0,,,,charted,,,,
v1.1-reference,Nicaragua,2024,0.21313272571543287,-0.09726132302810155,-1.1508365161706138,0.9563138701144106,0.351191731047504,0.8838307434452348,9.0,,,,charted,,,,
v1.1-reference,Nicaragua,2025,-0.930719995443603,-0.09726132302810155,-1.1508365161706138,0.9563138701144106,0.351191731047504,-2.3732297737464765,9.0,,,,charted,,,,
v1.1-reference,Nicaragua,2026,-2.361017700587307,-0.09726132302810155,-1.1508365161706138,0.9563138701144106,0.351191731047504,-6.445927330939914,9.0,beyond_limits,high,"Nicaragua FY2026: year-over-year change of -91% is below the expected range -68% to +160% (learned from FY2010-2019, where a typical year was -9%); that is 6.4 robust sigmas from the typical year (limits sit at 3), so 3.4 beyond the -68% limit.",charted,,,,
v1.1-reference,Niger,2020,0.6760812837794478,0.04417281312167401,-1.1358906253252328,1.224236251568581,0.3933544794823023,1.6064605937357945,9.0,,,,charted,,,,
v1.1-reference,Niger,2021,0.0611523556603968,0.04417281312167401,-1.1358906253252328,1.224236251568581,0.3933544794823023,0.04316600782345159,9.0,,,,charted,,,,
v1.1-reference,Niger,2022,-0.012739104619724866,0.04417281312167401,-1.1358906253252328,1.224236251568581,0.3933544794823023,-0.14468353790276195,9.0,,,,charted,,,,
v1.1-reference,Niger,2023,0.35612261466511824,0.04417281312167401,-1.1358906253252328,1.224236251568581,0.3933544794823023,0.793050080309253,9.0,,,,charted,,,,
v1.1-reference,Niger,2024,-1.6233818379432339,0.04417281312167401,-1.1358906253252328,1.224236251568581,0.3933544794823023,-4.239317811404088,9.0,beyond_limits,medium,"Niger FY2024: year-over-year change of -80% is below the expected range -68% to +240% (learned from FY2010-2019, where a typical year was +5%); that is 4.2 robust sigmas from the typical year (limits sit at 3), so 1.2 beyond the -68% limit.",charted,,,,
v1.1-reference,Niger,2025,1.3944654407493915,0.04417281312167401,-1.1358906253252328,1.224236251568581,0.3933544794823023,3.4327628082559296,9.0,beyond_limits,medium,"Niger FY2025: year-over-year change of +303% is above the expected range -68% to +240% (learned from FY2010-2019, where a typical year was +5%); that is 3.4 robust sigmas from the typical year (limits sit at 3), so 0.4 beyond the +240% limit.",charted,,,,
v1.1-reference,Niger,2026,0.17698185066616803,0.04417281312167401,-1.1358906253252328,1.224236251568581,0.3933544794823023,0.3376319438875726,9.0,,,,charted,,,,
v1.1-reference,Nigeria,2020,-0.18743295789053235,-0.02839727474470185,-0.7119207428865423,0.6551261933971385,0.22784115604728014,-0.6980112193287346,9.0,,,,charted,,,,
v1.1-reference,Nigeria,2021,0.32836797644910304,-0.02839727474470185,-0.7119207428865423,0.6551261933971385,0.22784115604728014,1.565850776844598,9.0,,,,charted,,,,
v1.1-reference,Nigeria,2022,0.43308034224110803,-0.02839727474470185,-0.7119207428865423,0.6551261933971385,0.22784115604728014,2.025435724571407,9.0,,,,charted,,,,
v1.1-reference,Nigeria,2023,-0.1653957772430252,-0.02839727474470185,-0.7119207428865423,0.6551261933971385,0.22784115604728014,-0.6012895337921051,9.0,,,,charted,,,,
v1.1-reference,Nigeria,2024,0.4347281513083958,-0.02839727474470185,-0.7119207428865423,0.6551261933971385,0.22784115604728014,2.0326679959304315,9.0,,,,charted,,,,
v1.1-reference,Nigeria,2025,-0.6702379453543721,-0.02839727474470185,-0.7119207428865423,0.6551261933971385,0.22784115604728014,-2.8170532565085806,9.0,,,,charted,,,,
v1.1-reference,Nigeria,2026,0.19642871857223376,-0.02839727474470185,-0.7119207428865423,0.6551261933971385,0.22784115604728014,0.9867663824102137,9.0,,,,charted,,,,
v1.1-reference,Pakistan,2020,0.8481538989155519,-0.2138872329185757,-0.8740112030544146,0.4462367372172632,0.22004132337861296,4.826553101604157,9.0,beyond_limits,medium,"Pakistan FY2020: year-over-year change of +134% is above the expected range -58% to +56% (learned from FY2010-2019, where a typical year was -19%); that is 4.8 robust sigmas from the typical year (limits sit at 3), so 1.8 beyond the +56% limit.",charted,,,,
v1.1-reference,Pakistan,2021,0.27231221500539426,-0.2138872329185757,-0.8740112030544146,0.4462367372172632,0.22004132337861296,2.2095824568705824,9.0,,,,charted,,,,
v1.1-reference,Pakistan,2022,-0.3319183324562948,-0.2138872329185757,-0.8740112030544146,0.4462367372172632,0.22004132337861296,-0.5364042431913096,9.0,,,,charted,,,,
v1.1-reference,Pakistan,2023,0.42457350759108187,-0.2138872329185757,-0.8740112030544146,0.4462367372172632,0.22004132337861296,2.9015492667761023,9.0,,,,charted,,,,
v1.1-reference,Pakistan,2024,0.10863427463738955,-0.2138872329185757,-0.8740112030544146,0.4462367372172632,0.22004132337861296,1.4657315389847039,9.0,,,,charted,,,,
v1.1-reference,Pakistan,2025,-0.35739835660416264,-0.2138872329185757,-0.8740112030544146,0.4462367372172632,0.22004132337861296,-0.6522007842983896,9.0,,,,charted,,,,
v1.1-reference,Pakistan,2026,0.11730721229774221,-0.2138872329185757,-0.8740112030544146,0.4462367372172632,0.22004132337861296,1.5051465794288554,9.0,,,,charted,,,,
v1.1-reference,Papua New Guinea,2020,-1.6530447675554012,0.1065470357800023,-1.1794866955002163,1.3925807670602208,0.42867791042673953,-4.104694365015842,9.0,beyond_limits,medium,"Papua New Guinea FY2020: year-over-year change of -81% is below the expected range -69% to +303% (learned from FY2010-2019, where a typical year was +11%); that is 4.1 robust sigmas from the typical year (limits sit at 3), so 1.1 beyond the -69% limit.",charted,,,,
v1.1-reference,Papua New Guinea,2021,-0.7637606478326673,0.1065470357800023,-1.1794866955002163,1.3925807670602208,0.42867791042673953,-2.0302135063276228,9.0,,,,charted,,,,
v1.1-reference,Papua New Guinea,2022,1.9911676380957322,0.1065470357800023,-1.1794866955002163,1.3925807670602208,0.42867791042673953,4.3963557637939195,9.0,beyond_limits,medium,"Papua New Guinea FY2022: year-over-year change of +632% is above the expected range -69% to +303% (learned from FY2010-2019, where a typical year was +11%); that is 4.4 robust sigmas from the typical year (limits sit at 3), so 1.4 beyond the +303% limit.",charted,,,,
v1.1-reference,Papua New Guinea,2023,-1.2420454310479332,0.1065470357800023,-1.1794866955002163,1.3925807670602208,0.42867791042673953,-3.145934124493238,9.0,beyond_limits,medium,"Papua New Guinea FY2023: year-over-year change of -71% is below the expected range -69% to +303% (learned from FY2010-2019, where a typical year was +11%); that is 3.1 robust sigmas from the typical year (limits sit at 3), so 0.1 beyond the -69% limit.",charted,,,,
v1.1-reference,Papua New Guinea,2024,0.12723683473995342,0.1065470357800023,-1.1794866955002163,1.3925807670602208,0.42867791042673953,0.048264205961428906,9.0,,,,charted,,,,
v1.1-reference,Papua New Guinea,2025,0.40349275552929664,0.1065470357800023,-1.1794866955002163,1.3925807670602208,0.42867791042673953,0.6927012391510712,9.0,,,,charted,,,,
v1.1-reference,Papua New Guinea,2026,1.1455254879691412,0.1065470357800023,-1.1794866955002163,1.3925807670602208,0.42867791042673953,2.4236808730238946,9.0,,,,charted,,,,
v1.1-reference,Rwanda,2020,0.4805184814651398,0.13134776097792136,-0.38401459565197715,0.6467101176078198,0.17178745220996616,2.0325740675194752,9.0,,,,charted,,,,
v1.1-reference,Rwanda,2021,0.12181698526245101,0.13134776097792136,-0.38401459565197715,0.6467101176078198,0.17178745220996616,-0.055480045794156274,9.0,,,,charted,,,,
v1.1-reference,Rwanda,2022,-0.22688123005605706,0.13134776097792136,-0.38401459565197715,0.6467101176078198,0.17178745220996616,-2.085303591301507,9.0,,,,charted,,,,
v1.1-reference,Rwanda,2023,0.18770697300083958,0.13134776097792136,-0.38401459565197715,0.6467101176078198,0.17178745220996616,0.32807525402980836,9.0,,,,charted,,,,
v1.1-reference,Rwanda,2024,0.04159551153757482,0.13134776097792136,-0.38401459565197715,0.6467101176078198,0.17178745220996616,-0.5224610312669834,9.0,,,,charted,,,,
v1.1-reference,Rwanda,2025,0.3069750924578139,0.13134776097792136,-0.38401459565197715,0.6467101176078198,0.17178745220996616,1.0223525014227064,9.0,,,,charted,,,,
v1.1-reference,Rwanda,2026,-0.4945842048933183,0.13134776097792136,-0.38401459565197715,0.6467101176078198,0.17178745220996616,-3.6436419413578482,9.0,beyond_limits,medium,"Rwanda FY2026: year-over-year change of -39% is below the expected range -32% to +91% (learned from FY2010-2019, where a typical year was +14%); that is 3.6 robust sigmas from the typical year (limits sit at 3), so 0.6 beyond the -32% limit.",charted,,,,
v1.1-reference,Samoa,2020,0.1841037800821728,0.07283600014328004,-1.2036589403932922,1.3493309406798522,0.4254983135121907,0.26149993173992897,9.0,,,,charted,,,,
v1.1-reference,Samoa,2021,-0.4311638950795803,0.07283600014328004,-1.2036589403932922,1.3493309406798522,0.4254983135121907,-1.184493285208804,9.0,,,,charted,,,,
v1.1-reference,Samoa,2022,0.4375155149439823,0.07283600014328004,-1.2036589403932922,1.3493309406798522,0.4254983135121907,0.857064536379776,9.0,,,,charted,,,,
v1.1-reference,Samoa,2023,-0.07911496588407196,0.07283600014328004,-1.2036589403932922,1.3493309406798522,0.4254983135121907,-0.35711296896362094,9.0,,,,charted,,,,
v1.1-reference,Samoa,2024,-0.5796254794996804,0.07283600014328004,-1.2036589403932922,1.3493309406798522,0.4254983135121907,-1.533405559841936,9.0,,,,charted,,,,
v1.1-reference,Samoa,2025,0.0848791103599456,0.07283600014328004,-1.2036589403932922,1.3493309406798522,0.4254983135121907,0.028303543948877522,9.0,,,,charted,,,,
v1.1-reference,Samoa,2026,-0.3615427264678285,0.07283600014328004,-1.2036589403932922,1.3493309406798522,0.4254983135121907,-1.0208706187942702,9.0,,,,charted,,,,
v1.1-reference,Sao Tome and Principe,2020,0.2345153127018485,0.006082402108454912,-7.329600203783882,7.341765008000793,2.445227535297446,0.09341989949643122,9.0,,,,charted,,,,
v1.1-reference,Sao Tome and Principe,2021,0.34494759172365025,0.006082402108454912,-7.329600203783882,7.341765008000793,2.445227535297446,0.13858227290654757,9.0,,,,charted,,,,
v1.1-reference,Sao Tome and Principe,2022,0.3602317498090932,0.006082402108454912,-7.329600203783882,7.341765008000793,2.445227535297446,0.14483288061679642,9.0,,,,charted,,,,
v1.1-reference,Sao Tome and Principe,2023,-0.48705486967365946,0.006082402108454912,-7.329600203783882,7.341765008000793,2.445227535297446,-0.20167336767787847,9.0,,,,charted,,,,
v1.1-reference,Sao Tome and Principe,2024,0.7029131178328497,0.006082402108454912,-7.329600203783882,7.341765008000793,2.445227535297446,0.2849758174507183,9.0,,,,charted,,,,
v1.1-reference,Sao Tome and Principe,2025,0.11646700052558345,0.006082402108454912,-7.329600203783882,7.341765008000793,2.445227535297446,0.04514287395495936,9.0,,,,charted,,,,
v1.1-reference,Sao Tome and Principe,2026,0.2381034179133959,0.006082402108454912,-7.329600203783882,7.341765008000793,2.445227535297446,0.09488729063273744,9.0,,,,charted,,,,
v1.1-reference,Senegal,2020,0.34229939380719293,0.186060942575464,-0.8506020562464556,1.2227239413973836,0.34555433294063986,0.4521385968514768,9.0,,,,charted,,,,
v1.1-reference,Senegal,2021,-0.5076827818246263,0.186060942575464,-0.8506020562464556,1.2227239413973836,0.34555433294063986,-2.007625598256536,9.0,,,,charted,,,,
v1.1-reference,Senegal,2022,0.781693392710795,0.186060942575464,-0.8506020562464556,1.2227239413973836,0.34555433294063986,1.7237012919691854,9.0,,,,charted,,,,
v1.1-reference,Senegal,2023,-0.03787563860722768,0.186060942575464,-0.8506020562464556,1.2227239413973836,0.34555433294063986,-0.6480502770056714,9.0,,,,charted,,,,
v1.1-reference,Senegal,2024,-0.4226161914378271,0.186060942575464,-0.8506020562464556,1.2227239413973836,0.34555433294063986,-1.7614513145689625,9.0,,,,charted,,,,
v1.1-reference,Senegal,2025,-0.48491942292089013,0.186060942575464,-0.8506020562464556,1.2227239413973836,0.34555433294063986,-1.9417506931149282,9.0,,,,charted,,,,
v1.1-reference,Senegal,2026,0.7923701279415077,0.186060942575464,-0.8506020562464556,1.2227239413973836,0.34555433294063986,1.7545987058139334,9.0,,,,charted,,,,
v1.1-reference,Serbia,2020,0.0,0.0,-1.3458253077922258,1.3458253077922258,0.4486084359307419,0.0,9.0,,,,charted,,,,
v1.1-reference,Serbia,2021,0.0,0.0,-1.3458253077922258,1.3458253077922258,0.4486084359307419,0.0,9.0,,,,charted,,,,
v1.1-reference,Serbia,2022,0.0,0.0,-1.3458253077922258,1.3458253077922258,0.4486084359307419,0.0,9.0,,,,charted,,,,
v1.1-reference,Serbia,2023,0.0,0.0,-1.3458253077922258,1.3458253077922258,0.4486084359307419,0.0,9.0,,,,charted,,,,
v1.1-reference,Serbia,2024,0.0,0.0,-1.3458253077922258,1.3458253077922258,0.4486084359307419,0.0,9.0,,,,charted,,,,
v1.1-reference,Serbia,2025,0.0,0.0,-1.3458253077922258,1.3458253077922258,0.4486084359307419,0.0,9.0,,,,charted,,,,
v1.1-reference,Serbia,2026,0.0,0.0,-1.3458253077922258,1.3458253077922258,0.4486084359307419,0.0,9.0,,,,charted,,,,
v1.1-reference,Sierra Leone,2020,-0.04116593705163197,0.25172706283713747,-2.376686698612245,2.88014082428652,0.8761379204831274,-0.33430010622900547,9.0,,,,charted,,,,
v1.1-reference,Sierra Leone,2021,0.8567271821661204,0.25172706283713747,-2.376686698612245,2.88014082428652,0.8761379204831274,0.6905306860766494,9.0,,,,charted,,,,
v1.1-reference,Sierra Leone,2022,-0.33038518401765704,0.25172706283713747,-2.376686698612245,2.88014082428652,0.8761379204831274,-0.6644070907623782,9.0,,,,charted,,,,
v1.1-reference,Sierra Leone,2023,0.34995126547961597,0.25172706283713747,-2.376686698612245,2.88014082428652,0.8761379204831274,0.1121104341520966,9.0,,,,charted,,,,
v1.1-reference,Sierra Leone,2024,-0.24475051000669534,0.25172706283713747,-2.376686698612245,2.88014082428652,0.8761379204831274,-0.5666660022774279,9.0,,,,charted,,,,
v1.1-reference,Sierra Leone,2025,0.006442085612668494,0.25172706283713747,-2.376686698612245,2.88014082428652,0.8761379204831274,-0.2799616036356603,9.0,,,,charted,,,,
v1.1-reference,Sierra Leone,2026,-0.40843314301978245,0.25172706283713747,-2.376686698612245,2.88014082428652,0.8761379204831274,-0.7534889090211833,9.0,,,,charted,,,,
v1.1-reference,Solomon Islands,2020,1.00865003950629,0.4784730967809911,-1.321354799844958,2.27830099340694,0.5999426322086497,0.8837127322882307,9.0,,,,charted,,,,
v1.1-reference,Solomon Islands,2021,-0.36606753834301853,0.4784730967809911,-1.321354799844958,2.27830099340694,0.5999426322086497,-1.4077023198282947,9.0,,,,charted,,,,
v1.1-reference,Solomon Islands,2022,0.42470153828286594,0.4784730967809911,-1.321354799844958,2.27830099340694,0.5999426322086497,-0.089627833748318,9.0,,,,charted,,,,
v1.1-reference,Solomon Islands,2023,0.6370065997712911,0.4784730967809911,-1.321354799844958,2.27830099340694,0.5999426322086497,0.26424777050210496,9.0,,,,charted,,,,
v1.1-reference,Solomon Islands,2024,0.07984288612299462,0.4784730967809911,-1.321354799844958,2.27830099340694,0.5999426322086497,-0.6644472142119078,9.0,,,,charted,,,,
v1.1-reference,Solomon Islands,2025,0.17402772589026588,0.4784730967809911,-1.321354799844958,2.27830099340694,0.5999426322086497,-0.5074574710084019,9.0,,,,charted,,,,
v1.1-reference,Solomon Islands,2026,0.20132229869787865,0.4784730967809911,-1.321354799844958,2.27830099340694,0.5999426322086497,-0.46196216638714244,9.0,,,,charted,,,,
v1.1-reference,Sri Lanka,2020,0.5248604937527451,-0.051028027888535624,-0.7904434054088427,0.6883873496317714,0.246471792506769,2.336529124830643,9.0,,,,charted,,,,
v1.1-reference,Sri Lanka,2021,0.39498673290707775,-0.051028027888535624,-0.7904434054088427,0.6883873496317714,0.246471792506769,1.8095975862364218,9.0,,,,charted,,,,
v1.1-reference,Sri Lanka,2022,-0.3599064143164998,-0.051028027888535624,-0.7904434054088427,0.6883873496317714,0.246471792506769,-1.2531997405726711,9.0,,,,charted,,,,
v1.1-reference,Sri Lanka,2023,0.5337580405786984,-0.051028027888535624,-0.7904434054088427,0.6883873496317714,0.246471792506769,2.372628780436097,9.0,,,,charted,,,,
v1.1-reference,Sri Lanka,2024,0.23977023394830319,-0.051028027888535624,-0.7904434054088427,0.6883873496317714,0.246471792506769,1.179843984900838,9.0,,,,charted,,,,
v1.1-reference,Sri Lanka,2025,-0.099521792004374,-0.051028027888535624,-0.7904434054088427,0.6883873496317714,0.246471792506769,-0.19675178089398024,9.0,,,,charted,,,,
v1.1-reference,Sri Lanka,2026,-0.8809426830343436,-0.051028027888535624,-0.7904434054088427,0.6883873496317714,0.246471792506769,-3.367179045947075,9.0,beyond_limits,medium,"Sri Lanka FY2026: year-over-year change of -59% is below the expected range -55% to +99% (learned from FY2010-2019, where a typical year was -5%); that is 3.4 robust sigmas from the typical year (limits sit at 3), so 0.4 beyond the -55% limit.",charted,,,,
v1.1-reference,St. Lucia,2020,1.3090161708443706,-0.056069722394430845,-2.759927450506784,2.6477880057179224,0.9012859093707845,1.5145980637729155,9.0,,,,charted,,,,
v1.1-reference,St. Lucia,2021,1.2971465134811013,-0.056069722394430845,-2.759927450506784,2.6477880057179224,0.9012859093707845,1.501428372291157,9.0,,,,charted,,,,
v1.1-reference,St. Lucia,2022,-1.0037863014930724,-0.056069722394430845,-2.759927450506784,2.6477880057179224,0.9012859093707845,-1.0515160275392208,9.0,,,,charted,,,,
v1.1-reference,St. Lucia,2023,0.12701214807840083,-0.056069722394430845,-2.759927450506784,2.6477880057179224,0.9012859093707845,0.20313406497239792,9.0,,,,charted,,,,
v1.1-reference,St. Lucia,2024,1.2703856740990824,-0.056069722394430845,-2.759927450506784,2.6477880057179224,0.9012859093707845,1.4717365296652123,9.0,,,,charted,,,,
v1.1-reference,St. Lucia,2025,-1.1834909207224937,-0.056069722394430845,-2.759927450506784,2.6477880057179224,0.9012859093707845,-1.2509029450101472,9.0,,,,charted,,,,
v1.1-reference,St. Lucia,2026,0.2618912840288289,-0.056069722394430845,-2.759927450506784,2.6477880057179224,0.9012859093707845,0.3527859507370288,9.0,,,,charted,,,,
v1.1-reference,St. Vincent and the Grenadines,2020,2.8294643382192888,0.12403261591696452,-2.3632040901204903,2.6112693219544196,0.829078902012485,3.263177624874096,9.0,beyond_limits,medium,"St. Vincent and the Grenadines FY2020: year-over-year change of +1594% is above the expected range -91% to +1262% (learned from FY2010-2019, where a typical year was +13%); that is 3.3 robust sigmas from the typical year (limits sit at 3), so 0.3 beyond the +1262% limit.",charted,,,,
v1.1-reference,St. Vincent and the Grenadines,2021,0.002396902519768522,0.12403261591696452,-2.3632040901204903,2.6112693219544196,0.829078902012485,-0.14671186674988418,9.0,,,,charted,,,,
v1.1-reference,St. Vincent and the Grenadines,2022,0.0920184404920707,0.12403261591696452,-2.3632040901204903,2.6112693219544196,0.829078902012485,-0.03861414799868074,9.0,,,,charted,,,,
v1.1-reference,St. Vincent and the Grenadines,2023,-1.261882658759604,0.12403261591696452,-2.3632040901204903,2.6112693219544196,0.829078902012485,-1.6716325446377094,9.0,,,,charted,,,,
v1.1-reference,St. Vincent and the Grenadines,2024,0.035744993944175546,0.12403261591696452,-2.3632040901204903,2.6112693219544196,0.829078902012485,-0.10648880553887193,9.0,,,,charted,,,,
v1.1-reference,St. Vincent and the Grenadines,2025,0.7012399645455335,0.12403261591696452,-2.3632040901204903,2.6112693219544196,0.829078902012485,0.6962031565722762,9.0,,,,charted,,,,
v1.1-reference,St. Vincent and the Grenadines,2026,-0.4386847117766976,0.12403261591696452,-2.3632040901204903,2.6112693219544196,0.829078902012485,-0.6787259045281896,9.0,,,,charted,,,,
v1.1-reference,Tajikistan,2020,-0.060876312557036495,0.3252881555213698,-1.685061653625098,2.3356379646678374,0.6701166030488226,-0.5762645878664666,9.0,,,,charted,,,,
v1.1-reference,Tajikistan,2021,0.5614901195381948,0.3252881555213698,-1.685061653625098,2.3356379646678374,0.6701166030488226,0.3524789013466901,9.0,,,,charted,,,,
v1.1-reference,Tajikistan,2022,-0.053380931031985164,0.3252881555213698,-1.685061653625098,2.3356379646678374,0.6701166030488226,-0.565079397869756,9.0,,,,charted,,,,
v1.1-reference,Tajikistan,2023,0.5854027883982129,0.3252881555213698,-1.685061653625098,2.3356379646678374,0.6701166030488226,0.3881632415812446,9.0,,,,charted,,,,
v1.1-reference,Tajikistan,2024,0.020774259915913345,0.3252881555213698,-1.685061653625098,2.3356379646678374,0.6701166030488226,-0.454419267064885,9.0,,,,charted,,,,
v1.1-reference,Tajikistan,2025,-0.015975832691670647,0.3252881555213698,-1.685061653625098,2.3356379646678374,0.6701166030488226,-0.5092606072740105,9.0,,,,charted,,,,
v1.1-reference,Tajikistan,2026,0.747270865088839,0.3252881555213698,-1.685061653625098,2.3356379646678374,0.6701166030488226,0.6297153475194897,9.0,,,,charted,,,,
v1.1-reference,Tanzania,2020,0.504621280720531,0.0008201074190416184,-0.8275275889694635,0.8291678038075467,0.2761158987961684,1.824600377949988,9.0,,,,charted,,,,
v1.1-reference,Tanzania,2021,-0.454102948897768,0.0008201074190416184,-0.8275275889694635,0.8291678038075467,0.2761158987961684,-1.647580086116803,9.0,,,,charted,,,,
v1.1-reference,Tanzania,2022,0.5589818418916602,0.0008201074190416184,-0.8275275889694635,0.8291678038075467,0.2761158987961684,2.0214762601723972,9.0,,,,charted,,,,
v1.1-reference,Tanzania,2023,0.5833205383763178,0.0008201074190416184,-0.8275275889694635,0.8291678038075467,0.2761158987961684,2.109622928259137,9.0,,,,charted,,,,
v1.1-reference,Tanzania,2024,0.33923964938171763,0.0008201074190416184,-0.8275275889694635,0.8291678038075467,0.2761158987961684,1.2256430847993323,9.0,,,,charted,,,,
v1.1-reference,Tanzania,2025,-0.3076991403952364,0.0008201074190416184,-0.8275275889694635,0.8291678038075467,0.2761158987961684,-1.1173541587405298,9.0,,,,charted,,,,
v1.1-reference,Tanzania,2026,-0.1588365157640318,0.0008201074190416184,-0.8275275889694635,0.8291678038075467,0.2761158987961684,-0.57822321669689,9.0,,,,charted,,,,
v1.1-reference,Timor-Leste,2020,-0.09889617591488506,0.16827275827844612,-1.4129565642682613,1.7495020808251538,0.5270764408489025,-0.5068884007849647,9.0,,,,charted,,,,
v1.1-reference,Timor-Leste,2021,0.250497047764228,0.16827275827844612,-1.4129565642682613,1.7495020808251538,0.5270764408489025,0.15600069195533098,9.0,,,,charted,,,,
v1.1-reference,Timor-Leste,2022,0.2368297788529334,0.16827275827844612,-1.4129565642682613,1.7495020808251538,0.5270764408489025,0.13007035651995796,9.0,,,,charted,,,,
v1.1-reference,Timor-Leste,2023,-0.005899769676964709,0.16827275827844612,-1.4129565642682613,1.7495020808251538,0.5270764408489025,-0.33045022402232743,9.0,,,,charted,,,,
v1.1-reference,Timor-Leste,2024,0.15719464189758817,0.16827275827844612,-1.4129565642682613,1.7495020808251538,0.5270764408489025,-0.021018045054367607,9.0,,,,charted,,,,
v1.1-reference,Timor-Leste,2025,-0.08986038501996871,0.16827275827844612,-1.4129565642682613,1.7495020808251538,0.5270764408489025,-0.48974517412060564,9.0,,,,charted,,,,
v1.1-reference,Timor-Leste,2026,0.6299575211332381,0.16827275827844612,-1.4129565642682613,1.7495020808251538,0.5270764408489025,0.8759351150493626,9.0,,,,charted,,,,
v1.1-reference,Togo,2020,1.0165610132885168,-0.010704863121288344,-2.5450781295359928,2.5236684032934162,0.8447910888049015,1.2159998963330032,9.0,,,,charted,,,,
v1.1-reference,Togo,2021,-0.40998314207758013,-0.010704863121288344,-2.5450781295359928,2.5236684032934162,0.8447910888049015,-0.47263552403368486,9.0,,,,charted,,,,
v1.1-reference,Togo,2022,0.20612758909086412,-0.010704863121288344,-2.5450781295359928,2.5236684032934162,0.8447910888049015,0.2566699093842222,9.0,,,,charted,,,,
v1.1-reference,Togo,2023,-0.17604768963295622,-0.010704863121288344,-2.5450781295359928,2.5236684032934162,0.8447910888049015,-0.19572037241251325,9.0,,,,charted,,,,
v1.1-reference,Togo,2024,0.6021784994200818,-0.010704863121288344,-2.5450781295359928,2.5236684032934162,0.8447910888049015,0.7254851177566236,9.0,,,,charted,,,,
v1.1-reference,Togo,2025,0.30498747273842336,-0.010704863121288344,-2.5450781295359928,2.5236684032934162,0.8447910888049015,0.3736927863506602,9.0,,,,charted,,,,
v1.1-reference,Togo,2026,-0.15161727032489936,-0.010704863121288344,-2.5450781295359928,2.5236684032934162,0.8447910888049015,-0.1668014839064593,9.0,,,,charted,,,,
v1.1-reference,Tonga,2020,-0.36388251772102903,0.05565236695007545,-1.3161829571687342,1.4274876910688852,0.45727844137293655,-0.9174604501613711,9.0,,,,charted,,,,
v1.1-reference,Tonga,2021,1.1047964754093935,0.05565236695007545,-1.3161829571687342,1.4274876910688852,0.45727844137293655,2.2943222630600277,9.0,,,,charted,,,,
v1.1-reference,Tonga,2022,-0.40881493929483276,0.05565236695007545,-1.3161829571687342,1.4274876910688852,0.45727844137293655,-1.0157209792143005,9.0,,,,charted,,,,
v1.1-reference,Tonga,2023,-0.12977685322184943,0.05565236695007545,-1.3161829571687342,1.4274876910688852,0.45727844137293655,-0.40550614985301003,9.0,,,,charted,,,,
v1.1-reference,Tonga,2024,-0.2055175201300206,0.05565236695007545,-1.3161829571687342,1.4274876910688852,0.45727844137293655,-0.571139733366737,9.0,,,,charted,,,,
v1.1-reference,Tonga,2025,0.5961094079195849,0.05565236695007545,-1.3161829571687342,1.4274876910688852,0.45727844137293655,1.1818992370312424,9.0,,,,charted,,,,
v1.1-reference,Tonga,2026,-0.44372492165113153,0.05565236695007545,-1.3161829571687342,1.4274876910688852,0.45727844137293655,-1.0920639230265754,9.0,,,,charted,,,,
v1.1-reference,Uganda,2020,-0.05868681274873867,0.027978144203256526,-1.0112655297961677,1.0672218182026807,0.3464145579998081,-0.2501770059907332,9.0,,,,charted,,,,
v1.1-reference,Uganda,2021,0.7843633763878163,0.027978144203256526,-1.0112655297961677,1.0672218182026807,0.3464145579998081,2.183468375439865,9.0,,,,charted,,,,
v1.1-reference,Uganda,2022,-0.2905628450201212,0.027978144203256526,-1.0112655297961677,1.0672218182026807,0.3464145579998081,-0.9195369590199329,9.0,,,,charted,,,,
v1.1-reference,Uganda,2023,-0.4197355208128271,0.027978144203256526,-1.0112655297961677,1.0672218182026807,0.3464145579998081,-1.2924216222354363,9.0,,,,charted,,,,
v1.1-reference,Uganda,2024,0.32766801088646774,0.027978144203256526,-1.0112655297961677,1.0672218182026807,0.3464145579998081,0.8651191463015168,9.0,,,,charted,,,,
v1.1-reference,Uganda,2025,0.32825457773847677,0.027978144203256526,-1.0112655297961677,1.0672218182026807,0.3464145579998081,0.8668123974610403,9.0,,,,charted,,,,
v1.1-reference,Uganda,2026,0.015427131041348187,0.027978144203256526,-1.0112655297961677,1.0672218182026807,0.3464145579998081,-0.0362311943077037,9.0,,,,charted,,,,
v1.1-reference,Uzbekistan,2020,-1.4036680464726865,0.18812793832503405,-0.449342162609079,0.8255980392591471,0.21249003364470434,-7.491155973269295,9.0,beyond_limits,high,"Uzbekistan FY2020: year-over-year change of -75% is below the expected range -36% to +128% (learned from FY2010-2019, where a typical year was +21%); that is 7.5 robust sigmas from the typical year (limits sit at 3), so 4.5 beyond the -36% limit.",charted,,,,
v1.1-reference,Uzbekistan,2021,1.0344814219844194,0.18812793832503405,-0.449342162609079,0.8255980392591471,0.21249003364470434,3.983026729030207,9.0,beyond_limits,medium,"Uzbekistan FY2021: year-over-year change of +181% is above the expected range -36% to +128% (learned from FY2010-2019, where a typical year was +21%); that is 4.0 robust sigmas from the typical year (limits sit at 3), so 1.0 beyond the +128% limit.",charted,,,,
v1.1-reference,Uzbekistan,2022,-0.07767980810819342,0.18812793832503405,-0.449342162609079,0.8255980392591471,0.21249003364470434,-1.2509186519198046,9.0,,,,charted,,,,
v1.1-reference,Uzbekistan,2023,0.5656591212581352,0.18812793832503405,-0.449342162609079,0.8255980392591471,0.21249003364470434,1.7767006595911938,9.0,,,,charted,,,,
v1.1-reference,Uzbekistan,2024,-0.11811400880372154,0.18812793832503405,-0.449342162609079,0.8255980392591471,0.21249003364470434,-1.4412061680069659,9.0,,,,charted,,,,
v1.1-reference,Uzbekistan,2025,0.1952930815372947,0.18812793832503405,-0.449342162609079,0.8255980392591471,0.21249003364470434,0.03371990247900837,9.0,,,,charted,,,,
v1.1-reference,Uzbekistan,2026,-0.1067450148085715,0.18812793832503405,-0.449342162609079,0.8255980392591471,0.21249003364470434,-1.387702510446444,9.0,,,,charted,,,,
v1.1-reference,Vietnam,2020,0.4248730287074912,-0.11214875731445446,-0.6498662115362006,0.42556869690729165,0.1792391514072487,2.996118770958585,9.0,,,,charted,,,,
v1.1-reference,Vietnam,2021,-0.3862627315982891,-0.11214875731445446,-0.6498662115362006,0.42556869690729165,0.1792391514072487,-1.5293197503542135,9.0,,,,charted,,,,
v1.1-reference,Vietnam,2022,0.13984497468066612,-0.11214875731445446,-0.6498662115362006,0.42556869690729165,0.1792391514072487,1.4059078611824403,9.0,,,,charted,,,,
v1.1-reference,Vietnam,2023,-0.039276256226896254,-0.11214875731445446,-0.6498662115362006,0.42556869690729165,0.1792391514072487,0.4065657559490719,9.0,,,,charted,,,,
v1.1-reference,Western Africa,2020,-0.9793223260964545,0.0,-1.8288717479459269,1.8288717479459269,0.6096239159819756,-1.6064368546285994,9.0,,,,charted,,,,
v1.1-reference,Western Africa,2021,2.0392011117148834,0.0,-1.8288717479459269,1.8288717479459269,0.6096239159819756,3.3450149481589158,9.0,beyond_limits,medium,"Western Africa FY2021: year-over-year change of +668% is above the expected range -84% to +523% (learned from FY2010-2019, where a typical year was +0%); that is 3.3 robust sigmas from the typical year (limits sit at 3), so 0.3 beyond the +523% limit.",charted,,,,
v1.1-reference,"Yemen, Republic of",2020,-2.252424600532286,0.22311741911266678,-1.655165716524994,2.1014005547503274,0.6260943785458869,-3.953943853312394,9.0,beyond_limits,medium,"Yemen, Republic of FY2020: year-over-year change of -89% is below the expected range -81% to +718% (learned from FY2010-2019, where a typical year was +25%); that is 4.0 robust sigmas from the typical year (limits sit at 3), so 1.0 beyond the -81% limit.",charted,,,,
v1.1-reference,"Yemen, Republic of",2021,1.5673825913478046,0.22311741911266678,-1.655165716524994,2.1014005547503274,0.6260943785458869,2.1470647530124976,9.0,,,,charted,,,,
v1.1-reference,"Yemen, Republic of",2022,0.49124366483461984,0.22311741911266678,-1.655165716524994,2.1014005547503274,0.6260943785458869,0.4282521212611429,9.0,,,,charted,,,,
v1.1-reference,"Yemen, Republic of",2023,0.005502171827750689,0.22311741911266678,-1.655165716524994,2.1014005547503274,0.6260943785458869,-0.3475757884782971,9.0,,,,charted,,,,
v1.1-reference,"Yemen, Republic of",2024,-0.03335204905450046,0.22311741911266678,-1.655165716524994,2.1014005547503274,0.6260943785458869,-0.40963387782337424,9.0,,,,charted,,,,
v1.1-reference,"Yemen, Republic of",2025,-0.14314884504205458,0.22311741911266678,-1.655165716524994,2.1014005547503274,0.6260943785458869,-0.5850016813844903,9.0,,,,charted,,,,
v1.1-reference,"Yemen, Republic of",2026,-1.1061468827648704,0.22311741911266678,-1.655165716524994,2.1014005547503274,0.6260943785458869,-2.123105313554759,9.0,,,,charted,,,,
v1.1-reference,Zambia,2020,0.10730065864570748,-0.06533578444645158,-1.216415817299204,1.085744248406301,0.38369334428425084,0.4499333795174334,9.0,,,,charted,,,,
v1.1-reference,Zambia,2021,0.1873334785109836,-0.06533578444645158,-1.216415817299204,1.085744248406301,0.38369334428425084,0.6585187538990791,9.0,,,,charted,,,,
v1.1-reference,Zambia,2022,0.9016030732725449,-0.06533578444645158,-1.216415817299204,1.085744248406301,0.38369334428425084,2.5200824359430665,9.0,,,,charted,,,,
v1.1-reference,Zambia,2023,0.44034750050579957,-0.06533578444645158,-1.216415817299204,1.085744248406301,0.38369334428425084,1.3179360353397913,9.0,,,,charted,,,,
v1.1-reference,Zambia,2024,-0.15450036783130772,-0.06533578444645158,-1.216415817299204,1.085744248406301,0.38369334428425084,-0.2323850145255595,9.0,,,,charted,,,,
v1.1-reference,Zambia,2025,-0.24042695132065497,-0.06533578444645158,-1.216415817299204,1.085744248406301,0.38369334428425084,-0.45633099839357893,9.0,,,,charted,,,,
v1.1-reference,Zambia,2026,0.2169646185431435,-0.06533578444645158,-1.216415817299204,1.085744248406301,0.38369334428425084,0.7357448524842249,9.0,,,,charted,,,,
v1.1-reference,Belize,2025,,,,,,,,,,,only 0 baseline years (<8),,,,
v1.1-reference,Belize,2026,,,,,,,,,,,only 0 baseline years (<8),,,,
v1.1-reference,Botswana,2020,,,,,,,,,,,zero baseline variation (MAD = 0),,,,
v1.1-reference,Botswana,2021,,,,,,,,,,,zero baseline variation (MAD = 0),,,,
v1.1-reference,Botswana,2022,,,,,,,,,,,zero baseline variation (MAD = 0),,,,
v1.1-reference,Botswana,2023,,,,,,,,,,,zero baseline variation (MAD = 0),,,,
v1.1-reference,Botswana,2024,,,,,,,,,,,zero baseline variation (MAD = 0),,,,
v1.1-reference,China,2020,,,,,,,,,,,zero baseline variation (MAD = 0),,,,
v1.1-reference,China,2021,,,,,,,,,,,zero baseline variation (MAD = 0),,,,
v1.1-reference,China,2022,,,,,,,,,,,zero baseline variation (MAD = 0),,,,
v1.1-reference,China,2023,,,,,,,,,,,zero baseline variation (MAD = 0),,,,
v1.1-reference,China,2024,,,,,,,,,,,zero baseline variation (MAD = 0),,,,
v1.1-reference,China,2025,,,,,,,,,,,zero baseline variation (MAD = 0),,,,
v1.1-reference,China,2026,,,,,,,,,,,zero baseline variation (MAD = 0),,,,
v1.1-reference,Dominican Republic,2020,,,,,,,,,,,zero baseline variation (MAD = 0),,,,
v1.1-reference,Dominican Republic,2021,,,,,,,,,,,zero baseline variation (MAD = 0),,,,
v1.1-reference,Dominican Republic,2022,,,,,,,,,,,zero baseline variation (MAD = 0),,,,
v1.1-reference,Dominican Republic,2023,,,,,,,,,,,zero baseline variation (MAD = 0),,,,
v1.1-reference,East Asia and Pacific,2025,,,,,,,,,,,only 0 baseline years (<8),,,,
v1.1-reference,East Asia and Pacific,2026,,,,,,,,,,,only 0 baseline years (<8),,,,
v1.1-reference,Eastern Africa,2020,,,,,,,,,,,only 3 baseline years (<8),,,,
v1.1-reference,Eastern Africa,2021,,,,,,,,,,,only 3 baseline years (<8),,,,
v1.1-reference,Eastern and Southern Africa,2022,,,,,,,,,,,only 0 baseline years (<8),,,,
v1.1-reference,Eastern and Southern Africa,2023,,,,,,,,,,,only 0 baseline years (<8),,,,
v1.1-reference,Eastern and Southern Africa,2024,,,,,,,,,,,only 0 baseline years (<8),,,,
v1.1-reference,Eastern and Southern Africa,2025,,,,,,,,,,,only 0 baseline years (<8),,,,
v1.1-reference,Eastern and Southern Africa,2026,,,,,,,,,,,only 0 baseline years (<8),,,,
v1.1-reference,Ecuador,2020,,,,,,,,,,,zero baseline variation (MAD = 0),,,,
v1.1-reference,Ecuador,2021,,,,,,,,,,,zero baseline variation (MAD = 0),,,,
v1.1-reference,Ecuador,2022,,,,,,,,,,,zero baseline variation (MAD = 0),,,,
v1.1-reference,Ecuador,2023,,,,,,,,,,,zero baseline variation (MAD = 0),,,,
v1.1-reference,"Egypt, Arab Republic of",2020,,,,,,,,,,,zero baseline variation (MAD = 0),,,,
v1.1-reference,"Egypt, Arab Republic of",2021,,,,,,,,,,,zero baseline variation (MAD = 0),,,,
v1.1-reference,"Egypt, Arab Republic of",2022,,,,,,,,,,,zero baseline variation (MAD = 0),,,,
v1.1-reference,"Egypt, Arab Republic of",2023,,,,,,,,,,,zero baseline variation (MAD = 0),,,,
v1.1-reference,"Egypt, Arab Republic of",2024,,,,,,,,,,,zero baseline variation (MAD = 0),,,,
v1.1-reference,"Egypt, Arab Republic of",2025,,,,,,,,,,,zero baseline variation (MAD = 0),,,,
v1.1-reference,"Egypt, Arab Republic of",2026,,,,,,,,,,,zero baseline variation (MAD = 0),,,,
v1.1-reference,El Salvador,2020,,,,,,,,,,,zero baseline variation (MAD = 0),,,,
v1.1-reference,El Salvador,2021,,,,,,,,,,,zero baseline variation (MAD = 0),,,,
v1.1-reference,El Salvador,2022,,,,,,,,,,,zero baseline variation (MAD = 0),,,,
v1.1-reference,El Salvador,2023,,,,,,,,,,,zero baseline variation (MAD = 0),,,,
v1.1-reference,El Salvador,2024,,,,,,,,,,,zero baseline variation (MAD = 0),,,,
v1.1-reference,El Salvador,2025,,,,,,,,,,,zero baseline variation (MAD = 0),,,,
v1.1-reference,El Salvador,2026,,,,,,,,,,,zero baseline variation (MAD = 0),,,,
v1.1-reference,Equatorial Guinea,2020,,,,,,,,,,,zero baseline variation (MAD = 0),,,,
v1.1-reference,Equatorial Guinea,2021,,,,,,,,,,,zero baseline variation (MAD = 0),,,,
v1.1-reference,Equatorial Guinea,2022,,,,,,,,,,,zero baseline variation (MAD = 0),,,,
v1.1-reference,Equatorial Guinea,2023,,,,,,,,,,,zero baseline variation (MAD = 0),,,,
v1.1-reference,Equatorial Guinea,2024,,,,,,,,,,,zero baseline variation (MAD = 0),,,,
v1.1-reference,Equatorial Guinea,2025,,,,,,,,,,,zero baseline variation (MAD = 0),,,,
v1.1-reference,Equatorial Guinea,2026,,,,,,,,,,,zero baseline variation (MAD = 0),,,,
v1.1-reference,Eswatini,2020,,,,,,,,,,,zero baseline variation (MAD = 0),,,,
v1.1-reference,Eswatini,2021,,,,,,,,,,,zero baseline variation (MAD = 0),,,,
v1.1-reference,Eswatini,2022,,,,,,,,,,,zero baseline variation (MAD = 0),,,,
v1.1-reference,Eswatini,2023,,,,,,,,,,,zero baseline variation (MAD = 0),,,,
v1.1-reference,Eswatini,2024,,,,,,,,,,,zero baseline variation (MAD = 0),,,,
v1.1-reference,Eswatini,2025,,,,,,,,,,,zero baseline variation (MAD = 0),,,,
v1.1-reference,Eswatini,2026,,,,,,,,,,,zero baseline variation (MAD = 0),,,,
v1.1-reference,Fiji,2020,,,,,,,,,,,only 0 baseline years (<8),,,,
v1.1-reference,Fiji,2021,,,,,,,,,,,only 0 baseline years (<8),,,,
v1.1-reference,Fiji,2022,,,,,,,,,,,only 0 baseline years (<8),,,,
v1.1-reference,Fiji,2023,,,,,,,,,,,only 0 baseline years (<8),,,,
v1.1-reference,Fiji,2024,,,,,,,,,,,only 0 baseline years (<8),,,,
v1.1-reference,Fiji,2025,,,,,,,,,,,only 0 baseline years (<8),,,,
v1.1-reference,Fiji,2026,,,,,,,,,,,only 0 baseline years (<8),,,,
v1.1-reference,IFC,2020,,,,,,,,,,,only 0 baseline years (<8),,,,
v1.1-reference,IFC,2021,,,,,,,,,,,only 0 baseline years (<8),,,,
v1.1-reference,IFC,2022,,,,,,,,,,,only 0 baseline years (<8),,,,
v1.1-reference,IFC,2023,,,,,,,,,,,only 0 baseline years (<8),,,,
v1.1-reference,IFC,2024,,,,,,,,,,,only 0 baseline years (<8),,,,
v1.1-reference,IFC,2025,,,,,,,,,,,only 0 baseline years (<8),,,,
v1.1-reference,IFC,2026,,,,,,,,,,,only 0 baseline years (<8),,,,
v1.1-reference,Indonesia,2020,,,,,,,,,,,zero baseline variation (MAD = 0),,,,
v1.1-reference,Indonesia,2021,,,,,,,,,,,zero baseline variation (MAD = 0),,,,
v1.1-reference,Indonesia,2022,,,,,,,,,,,zero baseline variation (MAD = 0),,,,
v1.1-reference,Indonesia,2023,,,,,,,,,,,zero baseline variation (MAD = 0),,,,
v1.1-reference,Indonesia,2024,,,,,,,,,,,zero baseline variation (MAD = 0),,,,
v1.1-reference,Indonesia,2025,,,,,,,,,,,zero baseline variation (MAD = 0),,,,
v1.1-reference,Indonesia,2026,,,,,,,,,,,zero baseline variation (MAD = 0),,,,
v1.1-reference,Jordan,2020,,,,,,,,,,,zero baseline variation (MAD = 0),,,,
v1.1-reference,Jordan,2021,,,,,,,,,,,zero baseline variation (MAD = 0),,,,
v1.1-reference,Jordan,2022,,,,,,,,,,,zero baseline variation (MAD = 0),,,,
v1.1-reference,Jordan,2023,,,,,,,,,,,zero baseline variation (MAD = 0),,,,
v1.1-reference,Jordan,2024,,,,,,,,,,,zero baseline variation (MAD = 0),,,,
v1.1-reference,Jordan,2025,,,,,,,,,,,zero baseline variation (MAD = 0),,,,
v1.1-reference,Jordan,2026,,,,,,,,,,,zero baseline variation (MAD = 0),,,,
v1.1-reference,Lebanon,2020,,,,,,,,,,,only 2 baseline years (<8),,,,
v1.1-reference,Lebanon,2021,,,,,,,,,,,only 2 baseline years (<8),,,,
v1.1-reference,Lebanon,2022,,,,,,,,,,,only 2 baseline years (<8),,,,
v1.1-reference,Lebanon,2023,,,,,,,,,,,only 2 baseline years (<8),,,,
v1.1-reference,Lebanon,2024,,,,,,,,,,,only 2 baseline years (<8),,,,
v1.1-reference,Lebanon,2025,,,,,,,,,,,only 2 baseline years (<8),,,,
v1.1-reference,Lebanon,2026,,,,,,,,,,,only 2 baseline years (<8),,,,
v1.1-reference,MIGA,2020,,,,,,,,,,,only 0 baseline years (<8),,,,
v1.1-reference,MIGA,2021,,,,,,,,,,,only 0 baseline years (<8),,,,
v1.1-reference,MIGA,2022,,,,,,,,,,,only 0 baseline years (<8),,,,
v1.1-reference,MIGA,2023,,,,,,,,,,,only 0 baseline years (<8),,,,
v1.1-reference,MIGA,2024,,,,,,,,,,,only 0 baseline years (<8),,,,
v1.1-reference,MIGA,2025,,,,,,,,,,,only 0 baseline years (<8),,,,
v1.1-reference,MIGA,2026,,,,,,,,,,,only 0 baseline years (<8),,,,
v1.1-reference,Marshall Islands,2020,,,,,,,,,,,only 5 baseline years (<8),,,,
v1.1-reference,Marshall Islands,2021,,,,,,,,,,,only 5 baseline years (<8),,,,
v1.1-reference,Marshall Islands,2022,,,,,,,,,,,only 5 baseline years (<8),,,,
v1.1-reference,Marshall Islands,2023,,,,,,,,,,,only 5 baseline years (<8),,,,
v1.1-reference,Marshall Islands,2024,,,,,,,,,,,only 5 baseline years (<8),,,,
v1.1-reference,Marshall Islands,2025,,,,,,,,,,,only 5 baseline years (<8),,,,
v1.1-reference,Marshall Islands,2026,,,,,,,,,,,only 5 baseline years (<8),,,,
v1.1-reference,Mauritius,2020,,,,,,,,,,,zero baseline variation (MAD = 0),,,,
v1.1-reference,Mauritius,2021,,,,,,,,,,,zero baseline variation (MAD = 0),,,,
v1.1-reference,Mauritius,2022,,,,,,,,,,,zero baseline variation (MAD = 0),,,,
v1.1-reference,Mauritius,2023,,,,,,,,,,,zero baseline variation (MAD = 0),,,,
v1.1-reference,Mauritius,2024,,,,,,,,,,,zero baseline variation (MAD = 0),,,,
v1.1-reference,Mauritius,2026,,,,,,,,,,,zero baseline variation (MAD = 0),,,,
v1.1-reference,Mekong,2020,,,,,,,,,,,only 7 baseline years (<8),,,,
v1.1-reference,"Micronesia, Federated States of",2020,,,,,,,,,,,only 5 baseline years (<8),,,,
v1.1-reference,"Micronesia, Federated States of",2021,,,,,,,,,,,only 5 baseline years (<8),,,,
v1.1-reference,"Micronesia, Federated States of",2022,,,,,,,,,,,only 5 baseline years (<8),,,,
v1.1-reference,"Micronesia, Federated States of",2023,,,,,,,,,,,only 5 baseline years (<8),,,,
v1.1-reference,"Micronesia, Federated States of",2024,,,,,,,,,,,only 5 baseline years (<8),,,,
v1.1-reference,"Micronesia, Federated States of",2025,,,,,,,,,,,only 5 baseline years (<8),,,,
v1.1-reference,"Micronesia, Federated States of",2026,,,,,,,,,,,only 5 baseline years (<8),,,,
v1.1-reference,"Mid East,NorthAfrica, Afghan, Pakistan",2026,,,,,,,,,,,only 0 baseline years (<8),,,,
v1.1-reference,Middle East and North Africa,2022,,,,,,,,,,,only 0 baseline years (<8),,,,
v1.1-reference,Middle East and North Africa,2023,,,,,,,,,,,only 0 baseline years (<8),,,,
v1.1-reference,Middle East and North Africa,2024,,,,,,,,,,,only 0 baseline years (<8),,,,
v1.1-reference,Middle East and North Africa,2025,,,,,,,,,,,only 0 baseline years (<8),,,,
v1.1-reference,Morocco,2020,,,,,,,,,,,zero baseline variation (MAD = 0),,,,
v1.1-reference,Morocco,2021,,,,,,,,,,,zero baseline variation (MAD = 0),,,,
v1.1-reference,Morocco,2022,,,,,,,,,,,zero baseline variation (MAD = 0),,,,
v1.1-reference,Morocco,2023,,,,,,,,,,,zero baseline variation (MAD = 0),,,,
v1.1-reference,Morocco,2024,,,,,,,,,,,zero baseline variation (MAD = 0),,,,
v1.1-reference,Morocco,2025,,,,,,,,,,,zero baseline variation (MAD = 0),,,,
v1.1-reference,Myanmar,2020,,,,,,,,,,,only 6 baseline years (<8),,,,
v1.1-reference,Myanmar,2021,,,,,,,,,,,only 6 baseline years (<8),,,,
v1.1-reference,Myanmar,2022,,,,,,,,,,,only 6 baseline years (<8),,,,
v1.1-reference,Myanmar,2023,,,,,,,,,,,only 6 baseline years (<8),,,,
v1.1-reference,Myanmar,2024,,,,,,,,,,,only 6 baseline years (<8),,,,
v1.1-reference,Myanmar,2025,,,,,,,,,,,only 6 baseline years (<8),,,,
v1.1-reference,Myanmar,2026,,,,,,,,,,,only 6 baseline years (<8),,,,
v1.1-reference,North Macedonia,2020,,,,,,,,,,,zero baseline variation (MAD = 0),,,,
v1.1-reference,North Macedonia,2021,,,,,,,,,,,zero baseline variation (MAD = 0),,,,
v1.1-reference,North Macedonia,2022,,,,,,,,,,,zero baseline variation (MAD = 0),,,,
v1.1-reference,North Macedonia,2023,,,,,,,,,,,zero baseline variation (MAD = 0),,,,
v1.1-reference,North Macedonia,2024,,,,,,,,,,,zero baseline variation (MAD = 0),,,,
v1.1-reference,North Macedonia,2025,,,,,,,,,,,zero baseline variation (MAD = 0),,,,
v1.1-reference,North Macedonia,2026,,,,,,,,,,,zero baseline variation (MAD = 0),,,,
v1.1-reference,OECS Countries,2022,,,,,,,,,,,only 0 baseline years (<8),,,,
v1.1-reference,OECS Countries,2023,,,,,,,,,,,only 0 baseline years (<8),,,,
v1.1-reference,OECS Countries,2024,,,,,,,,,,,only 0 baseline years (<8),,,,
v1.1-reference,OECS Countries,2025,,,,,,,,,,,only 0 baseline years (<8),,,,
v1.1-reference,OECS Countries,2026,,,,,,,,,,,only 0 baseline years (<8),,,,
v1.1-reference,Pacific 1,2026,,,,,,,,,,,only 0 baseline years (<8),,,,
v1.1-reference,Pacific Islands,2020,,,,,,,,,,,only 5 baseline years (<8),,,,
v1.1-reference,Pacific Islands,2021,,,,,,,,,,,only 5 baseline years (<8),,,,
v1.1-reference,Pacific Islands,2022,,,,,,,,,,,only 5 baseline years (<8),,,,
v1.1-reference,Pacific Islands,2023,,,,,,,,,,,only 5 baseline years (<8),,,,
v1.1-reference,Pacific Islands,2024,,,,,,,,,,,only 5 baseline years (<8),,,,
v1.1-reference,Pacific Islands,2025,,,,,,,,,,,only 5 baseline years (<8),,,,
v1.1-reference,Pacific Islands,2026,,,,,,,,,,,only 5 baseline years (<8),,,,
v1.1-reference,Paraguay,2020,,,,,,,,,,,zero baseline variation (MAD = 0),,,,
v1.1-reference,Paraguay,2021,,,,,,,,,,,zero baseline variation (MAD = 0),,,,
v1.1-reference,Paraguay,2022,,,,,,,,,,,zero baseline variation (MAD = 0),,,,
v1.1-reference,Paraguay,2023,,,,,,,,,,,zero baseline variation (MAD = 0),,,,
v1.1-reference,Paraguay,2024,,,,,,,,,,,zero baseline variation (MAD = 0),,,,
v1.1-reference,Paraguay,2025,,,,,,,,,,,zero baseline variation (MAD = 0),,,,
v1.1-reference,Paraguay,2026,,,,,,,,,,,zero baseline variation (MAD = 0),,,,
v1.1-reference,Philippines,2020,,,,,,,,,,,zero baseline variation (MAD = 0),,,,
v1.1-reference,Philippines,2021,,,,,,,,,,,zero baseline variation (MAD = 0),,,,
v1.1-reference,Philippines,2022,,,,,,,,,,,zero baseline variation (MAD = 0),,,,
v1.1-reference,Philippines,2023,,,,,,,,,,,zero baseline variation (MAD = 0),,,,
v1.1-reference,Philippines,2024,,,,,,,,,,,zero baseline variation (MAD = 0),,,,
v1.1-reference,Philippines,2025,,,,,,,,,,,zero baseline variation (MAD = 0),,,,
v1.1-reference,Philippines,2026,,,,,,,,,,,zero baseline variation (MAD = 0),,,,
v1.1-reference,Somalia,2020,,,,,,,,,,,only 0 baseline years (<8),,,,
v1.1-reference,Somalia,2021,,,,,,,,,,,only 0 baseline years (<8),,,,
v1.1-reference,Somalia,2022,,,,,,,,,,,only 0 baseline years (<8),,,,
v1.1-reference,Somalia,2023,,,,,,,,,,,only 0 baseline years (<8),,,,
v1.1-reference,Somalia,2024,,,,,,,,,,,only 0 baseline years (<8),,,,
v1.1-reference,Somalia,2025,,,,,,,,,,,only 0 baseline years (<8),,,,
v1.1-reference,"Somalia, Federal Republic of",2026,,,,,,,,,,,only 0 baseline years (<8),,,,
v1.1-reference,South Asia,2020,,,,,,,,,,,only 0 baseline years (<8),,,,
v1.1-reference,South Asia,2021,,,,,,,,,,,only 0 baseline years (<8),,,,
v1.1-reference,South Asia,2022,,,,,,,,,,,only 0 baseline years (<8),,,,
v1.1-reference,South Asia,2023,,,,,,,,,,,only 0 baseline years (<8),,,,
v1.1-reference,South Asia,2024,,,,,,,,,,,only 0 baseline years (<8),,,,
v1.1-reference,South Asia,2025,,,,,,,,,,,only 0 baseline years (<8),,,,
v1.1-reference,South Asia,2026,,,,,,,,,,,only 0 baseline years (<8),,,,
v1.1-reference,South East Asia,2022,,,,,,,,,,,only 0 baseline years (<8),,,,
v1.1-reference,South East Asia,2023,,,,,,,,,,,only 0 baseline years (<8),,,,
v1.1-reference,South East Asia,2024,,,,,,,,,,,only 0 baseline years (<8),,,,
v1.1-reference,South Sudan,2020,,,,,,,,,,,only 6 baseline years (<8),,,,
v1.1-reference,South Sudan,2021,,,,,,,,,,,only 6 baseline years (<8),,,,
v1.1-reference,South Sudan,2022,,,,,,,,,,,only 6 baseline years (<8),,,,
v1.1-reference,South Sudan,2023,,,,,,,,,,,only 6 baseline years (<8),,,,
v1.1-reference,South Sudan,2024,,,,,,,,,,,only 6 baseline years (<8),,,,
v1.1-reference,South Sudan,2025,,,,,,,,,,,only 6 baseline years (<8),,,,
v1.1-reference,South Sudan,2026,,,,,,,,,,,only 6 baseline years (<8),,,,
v1.1-reference,St. Kitts and Nevis,2020,,,,,,,,,,,zero baseline variation (MAD = 0),,,,
v1.1-reference,St. Kitts and Nevis,2021,,,,,,,,,,,zero baseline variation (MAD = 0),,,,
v1.1-reference,St. Kitts and Nevis,2022,,,,,,,,,,,zero baseline variation (MAD = 0),,,,
v1.1-reference,St. Kitts and Nevis,2023,,,,,,,,,,,zero baseline variation (MAD = 0),,,,
v1.1-reference,St. Kitts and Nevis,2024,,,,,,,,,,,zero baseline variation (MAD = 0),,,,
v1.1-reference,St. Kitts and Nevis,2025,,,,,,,,,,,zero baseline variation (MAD = 0),,,,
v1.1-reference,St. Kitts and Nevis,2026,,,,,,,,,,,zero baseline variation (MAD = 0),,,,
v1.1-reference,Sudan,2021,,,,,,,,,,,only 0 baseline years (<8),,,,
v1.1-reference,Sudan,2022,,,,,,,,,,,only 0 baseline years (<8),,,,
v1.1-reference,Sudan,2023,,,,,,,,,,,only 0 baseline years (<8),,,,
v1.1-reference,Sudan,2024,,,,,,,,,,,only 0 baseline years (<8),,,,
v1.1-reference,Sudan,2025,,,,,,,,,,,only 0 baseline years (<8),,,,
v1.1-reference,Sudan,2026,,,,,,,,,,,only 0 baseline years (<8),,,,
v1.1-reference,Suriname,2025,,,,,,,,,,,only 0 baseline years (<8),,,,
v1.1-reference,Syrian Arab Republic,2025,,,,,,,,,,,only 2 baseline years (<8),,,,
v1.1-reference,Syrian Arab Republic,2026,,,,,,,,,,,only 2 baseline years (<8),,,,
v1.1-reference,Thailand & Myanmar CMU,2025,,,,,,,,,,,only 0 baseline years (<8),,,,
v1.1-reference,Thailand & Myanmar CMU,2026,,,,,,,,,,,only 0 baseline years (<8),,,,
v1.1-reference,Tunisia,2020,,,,,,,,,,,zero baseline variation (MAD = 0),,,,
v1.1-reference,Tunisia,2021,,,,,,,,,,,zero baseline variation (MAD = 0),,,,
v1.1-reference,Tunisia,2022,,,,,,,,,,,zero baseline variation (MAD = 0),,,,
v1.1-reference,Tunisia,2023,,,,,,,,,,,zero baseline variation (MAD = 0),,,,
v1.1-reference,Turkiye,2020,,,,,,,,,,,zero baseline variation (MAD = 0),,,,
v1.1-reference,Turkiye,2021,,,,,,,,,,,zero baseline variation (MAD = 0),,,,
v1.1-reference,Turkiye,2022,,,,,,,,,,,zero baseline variation (MAD = 0),,,,
v1.1-reference,Turkiye,2023,,,,,,,,,,,zero baseline variation (MAD = 0),,,,
v1.1-reference,Tuvalu,2020,,,,,,,,,,,only 7 baseline years (<8),,,,
v1.1-reference,Tuvalu,2021,,,,,,,,,,,only 7 baseline years (<8),,,,
v1.1-reference,Tuvalu,2022,,,,,,,,,,,only 7 baseline years (<8),,,,
v1.1-reference,Tuvalu,2023,,,,,,,,,,,only 7 baseline years (<8),,,,
v1.1-reference,Tuvalu,2024,,,,,,,,,,,only 7 baseline years (<8),,,,
v1.1-reference,Tuvalu,2025,,,,,,,,,,,only 7 baseline years (<8),,,,
v1.1-reference,Tuvalu,2026,,,,,,,,,,,only 7 baseline years (<8),,,,
v1.1-reference,Ukraine,2022,,,,,,,,,,,only 0 baseline years (<8),,,,
v1.1-reference,Ukraine,2023,,,,,,,,,,,only 0 baseline years (<8),,,,
v1.1-reference,Ukraine,2024,,,,,,,,,,,only 0 baseline years (<8),,,,
v1.1-reference,Ukraine,2025,,,,,,,,,,,only 0 baseline years (<8),,,,
v1.1-reference,Ukraine,2026,,,,,,,,,,,only 0 baseline years (<8),,,,
v1.1-reference,Vanuatu,2020,,,,,,,,,,,zero baseline variation (MAD = 0),,,,
v1.1-reference,Vanuatu,2021,,,,,,,,,,,zero baseline variation (MAD = 0),,,,
v1.1-reference,Vanuatu,2022,,,,,,,,,,,zero baseline variation (MAD = 0),,,,
v1.1-reference,Vanuatu,2023,,,,,,,,,,,zero baseline variation (MAD = 0),,,,
v1.1-reference,Vanuatu,2024,,,,,,,,,,,zero baseline variation (MAD = 0),,,,
v1.1-reference,Vanuatu,2025,,,,,,,,,,,zero baseline variation (MAD = 0),,,,
v1.1-reference,Vanuatu,2026,,,,,,,,,,,zero baseline variation (MAD = 0),,,,
v1.1-reference,Viet Nam,2024,,,,,,,,,,,only 0 baseline years (<8),,,,
v1.1-reference,Viet Nam,2025,,,,,,,,,,,only 0 baseline years (<8),,,,
v1.1-reference,Viet Nam,2026,,,,,,,,,,,only 0 baseline years (<8),,,,
v1.1-reference,Western and Central Africa,2022,,,,,,,,,,,only 0 baseline years (<8),,,,
v1.1-reference,Western and Central Africa,2023,,,,,,,,,,,only 0 baseline years (<8),,,,
v1.1-reference,Western and Central Africa,2024,,,,,,,,,,,only 0 baseline years (<8),,,,
v1.1-reference,Western and Central Africa,2025,,,,,,,,,,,only 0 baseline years (<8),,,,
v1.1-reference,Western and Central Africa,2026,,,,,,,,,,,only 0 baseline years (<8),,,,
v1.1-reference,Zimbabwe,2020,,,,,,,,,,,only 4 baseline years (<8),,,,
v1.1-reference,Zimbabwe,2021,,,,,,,,,,,only 4 baseline years (<8),,,,
v1.1-reference,Zimbabwe,2022,,,,,,,,,,,only 4 baseline years (<8),,,,
v1.1-reference,Zimbabwe,2023,,,,,,,,,,,only 4 baseline years (<8),,,,
v1.1-reference,Zimbabwe,2024,,,,,,,,,,,only 4 baseline years (<8),,,,
v1.1-reference,Zimbabwe,2025,,,,,,,,,,,only 4 baseline years (<8),,,,
v1.1-reference,Zimbabwe,2026,,,,,,,,,,,only 4 baseline years (<8),,,,
v2-fixed,Afghanistan,2020,0.5063472078931146,-0.05711499076590529,-2.2020371877659053,2.087807206234095,0.7149740656666667,0.7880876044554542,9.0,,,,charted,541841779.4,0.0,0.0,2011-2019
v2-fixed,Afghanistan,2021,-0.14913619742357923,-0.05711499076590529,-2.2020371877659053,2.087807206234095,0.7149740656666667,-0.1287056567175904,9.0,,,,charted,465789168.6,0.0,0.0,2011-2019
v2-fixed,Afghanistan,2022,-1.0280910244587853,-0.05711499076590529,-2.2020371877659053,2.087807206234095,0.7149740656666667,-1.3580576979215437,9.0,,,,charted,162057958.9,0.0,0.0,2011-2019
v2-fixed,Afghanistan,2023,-3.172976934410284,-0.05711499076590529,-2.2020371877659053,2.087807206234095,0.7149740656666667,-4.358006944963858,9.0,beyond_limits,medium,"Afghanistan FY2023: year-over-year change of -96% is below the expected range -89% to +707% (learned from FY2011-2019, where a typical year was -6%); that is 4.4 robust sigmas from the typical year (limits sit at 3), so 1.4 beyond the -89% limit.",charted,-2594221.8,0.0,0.0,2011-2019
v2-fixed,Afghanistan,2024,2.6581715889363124,-0.05711499076590529,-2.2020371877659053,2.087807206234095,0.7149740656666667,3.7977413588706748,9.0,beyond_limits,medium,"Afghanistan FY2024: year-over-year change of +1327% is above the expected range -89% to +707% (learned from FY2011-2019, where a typical year was -6%); that is 3.8 robust sigmas from the typical year (limits sit at 3), so 0.8 beyond the +707% limit.",charted,93998325.15,0.0,0.0,2011-2019
v2-fixed,Afghanistan,2025,0.581831072369035,-0.05711499076590529,-2.2020371877659053,2.087807206234095,0.7149740656666667,0.8936632723022825,9.0,,,,charted,173783345.3,0.0,0.0,2011-2019
v2-fixed,Afghanistan,2026,-0.8697873420937142,-0.05711499076590529,-2.2020371877659053,2.087807206234095,0.7149740656666667,-1.1366459153592445,9.0,,,,charted,68707102.33,0.0,0.0,2011-2019
v2-fixed,Africa,2020,0.2693830637881586,-0.09305489655518671,-0.9969754594610648,0.8108656663506913,0.30130685430195936,1.202886542966336,9.0,,,,charted,31149681.83,0.0,0.0,2011-2019
v2-fixed,Africa,2021,-0.8437316409228554,-0.09305489655518671,-0.9969754594610648,0.8108656663506913,0.30130685430195936,-2.4914028129455237,9.0,,,,charted,12584631.92,0.0,0.0,2011-2019
v2-fixed,Albania,2020,-0.2664069144293287,-0.3629328226953257,-1.5827619840506435,0.8568963386599922,0.4066097204517726,0.23739203322229918,9.0,,,,charted,402529.74,0.0,0.0,2011-2019
v2-fixed,Albania,2021,-0.4065147059657215,-0.3629328226953257,-1.5827619840506435,0.8568963386599922,0.4066097204517726,-0.1071835745145817,9.0,,,,charted,32506.63,0.0,0.0,2011-2019
v2-fixed,Albania,2022,-0.04506381022118312,-0.3629328226953257,-1.5827619840506435,0.8568963386599922,0.4066097204517726,0.7817545830457945,9.0,,,,charted,0.0,0.0,0.0,2011-2019
v2-fixed,Albania,2023,,,,,,,9.0,,,,dormant,0.0,0.0,0.0,2011-2019
v2-fixed,Albania,2024,,,,,,,9.0,,,,dormant,0.0,0.0,0.0,2011-2019
v2-fixed,Albania,2025,,,,,,,9.0,,,,dormant,0.0,0.0,0.0,2011-2019
v2-fixed,Albania,2026,,,,,,,9.0,,,,dormant,0.0,0.0,0.0,2011-2019
v2-fixed,Angola,2020,-0.9453557209114176,-0.06315682291163119,-1.189538337905329,1.0632246920820665,0.3754605049978993,-2.3496449992915296,9.0,,,,charted,10340932.95,0.0,0.0,2011-2019
v2-fixed,Angola,2021,-0.7346283041799921,-0.06315682291163119,-1.189538337905329,1.0632246920820665,0.3754605049978993,-1.7883944445025393,9.0,,,,charted,3710856.74,0.0,0.0,2011-2019
v2-fixed,Angola,2022,0.1873829672967318,-0.06315682291163119,-1.189538337905329,1.0632246920820665,0.3754605049978993,0.6672866702977581,9.0,,,,charted,4970539.22,0.0,0.0,2011-2019
v2-fixed,Angola,2023,-1.1216111088356966,-0.06315682291163119,-1.189538337905329,1.0632246920820665,0.3754605049978993,-2.8190828911019215,9.0,,,,charted,-42362.35,0.0,0.0,2011-2019
v2-fixed,Angola,2024,,,,,,,9.0,,,,dormant,0.0,0.0,0.0,2011-2019
v2-fixed,Angola,2025,,,,,,,9.0,,,,dormant,0.0,0.0,0.0,2011-2019
v2-fixed,Angola,2026,,,,,,,9.0,,,,dormant,0.0,0.0,0.0,2011-2019
v2-fixed,Armenia,2020,-0.04785113574714983,-0.22589267173833788,-2.667572314544249,2.2157869710675735,0.8138932142686371,0.21875294310098878,9.0,,,,charted,7113788.01,0.0,0.0,2011-2019
v2-fixed,Armenia,2021,0.06317665293953661,-0.22589267173833788,-2.667572314544249,2.2157869710675735,0.8138932142686371,0.35516861378139347,9.0,,,,charted,7631248.55,0.0,0.0,2011-2019
v2-fixed,Armenia,2022,-0.601940557321392,-0.22589267173833788,-2.667572314544249,2.2157869710675735,0.8138932142686371,-0.46203590224175783,9.0,,,,charted,3808745.4,0.0,0.0,2011-2019
v2-fixed,Armenia,2023,-0.4677956516519491,-0.22589267173833788,-2.667572314544249,2.2157869710675735,0.8138932142686371,-0.2972170988438388,9.0,,,,charted,2079024.89,0.0,0.0,2011-2019
v2-fixed,Armenia,2024,0.09548788798768551,-0.22589267173833788,-2.667572314544249,2.2157869710675735,0.8138932142686371,0.3948682137801276,9.0,,,,charted,2369584.14,0.0,0.0,2011-2019
v2-fixed,Armenia,2025,-1.3575281319648116,-0.22589267173833788,-2.667572314544249,2.2157869710675735,0.8138932142686371,-1.3903979544089935,9.0,,,,charted,-634432.06,0.0,0.0,2011-2019
v2-fixed,Armenia,2026,,,,,,,9.0,,,,dormant,0.0,0.0,0.0,2011-2019
v2-fixed,Azerbaijan,2020,,,,,,,8.0,,,,dormant,0.0,0.0,1.0,2011-2018
v2-fixed,Azerbaijan,2021,,,,,,,8.0,,,,dormant,0.0,0.0,1.0,2011-2018
v2-fixed,Azerbaijan,2022,,,,,,,8.0,,,,dormant,0.0,0.0,1.0,2011-2018
v2-fixed,Azerbaijan,2023,,,,,,,8.0,,,,dormant,0.0,0.0,1.0,2011-2018
v2-fixed,Azerbaijan,2024,,,,,,,8.0,,,,dormant,0.0,0.0,1.0,2011-2018
v2-fixed,Azerbaijan,2025,,,,,,,8.0,,,,dormant,0.0,0.0,1.0,2011-2018
v2-fixed,Azerbaijan,2026,,,,,,,8.0,,,,dormant,0.0,0.0,1.0,2011-2018
v2-fixed,Bangladesh,2020,-0.33634480994625193,0.1491668559813844,-0.20948871833922295,0.5078224303019918,0.11955185810686912,-4.0610967793878245,9.0,beyond_limits,medium,"Bangladesh FY2020: year-over-year change of -29% is below the expected range -19% to +66% (learned from FY2011-2019, where a typical year was +16%); that is 4.1 robust sigmas from the typical year (limits sit at 3), so 1.1 beyond the -19% limit.",charted,1369681205.0,0.0,0.0,2011-2019
v2-fixed,Bangladesh,2021,0.133487689185182,0.1491668559813844,-0.20948871833922295,0.5078224303019918,0.11955185810686912,-0.1311495031903776,9.0,,,,charted,1571275693.0,0.0,0.0,2011-2019
v2-fixed,Bangladesh,2022,0.07568845031317603,0.1491668559813844,-0.20948871833922295,0.5078224303019918,0.11955185810686912,-0.6146153379107246,9.0,,,,charted,1698119812.0,0.0,0.0,2011-2019
v2-fixed,Bangladesh,2023,0.1268369462023017,0.1491668559813844,-0.20948871833922295,0.5078224303019918,0.11955185810686912,-0.18678011477765297,9.0,,,,charted,1933435969.0,0.0,0.0,2011-2019
v2-fixed,Bangladesh,2024,0.12158842900522282,0.1491668559813844,-0.20948871833922295,0.5078224303019918,0.11955185810686912,-0.2306817092839229,9.0,,,,charted,2188835158.0,0.0,0.0,2011-2019
v2-fixed,Bangladesh,2025,-0.09084142962554743,0.1491668559813844,-0.20948871833922295,0.5078224303019918,0.11955185810686912,-2.0075663348735655,9.0,,,,charted,1995117289.0,0.0,0.0,2011-2019
v2-fixed,Bangladesh,2026,0.01605380642722119,0.1491668559813844,-0.20948871833922295,0.5078224303019918,0.11955185810686912,-1.1134335481023772,9.0,,,,charted,2028084269.0,0.0,0.0,2011-2019
v2-fixed,Belize,2025,,,,,,,0.0,,,,no_prior_year,0.0,0.0,0.0,
v2-fixed,Belize,2026,,,,,,,0.0,,,,insufficient_history: no eligible baseline years,4832084.08,0.0,0.0,
v2-fixed,Benin,2020,0.6134306532961354,0.2104514908959672,-0.5986691150582062,1.0195720968501405,0.2697068686513911,1.4941375591032422,9.0,,,,charted,276698103.2,0.0,0.0,2011-2019
v2-fixed,Benin,2021,-0.04371862648657019,0.2104514908959672,-0.5986691150582062,1.0195720968501405,0.2697068686513911,-0.9423939355102755,9.0,,,,charted,264649325.9,0.0,0.0,2011-2019
v2-fixed,Benin,2022,0.11447481275597092,0.2104514908959672,-0.5986691150582062,1.0195720968501405,0.2697068686513911,-0.35585552055053776,9.0,,,,charted,297349754.3,0.0,0.0,2011-2019
v2-fixed,Benin,2023,0.4923047924131863,0.2104514908959672,-0.5986691150582062,1.0195720968501405,0.2697068686513911,1.0450356823560465,9.0,,,,charted,489649129.2,0.0,0.0,2011-2019
v2-fixed,Benin,2024,0.2150022435519959,0.2104514908959672,-0.5986691150582062,1.0195720968501405,0.2697068686513911,0.016872957959075036,9.0,,,,charted,608290413.1,0.0,0.0,2011-2019
v2-fixed,Benin,2025,-0.3136944069351595,0.2104514908959672,-0.5986691150582062,1.0195720968501405,0.2697068686513911,-1.9433909876007276,9.0,,,,charted,443165747.6,0.0,0.0,2011-2019
v2-fixed,Benin,2026,0.3428045250215879,0.2104514908959672,-0.5986691150582062,1.0195720968501405,0.2697068686513911,0.49072919346630833,9.0,,,,charted,626404827.9,0.0,0.0,2011-2019
v2-fixed,Bhutan,2020,0.5306014588284095,0.15404480234978368,-5.169080096082918,5.477169700782485,1.7743749661442338,0.21221932436123908,9.0,,,,charted,56759408.59,0.0,0.0,2011-2019
v2-fixed,Bhutan,2021,-0.44047998769299007,0.15404480234978368,-5.169080096082918,5.477169700782485,1.7743749661442338,-0.33506152948871487,9.0,,,,charted,36093195.95,0.0,0.0,2011-2019
v2-fixed,Bhutan,2022,0.5132810669843119,0.15404480234978368,-5.169080096082918,5.477169700782485,1.7743749661442338,0.2024579198246685,9.0,,,,charted,61139878.51,0.0,0.0,2011-2019
v2-fixed,Bhutan,2023,-2.4161088226586336,0.15404480234978368,-5.169080096082918,5.477169700782485,1.7743749661442338,-1.4484839304250514,9.0,,,,charted,4321872.49,0.0,0.0,2011-2019
v2-fixed,Bhutan,2024,2.3336329271277845,0.15404480234978368,-5.169080096082918,5.477169700782485,1.7743749661442338,1.2283695196141695,9.0,,,,charted,56200910.12,0.0,0.0,2011-2019
v2-fixed,Bhutan,2025,-2.690280255618926,0.15404480234978368,-5.169080096082918,5.477169700782485,1.7743749661442338,-1.6030011199659264,9.0,,,,charted,2651220.18,0.0,0.0,2011-2019
v2-fixed,Bhutan,2026,2.890378787790065,0.15404480234978368,-5.169080096082918,5.477169700782485,1.7743749661442338,1.5421396478481721,9.0,,,,charted,68927022.45,0.0,0.0,2011-2019
v2-fixed,Bolivia,2020,-1.2067317728521039,0.07881650990866788,-1.506328516980425,1.663961536797761,0.5283816756296976,-2.43299179750835,9.0,,,,charted,15159598.76,0.0,0.0,2011-2019
v2-fixed,Bolivia,2021,1.1581833613553376,0.07881650990866788,-1.506328516980425,1.663961536797761,0.5283816756296976,2.042778735958882,9.0,,,,charted,53917826.95,0.0,0.0,2011-2019
v2-fixed,Bolivia,2022,-0.6789652731924476,0.07881650990866788,-1.506328516980425,1.663961536797761,0.5283816756296976,-1.4341560618998204,9.0,,,,charted,26069593.71,0.0,0.0,2011-2019
v2-fixed,Bolivia,2023,0.4840137197102189,0.07881650990866788,-1.506328516980425,1.663961536797761,0.5283816756296976,0.7668646141421505,9.0,,,,charted,43909616.99,0.0,0.0,2011-2019
v2-fixed,Bolivia,2024,-0.13700792945179033,0.07881650990866788,-1.506328516980425,1.663961536797761,0.5283816756296976,-0.40846314191961697,9.0,,,,charted,37956513.65,0.0,0.0,2011-2019
v2-fixed,Bolivia,2025,-0.44169113553567985,0.07881650990866788,-1.506328516980425,1.663961536797761,0.5283816756296976,-0.9850978363775276,9.0,,,,charted,23480851.36,0.0,0.0,2011-2019
v2-fixed,Bolivia,2026,-0.71905073329342,0.07881650990866788,-1.506328516980425,1.663961536797761,0.5283816756296976,-1.5100206536330605,9.0,,,,charted,10114314.9,0.0,0.0,2011-2019
v2-fixed,Bosnia and Herzegovina,2020,0.030960171085852042,-0.0027466047678624365,-1.6042093265073658,1.598716116971641,0.5338209072465011,0.06314247980203179,9.0,,,,charted,26299014.29,0.0,0.0,2011-2019
v2-fixed,Bosnia and Herzegovina,2021,-1.399798000722096,-0.0027466047678624365,-1.6042093265073658,1.598716116971641,0.5338209072465011,-2.617078831101534,9.0,,,,charted,5378099.04,0.0,0.0,2011-2019
v2-fixed,Bosnia and Herzegovina,2022,-1.537972335971571,-0.0027466047678624365,-1.6042093265073658,1.598716116971641,0.5338209072465011,-2.875919077659488,9.0,,,,charted,0.0,0.0,0.0,2011-2019
v2-fixed,Bosnia and Herzegovina,2023,,,,,,,9.0,,,,dormant,0.0,0.0,0.0,2011-2019
v2-fixed,Bosnia and Herzegovina,2024,,,,,,,9.0,,,,dormant,0.0,0.0,0.0,2011-2019
v2-fixed,Bosnia and Herzegovina,2025,,,,,,,9.0,,,,dormant,0.0,0.0,0.0,2011-2019
v2-fixed,Bosnia and Herzegovina,2026,,,,,,,9.0,,,,dormant,0.0,0.0,0.0,2011-2019
v2-fixed,Botswana,2020,,,,,,,0.0,,,,dormant,0.0,0.0,9.0,
v2-fixed,Botswana,2021,,,,,,,0.0,,,,dormant,0.0,0.0,9.0,
v2-fixed,Botswana,2022,,,,,,,0.0,,,,dormant,0.0,0.0,9.0,
v2-fixed,Botswana,2023,,,,,,,0.0,,,,dormant,0.0,0.0,9.0,
v2-fixed,Botswana,2024,,,,,,,0.0,,,,dormant,0.0,0.0,9.0,
v2-fixed,Burkina Faso,2020,0.33594255688884633,-0.015452748120811087,-1.6113513837951297,1.5804458875535075,0.5319662118914396,0.6605594437290466,9.0,,,,charted,437290840.5,0.0,0.0,2011-2019
v2-fixed,Burkina Faso,2021,0.0442922421516926,-0.015452748120811087,-1.6113513837951297,1.5804458875535075,0.5319662118914396,0.1123097462526362,9.0,,,,charted,457728169.3,0.0,0.0,2011-2019
v2-fixed,Burkina Faso,2022,-0.16141738540512557,-0.015452748120811087,-1.6113513837951297,1.5804458875535075,0.5319662118914396,-0.27438704568346167,9.0,,,,charted,387412961.8,0.0,0.0,2011-2019
v2-fixed,Burkina Faso,2023,0.3966892451817187,-0.015452748120811087,-1.6113513837951297,1.5804458875535075,0.5319662118914396,0.7747522005902083,9.0,,,,charted,582851618.4,0.0,0.0,2011-2019
v2-fixed,Burkina Faso,2024,-0.09699418151296973,-0.015452748120811087,-1.6113513837951297,1.5804458875535075,0.5319662118914396,-0.1532831062751766,9.0,,,,charted,527680718.6,0.0,0.0,2011-2019
v2-fixed,Burkina Faso,2025,0.13053629984826312,-0.015452748120811087,-1.6113513837951297,1.5804458875535075,0.5319662118914396,0.274432933343644,9.0,,,,charted,603210344.5,0.0,0.0,2011-2019
v2-fixed,Burkina Faso,2026,-0.07652376108735497,-0.015452748120811087,-1.6113513837951297,1.5804458875535075,0.5319662118914396,-0.11480242842755374,9.0,,,,charted,557742048.7,0.0,0.0,2011-2019
v2-fixed,Burundi,2020,0.059140072897283444,0.017748565232931324,-1.3035546183637523,1.3390517488296148,0.4404343945322279,0.09397882676332033,9.0,,,,charted,110073213.7,0.0,0.0,2011-2019
v2-fixed,Burundi,2021,-0.2846081474624255,0.017748565232931324,-1.3035546183637523,1.3390517488296148,0.4404343945322279,-0.6864965961990339,9.0,,,,charted,81731842.56,0.0,0.0,2011-2019
v2-fixed,Burundi,2022,0.3645191982643058,0.017748565232931324,-1.3035546183637523,1.3390517488296148,0.4404343945322279,0.7873377677501076,9.0,,,,charted,119592085.3,0.0,0.0,2011-2019
v2-fixed,Burundi,2023,0.06209975972982865,0.017748565232931324,-1.3035546183637523,1.3390517488296148,0.4404343945322279,0.10069875342955764,9.0,,,,charted,127532808.1,0.0,0.0,2011-2019
v2-fixed,Burundi,2024,0.453780739997545,0.017748565232931324,-1.3035546183637523,1.3390517488296148,0.4404343945322279,0.9900048229151366,9.0,,,,charted,203266344.9,0.0,0.0,2011-2019
v2-fixed,Burundi,2025,-0.045941059198615554,0.017748565232931324,-1.3035546183637523,1.3390517488296148,0.4404343945322279,-0.14460638229489256,9.0,,,,charted,193944050.4,0.0,0.0,2011-2019
v2-fixed,Burundi,2026,0.3274099166155462,0.017748565232931324,-1.3035546183637523,1.3390517488296148,0.4404343945322279,0.7030816739721176,9.0,,,,charted,270756870.0,0.0,0.0,2011-2019
v2-fixed,Cabo Verde,2020,0.9725557668165515,-0.3080992562312846,-6.464159567532268,5.847961055069699,2.0520201037669943,0.6240947740701345,9.0,,,,charted,68032485.26,0.0,0.0,2011-2019
v2-fixed,Cabo Verde,2021,-0.01040747918866068,-0.3080992562312846,-6.464159567532268,5.847961055069699,2.0520201037669943,0.14507254412183215,9.0,,,,charted,67321138.85,0.0,0.0,2011-2019
v2-fixed,Cabo Verde,2022,-0.38095384887775774,-0.3080992562312846,-6.464159567532268,5.847961055069699,2.0520201037669943,-0.03550383961284316,9.0,,,,charted,45781127.05,0.0,0.0,2011-2019
v2-fixed,Cabo Verde,2023,0.5135716172149372,-0.3080992562312846,-6.464159567532268,5.847961055069699,2.0520201037669943,0.40042047928177704,9.0,,,,charted,76963672.98,0.0,0.0,2011-2019
v2-fixed,Cabo Verde,2024,-0.47798829556680533,-0.3080992562312846,-6.464159567532268,5.847961055069699,2.0520201037669943,-0.0827911183831226,9.0,,,,charted,47463893.1,0.0,0.0,2011-2019
v2-fixed,Cabo Verde,2025,0.3088943493268722,-0.3080992562312846,-6.464159567532268,5.847961055069699,2.0520201037669943,0.3006761992367966,9.0,,,,charted,64885648.7,0.0,0.0,2011-2019
v2-fixed,Cabo Verde,2026,0.1819637813954432,-0.3080992562312846,-6.464159567532268,5.847961055069699,2.0520201037669943,0.2388198033377426,9.0,,,,charted,77969305.88,0.0,0.0,2011-2019
v2-fixed,Cambodia,2020,0.34318508390588737,0.04595082477344958,-2.291194114746284,2.383095764293183,0.7790483131732444,0.38153507825687183,9.0,,,,charted,78345915.25,0.0,0.0,2011-2019
v2-fixed,Cambodia,2021,-0.11896434991189911,0.04595082477344958,-2.291194114746284,2.383095764293183,0.7790483131732444,-0.2116879940521416,9.0,,,,charted,69337894.67,0.0,0.0,2011-2019
v2-fixed,Cambodia,2022,1.3248679352577277,0.04595082477344958,-2.291194114746284,2.383095764293183,0.7790483131732444,1.6416403050472597,9.0,,,,charted,266261774.0,0.0,0.0,2011-2019
v2-fixed,Cambodia,2023,0.3858293797679721,0.04595082477344958,-2.291194114746284,2.383095764293183,0.7790483131732444,0.4362740400657802,9.0,,,,charted,392553254.6,0.0,0.0,2011-2019
v2-fixed,Cambodia,2024,-1.0475618327554694,0.04595082477344958,-2.291194114746284,2.383095764293183,0.7790483131732444,-1.4036519161113234,9.0,,,,charted,136427085.0,0.0,0.0,2011-2019
v2-fixed,Cambodia,2025,1.128602484476109,0.04595082477344958,-2.291194114746284,2.383095764293183,0.7790483131732444,1.3897105499051376,9.0,,,,charted,425856733.8,0.0,0.0,2011-2019
v2-fixed,Cambodia,2026,-0.6387548955281547,0.04595082477344958,-2.291194114746284,2.383095764293183,0.7790483131732444,-0.8789002026236846,9.0,,,,charted,223901932.9,0.0,0.0,2011-2019
v2-fixed,Cameroon,2020,1.0216553412724194,-0.037046733729382796,-0.3137117083026979,0.23961824084393232,0.09222165819110505,11.479972229602742,9.0,beyond_limits,high,"Cameroon FY2020: year-over-year change of +178% is above the expected range -27% to +27% (learned from FY2011-2019, where a typical year was -4%); that is 11.5 robust sigmas from the typical year (limits sit at 3), so 8.5 beyond the +27% limit.",charted,314896362.1,0.0,0.0,2011-2019
v2-fixed,Cameroon,2021,-0.6242494544521582,-0.037046733729382796,-0.3137117083026979,0.23961824084393232,0.09222165819110505,-6.367297359866949,9.0,beyond_limits,high,"Cameroon FY2021: year-over-year change of -46% is below the expected range -27% to +27% (learned from FY2011-2019, where a typical year was -4%); that is 6.4 robust sigmas from the typical year (limits sit at 3), so 3.4 beyond the -27% limit.",charted,165938707.0,0.0,0.0,2011-2019
v2-fixed,Cameroon,2022,0.35241789184244615,-0.037046733729382796,-0.3137117083026979,0.23961824084393232,0.09222165819110505,4.223136226468259,9.0,beyond_limits,medium,"Cameroon FY2022: year-over-year change of +42% is above the expected range -27% to +27% (learned from FY2011-2019, where a typical year was -4%); that is 4.2 robust sigmas from the typical year (limits sit at 3), so 1.2 beyond the +27% limit.",charted,238541175.0,0.0,0.0,2011-2019
v2-fixed,Cameroon,2023,0.1796869857147222,-0.037046733729382796,-0.3137117083026979,0.23961824084393232,0.09222165819110505,2.3501390421215542,9.0,,,,charted,286657687.8,0.0,0.0,2011-2019
v2-fixed,Cameroon,2024,0.05603974595844957,-0.037046733729382796,-0.3137117083026979,0.23961824084393232,0.09222165819110505,1.0093776398482797,9.0,,,,charted,303520647.9,0.0,0.0,2011-2019
v2-fixed,Cameroon,2025,0.43785074589923595,-0.037046733729382796,-0.3137117083026979,0.23961824084393232,0.09222165819110505,5.149522237439268,9.0,beyond_limits,high,"Cameroon FY2025: year-over-year change of +55% is above the expected range -27% to +27% (learned from FY2011-2019, where a typical year was -4%); that is 5.1 robust sigmas from the typical year (limits sit at 3), so 2.1 beyond the +27% limit.",charted,473508357.0,0.0,0.0,2011-2019
v2-fixed,Cameroon,2026,0.26391352770327897,-0.037046733729382796,-0.3137117083026979,0.23961824084393232,0.09222165819110505,3.2634444807856418,9.0,beyond_limits,medium,"Cameroon FY2026: year-over-year change of +30% is above the expected range -27% to +27% (learned from FY2011-2019, where a typical year was -4%); that is 3.3 robust sigmas from the typical year (limits sit at 3), so 0.3 beyond the +27% limit.",charted,618297249.9,0.0,0.0,2011-2019
v2-fixed,Caribbean,2020,,,,,,,5.0,,,,insufficient_history: only 5 baseline years (<8),1750102.07,0.0,4.0,2011-2019
v2-fixed,Caribbean,2021,,,,,,,5.0,,,,insufficient_history: only 5 baseline years (<8),2127783.01,0.0,4.0,2011-2019
v2-fixed,Caribbean,2022,,,,,,,5.0,,,,insufficient_history: only 5 baseline years (<8),1503105.32,0.0,4.0,2011-2019
v2-fixed,Caribbean,2023,,,,,,,5.0,,,,insufficient_history: only 5 baseline years (<8),3743030.29,0.0,4.0,2011-2019
v2-fixed,Caribbean,2024,,,,,,,5.0,,,,insufficient_history: only 5 baseline years (<8),1145713.58,0.0,4.0,2011-2019
v2-fixed,Caribbean,2025,,,,,,,5.0,,,,insufficient_history: only 5 baseline years (<8),1730274.21,0.0,4.0,2011-2019
v2-fixed,Caribbean,2026,,,,,,,5.0,,,,insufficient_history: only 5 baseline years (<8),4148392.27,0.0,4.0,2011-2019
v2-fixed,Central Africa,2020,,,,,,,5.0,,,,insufficient_history: only 5 baseline years (<8),4710102.23,0.0,4.0,2013-2017
v2-fixed,Central Africa,2021,,,,,,,5.0,,,,insufficient_history: only 5 baseline years (<8),2652478.61,0.0,4.0,2013-2017
v2-fixed,Central Africa,2022,,,,,,,5.0,,,,insufficient_history: only 5 baseline years (<8),5814113.6,0.0,4.0,2013-2017
v2-fixed,Central Africa,2023,,,,,,,5.0,,,,insufficient_history: only 5 baseline years (<8),4575554.72,0.0,4.0,2013-2017
v2-fixed,Central Africa,2024,,,,,,,5.0,,,,insufficient_history: only 5 baseline years (<8),4805605.27,0.0,4.0,2013-2017
v2-fixed,Central Africa,2025,,,,,,,5.0,,,,insufficient_history: only 5 baseline years (<8),4787520.53,0.0,4.0,2013-2017
v2-fixed,Central Africa,2026,,,,,,,5.0,,,,insufficient_history: only 5 baseline years (<8),-2317592.54,0.0,4.0,2013-2017
v2-fixed,Central African Republic,2020,-0.7189908920104587,0.3482762131861815,-1.1948118284165758,1.8913642547889387,0.5143626805342524,-2.0749310663209535,9.0,,,,charted,75333621.16,0.0,0.0,2011-2019
v2-fixed,Central African Republic,2021,0.7754151197296102,0.3482762131861815,-1.1948118284165758,1.8913642547889387,0.5143626805342524,0.8304235954672545,9.0,,,,charted,165919853.5,0.0,0.0,2011-2019
v2-fixed,Central African Republic,2022,-0.3883476793437426,0.3482762131861815,-1.1948118284165758,1.8913642547889387,0.5143626805342524,-1.4321099107828275,9.0,,,,charted,111881936.0,0.0,0.0,2011-2019
v2-fixed,Central African Republic,2023,0.05033969877204649,0.3482762131861815,-1.1948118284165758,1.8913642547889387,0.5143626805342524,-0.5792343140149238,9.0,,,,charted,117761040.9,0.0,0.0,2011-2019
v2-fixed,Central African Republic,2024,0.16766193901844356,0.3482762131861815,-1.1948118284165758,1.8913642547889387,0.5143626805342524,-0.35114187129622154,9.0,,,,charted,139620340.3,0.0,0.0,2011-2019
v2-fixed,Central African Republic,2025,-0.16757367528811576,0.3482762131861815,-1.1948118284165758,1.8913642547889387,0.5143626805342524,-1.0028913605055876,9.0,,,,charted,117771611.2,0.0,0.0,2011-2019
v2-fixed,Central African Republic,2026,0.7189752582999949,0.3482762131861815,-1.1948118284165758,1.8913642547889387,0.5143626805342524,0.7206958419471254,9.0,,,,charted,243802137.7,0.0,0.0,2011-2019
v2-fixed,Central Asia,2020,0.15183537347002327,-0.01282853451158933,-1.6978856073922348,1.6722285383690563,0.5616856909602151,0.29316023290555204,9.0,,,,charted,3294818.75,0.0,0.0,2011-2019
v2-fixed,Central Asia,2021,0.3862130074801331,-0.01282853451158933,-1.6978856073922348,1.6722285383690563,0.5616856909602151,0.7104356554099702,9.0,,,,charted,4895129.71,0.0,0.0,2011-2019
v2-fixed,Central Asia,2022,-0.49679344440523804,-0.01282853451158933,-1.6978856073922348,1.6722285383690563,0.5616856909602151,-0.86162940890714,9.0,,,,charted,2939429.81,0.0,0.0,2011-2019
v2-fixed,Central Asia,2023,-0.0015952021992986288,-0.01282853451158933,-1.6978856073922348,1.6722285383690563,0.5616856909602151,0.019999320782210155,9.0,,,,charted,2934585.17,0.0,0.0,2011-2019
v2-fixed,Central Asia,2024,-3.412659826120832,-0.01282853451158933,-1.6978856073922348,1.6722285383690563,0.5616856909602151,-6.052907072988007,9.0,beyond_limits,high,"Central Asia FY2024: year-over-year change of -97% is below the expected range -82% to +432% (learned from FY2011-2019, where a typical year was -1%); that is 6.1 robust sigmas from the typical year (limits sit at 3), so 3.1 beyond the -82% limit.",charted,-1411.79,0.0,0.0,2011-2019
v2-fixed,Central Asia,2026,,,,,,,9.0,,,,no_prior_year,0.0,0.0,0.0,2011-2019
v2-fixed,Chad,2020,0.3386482195891908,0.13357231528656344,-0.0583505646166525,0.3254951951897794,0.06397429330107197,3.205598588444134,9.0,beyond_limits,medium,"Chad FY2020: year-over-year change of +40% is above the expected range -6% to +38% (learned from FY2011-2019, where a typical year was +14%); that is 3.2 robust sigmas from the typical year (limits sit at 3), so 0.2 beyond the +38% limit.",charted,181040152.2,0.0,0.0,2011-2019
v2-fixed,Chad,2021,-0.6969669306542434,0.13357231528656344,-0.0583505646166525,0.3254951951897794,0.06397429330107197,-12.98239031781364,9.0,beyond_limits,high,"Chad FY2021: year-over-year change of -50% is below the expected range -6% to +38% (learned from FY2011-2019, where a typical year was +14%); that is 13.0 robust sigmas from the typical year (limits sit at 3), so 10.0 beyond the -6% limit.",charted,89549419.38,0.0,0.0,2011-2019
v2-fixed,Chad,2022,0.12344201254322736,0.13357231528656344,-0.0583505646166525,0.3254951951897794,0.06397429330107197,-0.158349584194099,9.0,,,,charted,101478567.1,0.0,0.0,2011-2019
v2-fixed,Chad,2023,0.5710275826164023,0.13357231528656344,-0.0583505646166525,0.3254951951897794,0.06397429330107197,6.83798514617603,9.0,beyond_limits,high,"Chad FY2023: year-over-year change of +77% is above the expected range -6% to +38% (learned from FY2011-2019, where a typical year was +14%); that is 6.8 robust sigmas from the typical year (limits sit at 3), so 3.8 beyond the +38% limit.",charted,180585489.6,0.0,0.0,2011-2019
v2-fixed,Chad,2024,0.6878738318548578,0.13357231528656344,-0.0583505646166525,0.3254951951897794,0.06397429330107197,8.66444141805012,9.0,beyond_limits,high,"Chad FY2024: year-over-year change of +99% is above the expected range -6% to +38% (learned from FY2011-2019, where a typical year was +14%); that is 8.7 robust sigmas from the typical year (limits sit at 3), so 5.7 beyond the +38% limit.",charted,360504654.0,0.0,0.0,2011-2019
v2-fixed,Chad,2025,0.14772970886074874,0.13357231528656344,-0.0583505646166525,0.3254951951897794,0.06397429330107197,0.2212981628035909,9.0,,,,charted,418095245.2,0.0,0.0,2011-2019
v2-fixed,Chad,2026,0.1158412346790757,0.13357231528656344,-0.0583505646166525,0.3254951951897794,0.06397429330107197,-0.2771594603482807,9.0,,,,charted,469597771.1,0.0,0.0,2011-2019
v2-fixed,China,2020,,,,,,,0.0,,,,dormant,0.0,0.0,9.0,
v2-fixed,China,2021,,,,,,,0.0,,,,dormant,0.0,0.0,9.0,
v2-fixed,China,2022,,,,,,,0.0,,,,dormant,0.0,0.0,9.0,
v2-fixed,China,2023,,,,,,,0.0,,,,dormant,0.0,0.0,9.0,
v2-fixed,China,2024,,,,,,,0.0,,,,dormant,0.0,0.0,9.0,
v2-fixed,China,2025,,,,,,,0.0,,,,dormant,0.0,0.0,9.0,
v2-fixed,China,2026,,,,,,,0.0,,,,dormant,0.0,0.0,9.0,
v2-fixed,Comoros,2020,0.9289517864934177,0.021147864944341146,-2.975567456774175,3.017863186662857,0.9989051072395053,0.908798958949976,9.0,,,,charted,16877484.34,0.0,0.0,2011-2019
v2-fixed,Comoros,2021,0.7576672460293521,0.021147864944341146,-2.975567456774175,3.017863186662857,0.9989051072395053,0.7373266747232851,9.0,,,,charted,36366190.73,0.0,0.0,2011-2019
v2-fixed,Comoros,2022,-0.21041937268349636,0.021147864944341146,-2.975567456774175,3.017863186662857,0.9989051072395053,-0.2318210568246851,9.0,,,,charted,29404963.85,0.0,0.0,2011-2019
v2-fixed,Comoros,2023,0.08655066702595195,0.021147864944341146,-2.975567456774175,3.017863186662857,0.9989051072395053,0.06547448962629972,9.0,,,,charted,32092209.53,0.0,0.0,2011-2019
v2-fixed,Comoros,2024,0.8577649179655854,0.021147864944341146,-2.975567456774175,3.017863186662857,0.9989051072395053,0.8375340630034944,9.0,,,,charted,76102937.53,0.0,0.0,2011-2019
v2-fixed,Comoros,2025,-0.23460162454052172,0.021147864944341146,-2.975567456774175,3.017863186662857,0.9989051072395053,-0.2560298146754218,9.0,,,,charted,60122023.14,0.0,0.0,2011-2019
v2-fixed,Comoros,2026,0.5381497080905284,0.021147864944341146,-2.975567456774175,3.017863186662857,0.9989051072395053,0.517568525177464,9.0,,,,charted,103206502.5,0.0,0.0,2011-2019
v2-fixed,"Congo, Democratic Republic of",2020,-0.019250825434661275,-0.028563259704404115,-0.48741582329205935,0.43028930388325115,0.15295085452921842,0.06088514051396734,9.0,,,,charted,448537952.9,0.0,0.0,2011-2019
v2-fixed,"Congo, Democratic Republic of",2021,0.4027015976043071,-0.028563259704404115,-0.48741582329205935,0.43028930388325115,0.15295085452921842,2.8196302572884684,9.0,,,,charted,680598472.5,0.0,0.0,2011-2019
v2-fixed,"Congo, Democratic Republic of",2022,0.14269844885535943,-0.028563259704404115,-0.48741582329205935,0.43028930388325115,0.15295085452921842,1.1197172391544055,9.0,,,,charted,787974444.5,0.0,0.0,2011-2019
v2-fixed,"Congo, Democratic Republic of",2023,0.7027380685042234,-0.028563259704404115,-0.48741582329205935,0.43028930388325115,0.15295085452921842,4.781283049771559,9.0,beyond_limits,medium,"Congo, Democratic Republic of FY2023: year-over-year change of +102% is above the expected range -39% to +54% (learned from FY2011-2019, where a typical year was -3%); that is 4.8 robust sigmas from the typical year (limits sit at 3), so 1.8 beyond the +54% limit.",charted,1610969043.0,0.0,0.0,2011-2019
v2-fixed,"Congo, Democratic Republic of",2024,-0.6752581817750808,-0.028563259704404115,-0.48741582329205935,0.43028930388325115,0.15295085452921842,-4.228122321128566,9.0,beyond_limits,medium,"Congo, Democratic Republic of FY2024: year-over-year change of -49% is below the expected range -39% to +54% (learned from FY2011-2019, where a typical year was -3%); that is 4.2 robust sigmas from the typical year (limits sit at 3), so 1.2 beyond the -39% limit.",charted,810470263.0,0.0,0.0,2011-2019
v2-fixed,"Congo, Democratic Republic of",2025,0.5869985936714638,-0.028563259704404115,-0.48741582329205935,0.43028930388325115,0.15295085452921842,4.0245728294265675,9.0,beyond_limits,medium,"Congo, Democratic Republic of FY2025: year-over-year change of +80% is above the expected range -39% to +54% (learned from FY2011-2019, where a typical year was -3%); that is 4.0 robust sigmas from the typical year (limits sit at 3), so 1.0 beyond the +54% limit.",charted,1473235791.0,0.0,0.0,2011-2019
v2-fixed,"Congo, Democratic Republic of",2026,-0.3358867269238171,-0.028563259704404115,-0.48741582329205935,0.43028930388325115,0.15295085452921842,-2.0092955228354383,9.0,,,,charted,1047376406.0,0.0,0.0,2011-2019
v2-fixed,"Congo, Republic of",2020,0.23214024551729037,-0.027340850313599525,-1.4358716291120739,1.381189928484875,0.4695102595994915,0.5526633135817656,9.0,,,,charted,36440055.27,0.0,0.0,2011-2019
v2-fixed,"Congo, Republic of",2021,0.7183382890786542,-0.027340850313599525,-1.4358716291120739,1.381189928484875,0.4695102595994915,1.5882062726985857,9.0,,,,charted,75811775.33,0.0,0.0,2011-2019
v2-fixed,"Congo, Republic of",2022,-0.3256820006001634,-0.027340850313599525,-1.4358716291120739,1.381189928484875,0.4695102595994915,-0.63543052401253,9.0,,,,charted,54455114.04,0.0,0.0,2011-2019
v2-fixed,"Congo, Republic of",2023,0.9525758673134287,-0.027340850313599525,-1.4358716291120739,1.381189928484875,0.4695102595994915,2.0871039505354605,9.0,,,,charted,142793066.2,0.0,0.0,2011-2019
v2-fixed,"Congo, Republic of",2024,-0.16754854804033584,-0.027340850313599525,-1.4358716291120739,1.381189928484875,0.4695102595994915,-0.2986254184228867,9.0,,,,charted,120607769.2,0.0,0.0,2011-2019
v2-fixed,"Congo, Republic of",2025,-0.7707815246760302,-0.027340850313599525,-1.4358716291120739,1.381189928484875,0.4695102595994915,-1.5834386132405527,9.0,,,,charted,55251062.15,0.0,0.0,2011-2019
v2-fixed,"Congo, Republic of",2026,0.887981443119349,-0.027340850313599525,-1.4358716291120739,1.381189928484875,0.4695102595994915,1.9495256487339598,9.0,,,,charted,135731518.9,0.0,0.0,2011-2019
v2-fixed,Cote d'Ivoire,2020,0.4424405086021292,0.2188341693390644,-0.5028404595453305,0.9405087982234593,0.24055820962813163,0.9295311085359672,9.0,,,,charted,455657102.4,0.0,0.0,2011-2019
v2-fixed,Cote d'Ivoire,2021,0.4283172495475208,0.2188341693390644,-0.5028404595453305,0.9405087982234593,0.24055820962813163,0.8708207486757035,9.0,,,,charted,704703325.7,0.0,0.0,2011-2019
v2-fixed,Cote d'Ivoire,2022,-0.5423944528686269,0.2188341693390644,-0.5028404595453305,0.9405087982234593,0.24055820962813163,-3.1644258717440623,9.0,beyond_limits,medium,"Cote d'Ivoire FY2022: year-over-year change of -42% is below the expected range -40% to +156% (learned from FY2011-2019, where a typical year was +24%); that is 3.2 robust sigmas from the typical year (limits sit at 3), so 0.2 beyond the -40% limit.",charted,405439660.6,0.0,0.0,2011-2019
v2-fixed,Cote d'Ivoire,2023,0.8471718535599263,0.2188341693390644,-0.5028404595453305,0.9405087982234593,0.24055820962813163,2.611998506274974,9.0,,,,charted,959416579.8,0.0,0.0,2011-2019
v2-fixed,Cote d'Ivoire,2024,0.04471714806086678,0.2188341693390644,-0.5028404595453305,0.9405087982234593,0.24055820962813163,-0.7238041118919095,9.0,,,,charted,1003756127.0,0.0,0.0,2011-2019
v2-fixed,Cote d'Ivoire,2025,0.23950267471726394,0.2188341693390644,-0.5028404595453305,0.9405087982234593,0.24055820962813163,0.08591893583740112,9.0,,,,charted,1278132295.0,0.0,0.0,2011-2019
v2-fixed,Cote d'Ivoire,2026,-0.5164613366529052,0.2188341693390644,-0.5028404595453305,0.9405087982234593,0.24055820962813163,-3.0566219591034978,9.0,beyond_limits,medium,"Cote d'Ivoire FY2026: year-over-year change of -40% is below the expected range -40% to +156% (learned from FY2011-2019, where a typical year was +24%); that is 3.1 robust sigmas from the typical year (limits sit at 3), so 0.1 beyond the -40% limit.",charted,758481582.6,0.0,0.0,2011-2019
v2-fixed,Djibouti,2020,0.4586782859656708,0.14575678227076122,-1.1159562467260347,1.4074698112675572,0.4205710096655987,0.7440396425414995,9.0,,,,charted,27011223.62,0.0,0.0,2011-2019
v2-fixed,Djibouti,2021,0.4979037697325174,0.14575678227076122,-1.1159562467260347,1.4074698112675572,0.4205710096655987,0.8373068503740966,9.0,,,,charted,44711403.19,0.0,0.0,2011-2019
v2-fixed,Djibouti,2022,-0.28499405134743117,0.14575678227076122,-1.1159562467260347,1.4074698112675572,0.4205710096655987,-1.0242047685614084,9.0,,,,charted,33519788.36,0.0,0.0,2011-2019
v2-fixed,Djibouti,2023,0.5110547199053793,0.14575678227076122,-1.1159562467260347,1.4074698112675572,0.4205710096655987,0.868576124457725,9.0,,,,charted,56158930.37,0.0,0.0,2011-2019
v2-fixed,Djibouti,2024,-0.00012128699972318609,0.14575678227076122,-1.1159562467260347,1.4074698112675572,0.4205710096655987,-0.34685716779783254,9.0,,,,charted,56152068.56,0.0,0.0,2011-2019
v2-fixed,Djibouti,2025,-0.11645564932560871,0.14575678227076122,-1.1159562467260347,1.4074698112675572,0.4205710096655987,-0.6234676798214369,9.0,,,,charted,49933133.53,0.0,0.0,2011-2019
v2-fixed,Djibouti,2026,0.40311463794177654,0.14575678227076122,-1.1159562467260347,1.4074698112675572,0.4205710096655987,0.6119248587192061,9.0,,,,charted,74932122.3,0.0,0.0,2011-2019
v2-fixed,Dominica,2020,1.3203683617787612,0.10007377452740845,-1.5250582135627266,1.7252057626175437,0.5417106626967118,2.252668576203678,9.0,,,,charted,16209385.34,0.0,0.0,2011-2019
v2-fixed,Dominica,2021,1.0407386768383997,0.10007377452740845,-1.5250582135627266,1.7252057626175437,0.5417106626967118,1.7364710851882244,9.0,,,,charted,46076887.7,0.0,0.0,2011-2019
v2-fixed,Dominica,2022,0.297328335470169,0.10007377452740845,-1.5250582135627266,1.7252057626175437,0.5417106626967118,0.3641326902461171,9.0,,,,charted,62065969.89,0.0,0.0,2011-2019
v2-fixed,Dominica,2023,-0.7198666080820555,0.10007377452740845,-1.5250582135627266,1.7252057626175437,0.5417106626967118,-1.5136131501043115,9.0,,,,charted,30163462.72,0.0,0.0,2011-2019
v2-fixed,Dominica,2024,-0.5005103869608443,0.10007377452740845,-1.5250582135627266,1.7252057626175437,0.5417106626967118,-1.108680708809497,9.0,,,,charted,18246351.88,0.0,0.0,2011-2019
v2-fixed,Dominica,2025,1.6264412509333743,0.10007377452740845,-1.5250582135627266,1.7252057626175437,0.5417106626967118,2.8176803255219203,9.0,,,,charted,93204841.48,0.0,0.0,2011-2019
v2-fixed,Dominica,2026,-1.8629865240144055,0.10007377452740845,-1.5250582135627266,1.7252057626175437,0.5417106626967118,-3.6238169815034174,9.0,beyond_limits,medium,"Dominica FY2026: year-over-year change of -84% is below the expected range -78% to +461% (learned from FY2011-2019, where a typical year was +11%); that is 3.6 robust sigmas from the typical year (limits sit at 3), so 0.6 beyond the -78% limit.",charted,14381695.52,0.0,0.0,2011-2019
v2-fixed,Dominican Republic,2020,,,,,,,0.0,,,,dormant,0.0,0.0,9.0,
v2-fixed,Dominican Republic,2021,,,,,,,0.0,,,,dormant,0.0,0.0,9.0,
v2-fixed,Dominican Republic,2022,,,,,,,0.0,,,,dormant,0.0,0.0,9.0,
v2-fixed,Dominican Republic,2023,,,,,,,0.0,,,,dormant,0.0,0.0,9.0,
v2-fixed,East Asia and Pacific,2025,,,,,,,0.0,,,,no_prior_year,990680.01,0.0,0.0,
v2-fixed,East Asia and Pacific,2026,,,,,,,0.0,,,,insufficient_history: no eligible baseline years,1168999.99,0.0,0.0,
v2-fixed,Eastern Africa,2020,,,,,,,2.0,,,,insufficient_history: only 2 baseline years (<8),3258465.6,0.0,1.0,2018-2019
v2-fixed,Eastern Africa,2021,,,,,,,2.0,,,,insufficient_history: only 2 baseline years (<8),40951048.47,0.0,1.0,2018-2019
v2-fixed,Eastern and Southern Africa,2022,,,,,,,0.0,,,,no_prior_year,28253402.03,0.0,0.0,
v2-fixed,Eastern and Southern Africa,2023,,,,,,,0.0,,,,insufficient_history: no eligible baseline years,96807083.24,0.0,0.0,
v2-fixed,Eastern and Southern Africa,2024,,,,,,,0.0,,,,insufficient_history: no eligible baseline years,32248946.8,0.0,0.0,
v2-fixed,Eastern and Southern Africa,2025,,,,,,,0.0,,,,insufficient_history: no eligible baseline years,126789167.4,0.0,0.0,
v2-fixed,Eastern and Southern Africa,2026,,,,,,,0.0,,,,insufficient_history: no eligible baseline years,428751472.1,0.0,0.0,
v2-fixed,Ecuador,2020,,,,,,,0.0,,,,dormant,0.0,0.0,9.0,
v2-fixed,Ecuador,2021,,,,,,,0.0,,,,dormant,0.0,0.0,9.0,
v2-fixed,Ecuador,2022,,,,,,,0.0,,,,dormant,0.0,0.0,9.0,
v2-fixed,Ecuador,2023,,,,,,,0.0,,,,dormant,0.0,0.0,9.0,
v2-fixed,"Egypt, Arab Republic of",2020,,,,,,,3.0,,,,dormant,0.0,0.0,6.0,2011-2013
v2-fixed,"Egypt, Arab Republic of",2021,,,,,,,3.0,,,,dormant,0.0,0.0,6.0,2011-2013
v2-fixed,"Egypt, Arab Republic of",2022,,,,,,,3.0,,,,dormant,0.0,0.0,6.0,2011-2013
v2-fixed,"Egypt, Arab Republic of",2023,,,,,,,3.0,,,,dormant,0.0,0.0,6.0,2011-2013
v2-fixed,"Egypt, Arab Republic of",2024,,,,,,,3.0,,,,dormant,0.0,0.0,6.0,2011-2013
v2-fixed,"Egypt, Arab Republic of",2025,,,,,,,3.0,,,,dormant,0.0,0.0,6.0,2011-2013
v2-fixed,"Egypt, Arab Republic of",2026,,,,,,,3.0,,,,dormant,0.0,0.0,6.0,2011-2013
v2-fixed,El Salvador,2020,,,,,,,0.0,,,,dormant,0.0,0.0,9.0,
v2-fixed,El Salvador,2021,,,,,,,0.0,,,,dormant,0.0,0.0,9.0,
v2-fixed,El Salvador,2022,,,,,,,0.0,,,,dormant,0.0,0.0,9.0,
v2-fixed,El Salvador,2023,,,,,,,0.0,,,,dormant,0.0,0.0,9.0,
v2-fixed,El Salvador,2024,,,,,,,0.0,,,,dormant,0.0,0.0,9.0,
v2-fixed,El Salvador,2025,,,,,,,0.0,,,,dormant,0.0,0.0,9.0,
v2-fixed,El Salvador,2026,,,,,,,0.0,,,,dormant,0.0,0.0,9.0,
v2-fixed,Equatorial Guinea,2020,,,,,,,0.0,,,,dormant,0.0,0.0,9.0,
v2-fixed,Equatorial Guinea,2021,,,,,,,0.0,,,,dormant,0.0,0.0,9.0,
v2-fixed,Equatorial Guinea,2022,,,,,,,0.0,,,,dormant,0.0,0.0,9.0,
v2-fixed,Equatorial Guinea,2023,,,,,,,0.0,,,,dormant,0.0,0.0,9.0,
v2-fixed,Equatorial Guinea,2024,,,,,,,0.0,,,,dormant,0.0,0.0,9.0,
v2-fixed,Equatorial Guinea,2025,,,,,,,0.0,,,,dormant,0.0,0.0,9.0,
v2-fixed,Equatorial Guinea,2026,,,,,,,0.0,,,,dormant,0.0,0.0,9.0,
v2-fixed,Eswatini,2020,,,,,,,0.0,,,,dormant,0.0,0.0,9.0,
v2-fixed,Eswatini,2021,,,,,,,0.0,,,,dormant,0.0,0.0,9.0,
v2-fixed,Eswatini,2022,,,,,,,0.0,,,,dormant,0.0,0.0,9.0,
v2-fixed,Eswatini,2023,,,,,,,0.0,,,,dormant,0.0,0.0,9.0,
v2-fixed,Eswatini,2024,,,,,,,0.0,,,,dormant,0.0,0.0,9.0,
v2-fixed,Eswatini,2025,,,,,,,0.0,,,,dormant,0.0,0.0,9.0,
v2-fixed,Eswatini,2026,,,,,,,0.0,,,,insufficient_history: no eligible baseline years,5494317.35,0.0,9.0,
v2-fixed,Ethiopia,2020,-0.015215603341828424,0.035505692830694095,-0.666098392855653,0.7371097785170411,0.23386802856211567,-0.21687999203812025,9.0,,,,charted,2202062392.0,0.0,0.0,2011-2019
v2-fixed,Ethiopia,2021,-0.5639971753697377,0.035505692830694095,-0.666098392855653,0.7371097785170411,0.23386802856211567,-2.5634237902732524,9.0,,,,charted,1233278829.0,0.0,0.0,2011-2019
v2-fixed,Ethiopia,2022,-0.0003879171341566686,0.035505692830694095,-0.666098392855653,0.7371097785170411,0.23386802856211567,-0.1534780542066158,9.0,,,,charted,1232782930.0,0.0,0.0,2011-2019
v2-fixed,Ethiopia,2023,0.40643949078328356,0.035505692830694095,-0.666098392855653,0.7371097785170411,0.23386802856211567,1.5860816898880599,9.0,,,,charted,1873709548.0,0.0,0.0,2011-2019
v2-fixed,Ethiopia,2024,-0.07189891825907457,0.035505692830694095,-0.666098392855653,0.7371097785170411,0.23386802856211567,-0.45925307426637785,9.0,,,,charted,1740575939.0,0.0,0.0,2011-2019
v2-fixed,Ethiopia,2025,0.6407169188065943,0.035505692830694095,-0.666098392855653,0.7371097785170411,0.23386802856211567,2.5878322475154203,9.0,,,,charted,3344037618.0,0.0,0.0,2011-2019
v2-fixed,Ethiopia,2026,0.04136414915003589,0.035505692830694095,-0.666098392855653,0.7371097785170411,0.23386802856211567,0.025050265978471615,9.0,,,,charted,3487176014.0,0.0,0.0,2011-2019
v2-fixed,Fiji,2020,,,,,,,0.0,,,,no_prior_year,57730092.5,0.0,0.0,
v2-fixed,Fiji,2021,,,,,,,0.0,,,,insufficient_history: no eligible baseline years,121853666.2,0.0,0.0,
v2-fixed,Fiji,2022,,,,,,,0.0,,,,insufficient_history: no eligible baseline years,72233933.67,0.0,0.0,
v2-fixed,Fiji,2023,,,,,,,0.0,,,,insufficient_history: no eligible baseline years,50781248.58,0.0,0.0,
v2-fixed,Fiji,2024,,,,,,,0.0,,,,insufficient_history: no eligible baseline years,7298721.64,0.0,0.0,
v2-fixed,Fiji,2025,,,,,,,0.0,,,,insufficient_history: no eligible baseline years,101398923.8,0.0,0.0,
v2-fixed,Fiji,2026,,,,,,,0.0,,,,insufficient_history: no eligible baseline years,58862992.27,0.0,0.0,
v2-fixed,"Gambia, The",2020,0.25507842740770353,-0.1558129765981901,-2.3200138599157736,2.0083879067193937,0.7214002944391945,0.5695747661502055,9.0,,,,charted,30483964.77,0.0,0.0,2011-2019
v2-fixed,"Gambia, The",2021,1.1285511695735286,-0.1558129765981901,-2.3200138599157736,2.0083879067193937,0.7214002944391945,1.7803765205975743,9.0,,,,charted,96068014.0,0.0,0.0,2011-2019
v2-fixed,"Gambia, The",2022,-0.18457638362610732,-0.1558129765981901,-2.3200138599157736,2.0083879067193937,0.7214002944391945,-0.03987163194919049,9.0,,,,charted,79728329.83,0.0,0.0,2011-2019
v2-fixed,"Gambia, The",2023,0.3245206331958142,-0.1558129765981901,-2.3200138599157736,2.0083879067193937,0.7214002944391945,0.665835062026705,9.0,,,,charted,110630293.5,0.0,0.0,2011-2019
v2-fixed,"Gambia, The",2024,0.2927100236971455,-0.1558129765981901,-2.3200138599157736,2.0083879067193937,0.7214002944391945,0.6217394195049649,9.0,,,,charted,148549265.8,0.0,0.0,2011-2019
v2-fixed,"Gambia, The",2025,-0.02363645999199855,-0.1558129765981901,-2.3200138599157736,2.0083879067193937,0.7214002944391945,0.18322215505739925,9.0,,,,charted,145058740.6,0.0,0.0,2011-2019
v2-fixed,"Gambia, The",2026,0.012184560903466238,-0.1558129765981901,-2.3200138599157736,2.0083879067193937,0.7214002944391945,0.2328770015713052,9.0,,,,charted,146847797.1,0.0,0.0,2011-2019
v2-fixed,Georgia,2020,-0.16344948407533164,-0.2866282881689661,-1.652358222118004,1.0791016457800717,0.45524331131634593,0.27057795475887453,9.0,,,,charted,2203233.36,0.0,0.0,2011-2019
v2-fixed,Georgia,2021,1.0062987793388842,-0.2866282881689661,-1.652358222118004,1.0791016457800717,0.45524331131634593,2.840079217790864,9.0,,,,charted,10227193.39,0.0,0.0,2011-2019
v2-fixed,Georgia,2022,-0.5461596810269141,-0.2866282881689661,-1.652358222118004,1.0791016457800717,0.45524331131634593,-0.5700938078749743,9.0,,,,charted,4904742.24,0.0,0.0,2011-2019
v2-fixed,Georgia,2023,-0.07678510974414517,-0.2866282881689661,-1.652358222118004,1.0791016457800717,0.45524331131634593,0.4609473070961875,9.0,,,,charted,4363339.3,0.0,0.0,2011-2019
v2-fixed,Georgia,2024,-1.0272244458107511,-0.2866282881689661,-1.652358222118004,1.0791016457800717,0.45524331131634593,-1.626813923965923,9.0,,,,charted,8232.7,0.0,0.0,2011-2019
v2-fixed,Georgia,2025,-0.0033957376094908894,-0.2866282881689661,-1.652358222118004,1.0791016457800717,0.45524331131634593,0.6221564238703522,9.0,,,,charted,0.0,0.0,0.0,2011-2019
v2-fixed,Georgia,2026,,,,,,,9.0,,,,dormant,0.0,0.0,0.0,2011-2019
v2-fixed,Ghana,2020,0.7454868030446641,-0.018789661982350537,-0.96907538363667,0.9314960596719689,0.3167619072181065,2.412778959879074,9.0,,,,charted,331199939.6,0.0,0.0,2011-2019
v2-fixed,Ghana,2021,0.1864379299892631,-0.018789661982350537,-0.96907538363667,0.9314960596719689,0.3167619072181065,0.6478922726977525,9.0,,,,charted,402696451.9,0.0,0.0,2011-2019
v2-fixed,Ghana,2022,0.09733359979477627,-0.018789661982350537,-0.96907538363667,0.9314960596719689,0.3167619072181065,0.36659478027820463,9.0,,,,charted,445667524.2,0.0,0.0,2011-2019
v2-fixed,Ghana,2023,0.09851763936003824,-0.018789661982350537,-0.96907538363667,0.9314960596719689,0.3167619072181065,0.3703327283656516,9.0,,,,charted,493636467.8,0.0,0.0,2011-2019
v2-fixed,Ghana,2024,0.7053817633702293,-0.018789661982350537,-0.96907538363667,0.9314960596719689,0.3167619072181065,2.2861695451718296,9.0,,,,charted,1017509419.0,0.0,0.0,2011-2019
v2-fixed,Ghana,2025,-0.3829054982545488,-0.018789661982350537,-0.96907538363667,0.9314960596719689,0.3167619072181065,-1.149493761639357,9.0,,,,charted,688202091.9,0.0,0.0,2011-2019
v2-fixed,Ghana,2026,-0.38267342303810326,-0.018789661982350537,-0.96907538363667,0.9314960596719689,0.3167619072181065,-1.1487611128859647,9.0,,,,charted,463766601.0,0.0,0.0,2011-2019
v2-fixed,Grenada,2020,-0.2745403561049767,0.07307193452161025,-2.402579293255548,2.548723162298769,0.8252170759257195,-0.4212373940961404,9.0,,,,charted,24327713.3,0.0,0.0,2011-2019
v2-fixed,Grenada,2021,0.33920339310353465,0.07307193452161025,-2.402579293255548,2.548723162298769,0.8252170759257195,0.3224987295414131,9.0,,,,charted,34255972.66,0.0,0.0,2011-2019
v2-fixed,Grenada,2022,-0.28169847158387007,0.07307193452161025,-2.402579293255548,2.548723162298769,0.8252170759257195,-0.42991161532558303,9.0,,,,charted,25782929.98,0.0,0.0,2011-2019
v2-fixed,Grenada,2023,-1.8386622724624395,0.07307193452161025,-2.402579293255548,2.548723162298769,0.8252170759257195,-2.3166440234401198,9.0,,,,charted,3883624.66,0.0,0.0,2011-2019
v2-fixed,Grenada,2024,2.2960311921261956,0.07307193452161025,-2.402579293255548,2.548723162298769,0.8252170759257195,2.6937872742282916,9.0,,,,charted,40884137.33,0.0,0.0,2011-2019
v2-fixed,Grenada,2025,-0.43617217107712614,0.07307193452161025,-2.402579293255548,2.548723162298769,0.8252170759257195,-0.6171032089071495,9.0,,,,charted,26340796.17,0.0,0.0,2011-2019
v2-fixed,Grenada,2026,-0.5449375292805191,0.07307193452161025,-2.402579293255548,2.548723162298769,0.8252170759257195,-0.7489053266485707,9.0,,,,charted,15166224.27,0.0,0.0,2011-2019
v2-fixed,Guinea,2020,0.13770871765369427,-0.20838864224278095,-4.460219217298105,4.043441932812543,1.4172768583517747,0.2441988365625118,9.0,,,,charted,170461990.9,0.0,0.0,2011-2019
v2-fixed,Guinea,2021,0.41477145133018417,-0.20838864224278095,-4.460219217298105,4.043441932812543,1.4172768583517747,0.4396883289956985,9.0,,,,charted,259730093.0,0.0,0.0,2011-2019
v2-fixed,Guinea,2022,-1.210375691200935,-0.20838864224278095,-4.460219217298105,4.043441932812543,1.4172768583517747,-0.7069804626058857,9.0,,,,charted,75173465.77,0.0,0.0,2011-2019
v2-fixed,Guinea,2023,0.4057298004176673,-0.20838864224278095,-4.460219217298105,4.043441932812543,1.4172768583517747,0.43330873501641637,9.0,,,,charted,114392832.9,0.0,0.0,2011-2019
v2-fixed,Guinea,2024,0.3518166772947019,-0.20838864224278095,-4.460219217298105,4.043441932812543,1.4172768583517747,0.3952687975086074,9.0,,,,charted,163976876.3,0.0,0.0,2011-2019
v2-fixed,Guinea,2025,0.26819525440983033,-0.20838864224278095,-4.460219217298105,4.043441932812543,1.4172768583517747,0.33626732408998444,9.0,,,,charted,215401819.7,0.0,0.0,2011-2019
v2-fixed,Guinea,2026,-0.30363456990023924,-0.20838864224278095,-4.460219217298105,4.043441932812543,1.4172768583517747,-0.06720347340478328,9.0,,,,charted,158155890.2,0.0,0.0,2011-2019
v2-fixed,Guinea-Bissau,2020,-0.4594484477397175,0.528617007121462,-1.503367945066801,2.560601959309725,0.6773283173960877,-1.4587688562316214,9.0,,,,charted,37159677.4,0.0,0.0,2011-2019
v2-fixed,Guinea-Bissau,2021,-0.03476265749991473,0.528617007121462,-1.503367945066801,2.560601959309725,0.6773283173960877,-0.8317674754648178,9.0,,,,charted,35872108.08,0.0,0.0,2011-2019
v2-fixed,Guinea-Bissau,2022,0.11969728512868856,0.528617007121462,-1.503367945066801,2.560601959309725,0.6773283173960877,-0.6037245328304288,9.0,,,,charted,40500420.17,0.0,0.0,2011-2019
v2-fixed,Guinea-Bissau,2023,0.04859939430606913,0.528617007121462,-1.503367945066801,2.560601959309725,0.6773283173960877,-0.708692668661435,9.0,,,,charted,42543558.91,0.0,0.0,2011-2019
v2-fixed,Guinea-Bissau,2024,0.022666192834329336,0.528617007121462,-1.503367945066801,2.560601959309725,0.6773283173960877,-0.7469801590936039,9.0,,,,charted,43530945.59,0.0,0.0,2011-2019
v2-fixed,Guinea-Bissau,2025,0.48460643511744356,0.528617007121462,-1.503367945066801,2.560601959309725,0.6773283173960877,-0.06497671937475183,9.0,,,,charted,71002470.29,0.0,0.0,2011-2019
v2-fixed,Guinea-Bissau,2026,-0.15310582621501145,0.528617007121462,-1.503367945066801,2.560601959309725,0.6773283173960877,-1.0064880144938868,9.0,,,,charted,60848111.53,0.0,0.0,2011-2019
v2-fixed,Guyana,2020,-1.5124248639045503,0.2994305144382892,-1.7131768930063422,2.312037921882921,0.6708691358148772,-2.7007582874446197,9.0,,,,charted,8477961.16,0.0,0.0,2011-2019
v2-fixed,Guyana,2021,-0.23402475401127287,0.2994305144382892,-1.7131768930063422,2.312037921882921,0.6708691358148772,-0.7951703841638146,9.0,,,,charted,6650620.14,0.0,0.0,2011-2019
v2-fixed,Guyana,2022,0.4951577631338717,0.2994305144382892,-1.7131768930063422,2.312037921882921,0.6708691358148772,0.2917517564104967,9.0,,,,charted,11091231.67,0.0,0.0,2011-2019
v2-fixed,Guyana,2023,1.2041447721226672,0.2994305144382892,-1.7131768930063422,2.312037921882921,0.6708691358148772,1.34857039828708,9.0,,,,charted,37629778.2,0.0,0.0,2011-2019
v2-fixed,Guyana,2024,0.49753478297004583,0.2994305144382892,-1.7131768930063422,2.312037921882921,0.6708691358148772,0.2952949509163624,9.0,,,,charted,62068531.1,0.0,0.0,2011-2019
v2-fixed,Guyana,2025,-2.6135948022509754,0.2994305144382892,-1.7131768930063422,2.312037921882921,0.6708691358148772,-4.342166245509167,9.0,beyond_limits,medium,"Guyana FY2025: year-over-year change of -93% is below the expected range -82% to +909% (learned from FY2011-2019, where a typical year was +35%); that is 4.3 robust sigmas from the typical year (limits sit at 3), so 1.3 beyond the -82% limit.",charted,4288655.04,0.0,0.0,2011-2019
v2-fixed,Guyana,2026,1.9328449279613875,0.2994305144382892,-1.7131768930063422,2.312037921882921,0.6708691358148772,2.4347735293248465,9.0,,,,charted,31283327.06,0.0,0.0,2011-2019
v2-fixed,Haiti,2020,-0.022857670207492766,0.11136283993049326,-0.319108190155441,0.5418338700164275,0.14349034336197808,-0.9353975117293617,9.0,,,,charted,114959858.7,0.0,0.0,2011-2019
v2-fixed,Haiti,2021,0.01881534825300301,0.11136283993049326,-0.319108190155441,0.5418338700164275,0.14349034336197808,-0.6449736582204972,9.0,,,,charted,117215565.2,0.0,0.0,2011-2019
v2-fixed,Haiti,2022,0.19574840855552056,0.11136283993049326,-0.319108190155441,0.5418338700164275,0.14349034336197808,0.5880923179070718,9.0,,,,charted,143382162.3,0.0,0.0,2011-2019
v2-fixed,Haiti,2023,-0.6058156591390644,0.11136283993049326,-0.319108190155441,0.5418338700164275,0.14349034336197808,-4.998095915488588,9.0,beyond_limits,medium,"Haiti FY2023: year-over-year change of -45% is below the expected range -27% to +72% (learned from FY2011-2019, where a typical year was +12%); that is 5.0 robust sigmas from the typical year (limits sit at 3), so 2.0 beyond the -27% limit.",charted,76505822.7,0.0,0.0,2011-2019
v2-fixed,Haiti,2024,0.7706173014528861,0.11136283993049326,-0.319108190155441,0.5418338700164275,0.14349034336197808,4.594416920860763,9.0,beyond_limits,medium,"Haiti FY2024: year-over-year change of +116% is above the expected range -27% to +72% (learned from FY2011-2019, where a typical year was +12%); that is 4.6 robust sigmas from the typical year (limits sit at 3), so 1.6 beyond the +72% limit.",charted,169751619.7,0.0,0.0,2011-2019
v2-fixed,Haiti,2025,-0.05039885255499792,0.11136283993049326,-0.319108190155441,0.5418338700164275,0.14349034336197808,-1.1273350435675005,9.0,,,,charted,161221460.0,0.0,0.0,2011-2019
v2-fixed,Haiti,2026,-0.033792381066161434,0.11136283993049326,-0.319108190155441,0.5418338700164275,0.14349034336197808,-1.011602715525439,9.0,,,,charted,155738082.9,0.0,0.0,2011-2019
v2-fixed,Honduras,2020,2.20128320379601,-0.1493331468281519,-1.76468663029365,1.4660203366373463,0.538451161155166,4.365514498253226,9.0,beyond_limits,medium,"Honduras FY2020: year-over-year change of +804% is above the expected range -83% to +333% (learned from FY2011-2019, where a typical year was -14%); that is 4.4 robust sigmas from the typical year (limits sit at 3), so 1.4 beyond the +333% limit.",charted,138463560.8,0.0,0.0,2011-2019
v2-fixed,Honduras,2021,-1.2701908507903712,-0.1493331468281519,-1.76468663029365,1.4660203366373463,0.538451161155166,-2.0816329963103573,9.0,,,,charted,36249483.86,0.0,0.0,2011-2019
v2-fixed,Honduras,2022,0.42158422597103895,-0.1493331468281519,-1.76468663029365,1.4660203366373463,0.538451161155166,1.0602955550775923,9.0,,,,charted,57173860.71,0.0,0.0,2011-2019
v2-fixed,Honduras,2023,-0.7596623116549295,-0.1493331468281519,-1.76468663029365,1.4660203366373463,0.538451161155166,-1.1334902937481055,9.0,,,,charted,24802752.56,0.0,0.0,2011-2019
v2-fixed,Honduras,2024,1.3778205909503716,-0.1493331468281519,-1.76468663029365,1.4660203366373463,0.538451161155166,2.8361973154672833,9.0,,,,charted,109212561.6,0.0,0.0,2011-2019
v2-fixed,Honduras,2025,0.6812830617978116,-0.1493331468281519,-1.76468663029365,1.4660203366373463,0.538451161155166,1.5426026881323858,9.0,,,,charted,219416829.4,0.0,0.0,2011-2019
v2-fixed,Honduras,2026,-0.005465776913618994,-0.1493331468281519,-1.76468663029365,1.4660203366373463,0.538451161155166,0.2671874076859396,9.0,,,,charted,218200900.0,0.0,0.0,2011-2019
v2-fixed,IFC,2020,,,,,,,0.0,,,,no_prior_year,5425000.0,0.0,0.0,
v2-fixed,IFC,2021,,,,,,,0.0,,,,insufficient_history: no eligible baseline years,5776750.0,0.0,0.0,
v2-fixed,IFC,2022,,,,,,,0.0,,,,insufficient_history: no eligible baseline years,41452507.43,0.0,0.0,
v2-fixed,IFC,2023,,,,,,,0.0,,,,insufficient_history: no eligible baseline years,53160488.48,0.0,0.0,
v2-fixed,IFC,2024,,,,,,,0.0,,,,insufficient_history: no eligible baseline years,136857649.8,0.0,0.0,
v2-fixed,IFC,2025,,,,,,,0.0,,,,insufficient_history: no eligible baseline years,92890089.15,0.0,0.0,
v2-fixed,IFC,2026,,,,,,,0.0,,,,insufficient_history: no eligible baseline years,114796017.8,0.0,0.0,
v2-fixed,India,2020,0.5825996956930878,-0.07226966962325158,-0.7292684545700319,0.5847291153235288,0.2189995949822601,2.990276604709641,9.0,,,,charted,1412601152.0,0.0,0.0,2011-2019
v2-fixed,India,2021,-0.3580871393676579,-0.07226966962325158,-0.7292684545700319,0.5847291153235288,0.2189995949822601,-1.3051050152287211,9.0,,,,charted,968505566.5,0.0,0.0,2011-2019
v2-fixed,India,2022,-0.6031387233595273,-0.07226966962325158,-0.7292684545700319,0.5847291153235288,0.2189995949822601,-2.4240640891563223,9.0,,,,charted,501392030.8,0.0,0.0,2011-2019
v2-fixed,India,2023,-0.5272014126406377,-0.07226966962325158,-0.7292684545700319,0.5847291153235288,0.2189995949822601,-2.0773177368398215,9.0,,,,charted,270192701.4,0.0,0.0,2011-2019
v2-fixed,India,2024,-0.38373715843559947,-0.07226966962325158,-0.7292684545700319,0.5847291153235288,0.2189995949822601,-1.42222860657609,9.0,,,,charted,164052590.7,0.0,0.0,2011-2019
v2-fixed,India,2025,-0.44408064656575585,-0.07226966962325158,-0.7292684545700319,0.5847291153235288,0.2189995949822601,-1.6977701578517648,9.0,,,,charted,82685173.94,0.0,0.0,2011-2019
v2-fixed,India,2026,-0.7442564983650933,-0.07226966962325158,-0.7292684545700319,0.5847291153235288,0.2189995949822601,-3.068438682712064,9.0,beyond_limits,medium,"India FY2026: year-over-year change of -52% is below the expected range -52% to +79% (learned from FY2011-2019, where a typical year was -7%); that is 3.1 robust sigmas from the typical year (limits sit at 3), so 0.1 beyond the -52% limit.",charted,6287163.26,0.0,0.0,2011-2019
v2-fixed,Indonesia,2020,,,,,,,3.0,,,,dormant,0.0,0.0,6.0,2011-2013
v2-fixed,Indonesia,2021,,,,,,,3.0,,,,dormant,0.0,0.0,6.0,2011-2013
v2-fixed,Indonesia,2022,,,,,,,3.0,,,,dormant,0.0,0.0,6.0,2011-2013
v2-fixed,Indonesia,2023,,,,,,,3.0,,,,dormant,0.0,0.0,6.0,2011-2013
v2-fixed,Indonesia,2024,,,,,,,3.0,,,,dormant,0.0,0.0,6.0,2011-2013
v2-fixed,Indonesia,2025,,,,,,,3.0,,,,dormant,0.0,0.0,6.0,2011-2013
v2-fixed,Indonesia,2026,,,,,,,3.0,,,,dormant,0.0,0.0,6.0,2011-2013
v2-fixed,Iraq,2020,,,,,,,6.0,,,,dormant,0.0,0.0,3.0,2011-2016
v2-fixed,Iraq,2021,,,,,,,6.0,,,,dormant,0.0,0.0,3.0,2011-2016
v2-fixed,Iraq,2022,,,,,,,6.0,,,,dormant,0.0,0.0,3.0,2011-2016
v2-fixed,Iraq,2023,,,,,,,6.0,,,,dormant,0.0,0.0,3.0,2011-2016
v2-fixed,Iraq,2024,,,,,,,6.0,,,,dormant,0.0,0.0,3.0,2011-2016
v2-fixed,Iraq,2025,,,,,,,6.0,,,,dormant,0.0,0.0,3.0,2011-2016
v2-fixed,Iraq,2026,,,,,,,6.0,,,,dormant,0.0,0.0,3.0,2011-2016
v2-fixed,Jordan,2020,,,,,,,2.0,,,,insufficient_history: only 2 baseline years (<8),9781557.0,0.0,7.0,2018-2019
v2-fixed,Jordan,2021,,,,,,,2.0,,,,insufficient_history: only 2 baseline years (<8),28708460.65,0.0,7.0,2018-2019
v2-fixed,Jordan,2022,,,,,,,2.0,,,,insufficient_history: only 2 baseline years (<8),33065654.83,0.0,7.0,2018-2019
v2-fixed,Jordan,2023,,,,,,,2.0,,,,insufficient_history: only 2 baseline years (<8),0.0,0.0,7.0,2018-2019
v2-fixed,Jordan,2024,,,,,,,2.0,,,,insufficient_history: only 2 baseline years (<8),41934345.17,0.0,7.0,2018-2019
v2-fixed,Jordan,2025,,,,,,,2.0,,,,insufficient_history: only 2 baseline years (<8),0.0,0.0,7.0,2018-2019
v2-fixed,Jordan,2026,,,,,,,2.0,,,,dormant,0.0,0.0,7.0,2018-2019
v2-fixed,Kenya,2020,0.3035517075227205,0.11834422869059924,-0.20283268825044737,0.43952114563164585,0.10705897231368221,1.7299575629164863,9.0,,,,charted,1911309871.0,0.0,0.0,2011-2019
v2-fixed,Kenya,2021,-0.28011060419481315,0.11834422869059924,-0.20283268825044737,0.43952114563164585,0.10705897231368221,-3.721825684240102,9.0,beyond_limits,medium,"Kenya FY2021: year-over-year change of -24% is below the expected range -18% to +55% (learned from FY2011-2019, where a typical year was +13%); that is 3.7 robust sigmas from the typical year (limits sit at 3), so 0.7 beyond the -18% limit.",charted,1438320244.0,0.0,0.0,2011-2019
v2-fixed,Kenya,2022,-0.303667404858325,0.11834422869059924,-0.20283268825044737,0.43952114563164585,0.10705897231368221,-3.9418614286006077,9.0,beyond_limits,medium,"Kenya FY2022: year-over-year change of -26% is below the expected range -18% to +55% (learned from FY2011-2019, where a typical year was +13%); that is 3.9 robust sigmas from the typical year (limits sit at 3), so 0.9 beyond the -18% limit.",charted,1055140135.0,0.0,0.0,2011-2019
v2-fixed,Kenya,2023,0.09418574733267154,0.11834422869059924,-0.20283268825044737,0.43952114563164585,0.10705897231368221,-0.22565583094841857,9.0,,,,charted,1161798453.0,0.0,0.0,2011-2019
v2-fixed,Kenya,2024,-0.05763495354235354,0.11834422869059924,-0.20283268825044737,0.43952114563164585,0.10705897231368221,-1.643759307882526,9.0,,,,charted,1095342791.0,0.0,0.0,2011-2019
v2-fixed,Kenya,2025,-0.3069473755430109,0.11834422869059924,-0.20283268825044737,0.43952114563164585,0.10705897231368221,-3.9724984748359815,9.0,beyond_limits,medium,"Kenya FY2025: year-over-year change of -26% is below the expected range -18% to +55% (learned from FY2011-2019, where a typical year was +13%); that is 4.0 robust sigmas from the typical year (limits sit at 3), so 1.0 beyond the -18% limit.",charted,799278941.3,0.0,0.0,2011-2019
v2-fixed,Kenya,2026,0.5344445558575208,0.11834422869059924,-0.20283268825044737,0.43952114563164585,0.10705897231368221,3.8866460061633124,9.0,beyond_limits,medium,"Kenya FY2026: year-over-year change of +71% is above the expected range -18% to +55% (learned from FY2011-2019, where a typical year was +13%); that is 3.9 robust sigmas from the typical year (limits sit at 3), so 0.9 beyond the +55% limit.",charted,1381485839.0,0.0,0.0,2011-2019
v2-fixed,Kiribati,2020,,,,,,,7.0,,,,insufficient_history: only 7 baseline years (<8),1361796.25,0.0,1.0,2013-2019
v2-fixed,Kiribati,2021,,,,,,,7.0,,,,insufficient_history: only 7 baseline years (<8),1933778.79,0.0,1.0,2013-2019
v2-fixed,Kiribati,2022,,,,,,,7.0,,,,insufficient_history: only 7 baseline years (<8),6351157.19,0.0,1.0,2013-2019
v2-fixed,Kiribati,2023,,,,,,,7.0,,,,insufficient_history: only 7 baseline years (<8),8672056.38,0.0,1.0,2013-2019
v2-fixed,Kiribati,2024,,,,,,,7.0,,,,insufficient_history: only 7 baseline years (<8),22154057.43,0.0,1.0,2013-2019
v2-fixed,Kiribati,2025,,,,,,,7.0,,,,insufficient_history: only 7 baseline years (<8),21275862.6,0.0,1.0,2013-2019
v2-fixed,Kiribati,2026,,,,,,,7.0,,,,insufficient_history: only 7 baseline years (<8),52887212.32,0.0,1.0,2013-2019
v2-fixed,Kosovo,2020,-0.16324323194615256,-0.1298309914075522,-0.9132492108160568,0.6535872280009525,0.26113940646950157,-0.12794790717464,9.0,,,,charted,12030964.9,0.0,0.0,2011-2019
v2-fixed,Kosovo,2021,2.020779247883852,-0.1298309914075522,-0.9132492108160568,0.6535872280009525,0.26113940646950157,8.235487199602614,9.0,beyond_limits,high,"Kosovo FY2021: year-over-year change of +654% is above the expected range -60% to +92% (learned from FY2011-2019, where a typical year was -12%); that is 8.2 robust sigmas from the typical year (limits sit at 3), so 5.2 beyond the +92% limit.",charted,94198813.57,0.0,0.0,2011-2019
v2-fixed,Kosovo,2022,-1.1099250484975256,-0.1298309914075522,-0.9132492108160568,0.6535872280009525,0.26113940646950157,-3.753144997687044,9.0,beyond_limits,medium,"Kosovo FY2022: year-over-year change of -67% is below the expected range -60% to +92% (learned from FY2011-2019, where a typical year was -12%); that is 3.8 robust sigmas from the typical year (limits sit at 3), so 0.8 beyond the -60% limit.",charted,30694515.18,0.0,0.0,2011-2019
v2-fixed,Kosovo,2023,1.0361711680593584,-0.1298309914075522,-0.9132492108160568,0.6535872280009525,0.26113940646950157,4.465056328459902,9.0,beyond_limits,medium,"Kosovo FY2023: year-over-year change of +182% is above the expected range -60% to +92% (learned from FY2011-2019, where a typical year was -12%); that is 4.5 robust sigmas from the typical year (limits sit at 3), so 1.5 beyond the +92% limit.",charted,87463987.48,0.0,0.0,2011-2019
v2-fixed,Kosovo,2024,-1.1861555300342945,-0.1298309914075522,-0.9132492108160568,0.6535872280009525,0.26113940646950157,-4.04505988930518,9.0,beyond_limits,medium,"Kosovo FY2024: year-over-year change of -69% is below the expected range -60% to +92% (learned from FY2011-2019, where a typical year was -12%); that is 4.0 robust sigmas from the typical year (limits sit at 3), so 1.0 beyond the -60% limit.",charted,26346325.42,0.0,0.0,2011-2019
v2-fixed,Kosovo,2025,-0.2086684859914784,-0.1298309914075522,-0.9132492108160568,0.6535872280009525,0.26113940646950157,-0.30189811507109177,9.0,,,,charted,21285521.04,0.0,0.0,2011-2019
v2-fixed,Kosovo,2026,1.7578011594513925,-0.1298309914075522,-0.9132492108160568,0.6535872280009525,0.26113940646950157,7.228446201892555,9.0,beyond_limits,high,"Kosovo FY2026: year-over-year change of +480% is above the expected range -60% to +92% (learned from FY2011-2019, where a typical year was -12%); that is 7.2 robust sigmas from the typical year (limits sit at 3), so 4.2 beyond the +92% limit.",charted,125968171.2,0.0,0.0,2011-2019
v2-fixed,Kyrgyz Republic,2020,-0.1605949440523756,0.014774098122750356,-0.5823649008641136,0.6119130971096143,0.19904633299562133,-0.8810463349705807,9.0,,,,charted,45958788.91,0.0,0.0,2011-2019
v2-fixed,Kyrgyz Republic,2021,0.0072746313839584355,0.014774098122750356,-0.5823649008641136,0.6119130971096143,0.19904633299562133,-0.03767699020587782,9.0,,,,charted,46314620.09,0.0,0.0,2011-2019
v2-fixed,Kyrgyz Republic,2022,0.5102438961724652,0.014774098122750356,-0.5823649008641136,0.6119130971096143,0.19904633299562133,2.4892184176063887,9.0,,,,charted,78995111.62,0.0,0.0,2011-2019
v2-fixed,Kyrgyz Republic,2023,0.6343713908903948,0.014774098122750356,-0.5823649008641136,0.6119130971096143,0.19904633299562133,3.1128294776537007,9.0,beyond_limits,medium,"Kyrgyz Republic FY2023: year-over-year change of +89% is above the expected range -44% to +84% (learned from FY2011-2019, where a typical year was +1%); that is 3.1 robust sigmas from the typical year (limits sit at 3), so 0.1 beyond the +84% limit.",charted,151432253.5,0.0,0.0,2011-2019
v2-fixed,Kyrgyz Republic,2024,0.08979166419453861,0.014774098122750356,-0.5823649008641136,0.6119130971096143,0.19904633299562133,0.3768849440368164,9.0,,,,charted,165919696.5,0.0,0.0,2011-2019
v2-fixed,Kyrgyz Republic,2025,-0.040132431005483166,0.014774098122750356,-0.5823649008641136,0.6119130971096143,0.19904633299562133,-0.27584798123078896,9.0,,,,charted,159283521.8,0.0,0.0,2011-2019
v2-fixed,Kyrgyz Republic,2026,0.4020555940573226,0.014774098122750356,-0.5823649008641136,0.6119130971096143,0.19904633299562133,1.9456851583550234,9.0,,,,charted,239486616.1,0.0,0.0,2011-2019
v2-fixed,Lao People's Democratic Republic,2020,-0.30419471904823675,0.20751607921038867,-1.2401411406220637,1.6551732990428412,0.4825524066108175,-1.0604253367061216,9.0,,,,charted,62510019.98,0.0,0.0,2011-2019
v2-fixed,Lao People's Democratic Republic,2021,-0.06689680409474981,0.20751607921038867,-1.2401411406220637,1.6551732990428412,0.4825524066108175,-0.5686695984638508,9.0,,,,charted,58279351.62,0.0,0.0,2011-2019
v2-fixed,Lao People's Democratic Republic,2022,0.35100205258628253,0.20751607921038867,-1.2401411406220637,1.6551732990428412,0.4825524066108175,0.2973479593308017,9.0,,,,charted,83992313.09,0.0,0.0,2011-2019
v2-fixed,Lao People's Democratic Republic,2023,0.2168047478571656,0.20751607921038867,-1.2401411406220637,1.6551732990428412,0.4825524066108175,0.019249036000080145,9.0,,,,charted,105021961.5,0.0,0.0,2011-2019
v2-fixed,Lao People's Democratic Republic,2024,-0.047869202731879903,0.20751607921038867,-1.2401411406220637,1.6551732990428412,0.4825524066108175,-0.5292384380298799,9.0,,,,charted,99978896.9,0.0,0.0,2011-2019
v2-fixed,Lao People's Democratic Republic,2025,0.3121711727146502,0.20751607921038867,-1.2401411406220637,1.6551732990428412,0.4825524066108175,0.216878192027476,9.0,,,,charted,137661779.2,0.0,0.0,2011-2019
v2-fixed,Lao People's Democratic Republic,2026,-0.04514577142462918,0.20751607921038867,-1.2401411406220637,1.6551732990428412,0.4825524066108175,-0.5235946338130932,9.0,,,,charted,131458417.5,0.0,0.0,2011-2019
v2-fixed,Lebanon,2020,,,,,,,0.0,,,,insufficient_history: no eligible baseline years,57331266.08,0.0,2.0,
v2-fixed,Lebanon,2021,,,,,,,0.0,,,,insufficient_history: no eligible baseline years,7348455.5,0.0,2.0,
v2-fixed,Lebanon,2022,,,,,,,0.0,,,,insufficient_history: no eligible baseline years,0.0,0.0,2.0,
v2-fixed,Lebanon,2023,,,,,,,0.0,,,,dormant,0.0,0.0,2.0,
v2-fixed,Lebanon,2024,,,,,,,0.0,,,,insufficient_history: no eligible baseline years,9544600.84,0.0,2.0,
v2-fixed,Lebanon,2025,,,,,,,0.0,,,,insufficient_history: no eligible baseline years,0.0,0.0,2.0,
v2-fixed,Lebanon,2026,,,,,,,0.0,,,,dormant,0.0,0.0,2.0,
v2-fixed,Lesotho,2020,0.36180348214393293,0.11875721402783773,-2.140934125198497,2.3784485532541724,0.7532304464087782,0.3226718586255792,9.0,,,,charted,45694162.86,0.0,0.0,2011-2019
v2-fixed,Lesotho,2021,-0.24917459058794053,0.11875721402783773,-2.140934125198497,2.3784485532541724,0.7532304464087782,-0.48847176368133904,9.0,,,,charted,35349417.42,0.0,0.0,2011-2019
v2-fixed,Lesotho,2022,0.2218939161413964,0.11875721402783773,-2.140934125198497,2.3784485532541724,0.7532304464087782,0.13692582742146134,9.0,,,,charted,44431912.98,0.0,0.0,2011-2019
v2-fixed,Lesotho,2023,0.06792092734900398,0.11875721402783773,-2.140934125198497,2.3784485532541724,0.7532304464087782,-0.06749101409961446,9.0,,,,charted,47639576.24,0.0,0.0,2011-2019
v2-fixed,Lesotho,2024,0.1077124870658628,0.11875721402783773,-2.140934125198497,2.3784485532541724,0.7532304464087782,-0.014663144612161576,9.0,,,,charted,53194984.45,0.0,0.0,2011-2019
v2-fixed,Lesotho,2025,0.3452016320949003,0.11875721402783773,-2.140934125198497,2.3784485532541724,0.7532304464087782,0.3006309943347287,9.0,,,,charted,75624304.08,0.0,0.0,2011-2019
v2-fixed,Lesotho,2026,-0.004658373237844094,0.11875721402783773,-2.140934125198497,2.3784485532541724,0.7532304464087782,-0.16384837847978356,9.0,,,,charted,75267218.96,0.0,0.0,2011-2019
v2-fixed,Liberia,2020,0.2721182828623969,0.0361600948639303,-1.4398812190513455,1.512201408779206,0.4920137713050919,0.47957638944246495,9.0,,,,charted,134637493.3,0.0,0.0,2011-2019
v2-fixed,Liberia,2021,-0.3270463236842015,0.0361600948639303,-1.4398812190513455,1.512201408779206,0.4920137713050919,-0.738203765282236,9.0,,,,charted,96054066.73,0.0,0.0,2011-2019
v2-fixed,Liberia,2022,0.3956999515294912,0.0361600948639303,-1.4398812190513455,1.512201408779206,0.4920137713050919,0.730751612321466,9.0,,,,charted,144466999.1,0.0,0.0,2011-2019
v2-fixed,Liberia,2023,-0.007165917841298358,0.0361600948639303,-1.4398812190513455,1.512201408779206,0.4920137713050919,-0.08805853663466406,9.0,,,,charted,143409189.4,0.0,0.0,2011-2019
v2-fixed,Liberia,2024,0.2671861607420808,0.0361600948639303,-1.4398812190513455,1.512201408779206,0.4920137713050919,0.4695520315729008,9.0,,,,charted,188459986.4,0.0,0.0,2011-2019
v2-fixed,Liberia,2025,-0.07782658597245039,0.0361600948639303,-1.4398812190513455,1.512201408779206,0.4920137713050919,-0.23167376094783923,9.0,,,,charted,174073525.9,0.0,0.0,2011-2019
v2-fixed,Liberia,2026,-0.343578731710206,0.0361600948639303,-1.4398812190513455,1.512201408779206,0.4920137713050919,-0.771805280097871,9.0,,,,charted,122387912.9,0.0,0.0,2011-2019
v2-fixed,MIGA,2020,,,,,,,0.0,,,,dormant,0.0,0.0,0.0,
v2-fixed,MIGA,2021,,,,,,,0.0,,,,dormant,0.0,0.0,0.0,
v2-fixed,MIGA,2022,,,,,,,0.0,,,,dormant,0.0,0.0,0.0,
v2-fixed,MIGA,2023,,,,,,,0.0,,,,dormant,0.0,0.0,0.0,
v2-fixed,MIGA,2024,,,,,,,0.0,,,,dormant,0.0,0.0,0.0,
v2-fixed,MIGA,2025,,,,,,,0.0,,,,dormant,0.0,0.0,0.0,
v2-fixed,MIGA,2026,,,,,,,0.0,,,,dormant,0.0,0.0,0.0,
v2-fixed,Madagascar,2020,0.7598637680638938,0.17977757059134222,-0.4772648443824381,0.8368199855651226,0.21901413832459343,2.648624430870419,9.0,,,,charted,355473589.7,0.0,0.0,2011-2019
v2-fixed,Madagascar,2021,-0.08036470821800877,0.17977757059134222,-0.4772648443824381,0.8368199855651226,0.21901413832459343,-1.187787604943581,9.0,,,,charted,327627821.3,0.0,0.0,2011-2019
v2-fixed,Madagascar,2022,0.06921880041966147,0.17977757059134222,-0.4772648443824381,0.8368199855651226,0.21901413832459343,-0.5048019777053175,9.0,,,,charted,351476670.8,0.0,0.0,2011-2019
v2-fixed,Madagascar,2023,0.24834411504196954,0.17977757059134222,-0.4772648443824381,0.8368199855651226,0.21901413832459343,0.3130690327809211,9.0,,,,charted,452003948.3,0.0,0.0,2011-2019
v2-fixed,Madagascar,2024,0.3306454855354405,0.17977757059134222,-0.4772648443824381,0.8368199855651226,0.21901413832459343,0.6888501176143342,9.0,,,,charted,631138639.2,0.0,0.0,2011-2019
v2-fixed,Madagascar,2025,-0.253944603038908,0.17977757059134222,-0.4772648443824381,0.8368199855651226,0.21901413832459343,-1.9803386984425877,9.0,,,,charted,488446100.3,0.0,0.0,2011-2019
v2-fixed,Madagascar,2026,0.44291680174102815,0.17977757059134222,-0.4772648443824381,0.8368199855651226,0.21901413832459343,1.2014714354180014,9.0,,,,charted,763486841.3,0.0,0.0,2011-2019
v2-fixed,Malawi,2020,-0.35887031978598766,-0.07966444616227368,-1.7163896556453813,1.5570607633208338,0.5455750698277025,-0.5117643548336798,9.0,,,,charted,127777782.8,0.0,0.0,2011-2019
v2-fixed,Malawi,2021,0.4251426948769509,-0.07966444616227368,-1.7163896556453813,1.5570607633208338,0.5455750698277025,0.9252753084898969,9.0,,,,charted,199917041.9,0.0,0.0,2011-2019
v2-fixed,Malawi,2022,0.5090053916635158,-0.07966444616227368,-1.7163896556453813,1.5570607633208338,0.5455750698277025,1.0789896210098027,9.0,,,,charted,338152502.2,0.0,0.0,2011-2019
v2-fixed,Malawi,2023,0.3634274405413236,-0.07966444616227368,-1.7163896556453813,1.5570607633208338,0.5455750698277025,0.8121556706092338,9.0,,,,charted,490021933.3,0.0,0.0,2011-2019
v2-fixed,Malawi,2024,0.24890931337593605,-0.07966444616227368,-1.7163896556453813,1.5570607633208338,0.5455750698277025,0.6022521513711692,9.0,,,,charted,630884030.8,0.0,0.0,2011-2019
v2-fixed,Malawi,2025,-0.207623150274634,-0.07966444616227368,-1.7163896556453813,1.5570607633208338,0.5455750698277025,-0.23453913345558627,9.0,,,,charted,511029852.0,0.0,0.0,2011-2019
v2-fixed,Malawi,2026,-0.33778498981716865,-0.07966444616227368,-1.7163896556453813,1.5570607633208338,0.5455750698277025,-0.47311645624938786,9.0,,,,charted,362139406.4,0.0,0.0,2011-2019
v2-fixed,Maldives,2020,2.053353145565148,-0.24328062878948226,-2.300915960168685,1.8143547025897204,0.6858784437930675,3.3484559766213247,9.0,beyond_limits,medium,"Maldives FY2020: year-over-year change of +679% is above the expected range -90% to +514% (learned from FY2011-2019, where a typical year was -22%); that is 3.3 robust sigmas from the typical year (limits sit at 3), so 0.3 beyond the +514% limit.",charted,39682817.75,0.0,0.0,2011-2019
v2-fixed,Maldives,2021,-0.011053662977907561,-0.24328062878948226,-2.300915960168685,1.8143547025897204,0.6858784437930675,0.3385832692558546,9.0,,,,charted,39243277.38,0.0,0.0,2011-2019
v2-fixed,Maldives,2022,-0.8472510971418897,-0.24328062878948226,-2.300915960168685,1.8143547025897204,0.6858784437930675,-0.8805794580921804,9.0,,,,charted,16647005.79,0.0,0.0,2011-2019
v2-fixed,Maldives,2023,-0.26411988143089593,-0.24328062878948226,-2.300915960168685,1.8143547025897204,0.6858784437930675,-0.030383303091095493,9.0,,,,charted,12712924.0,0.0,0.0,2011-2019
v2-fixed,Maldives,2024,0.3155772279805838,-0.24328062878948226,-2.300915960168685,1.8143547025897204,0.6858784437930675,0.8148059788545795,9.0,,,,charted,17541963.91,0.0,0.0,2011-2019
v2-fixed,Maldives,2025,-0.722137570895634,-0.24328062878948226,-2.300915960168685,1.8143547025897204,0.6858784437930675,-0.6981659016107306,9.0,,,,charted,8365256.95,0.0,0.0,2011-2019
v2-fixed,Maldives,2026,1.7205675404780225,-0.24328062878948226,-2.300915960168685,1.8143547025897204,0.6858784437930675,2.8632597904768184,9.0,,,,charted,48126116.85,0.0,0.0,2011-2019
v2-fixed,Mali,2020,0.5990733586524836,-0.08263330695641445,-0.6786706490099309,0.513404035097102,0.1986791140178388,3.43119441104257,9.0,beyond_limits,medium,"Mali FY2020: year-over-year change of +82% is above the expected range -49% to +67% (learned from FY2011-2019, where a typical year was -8%); that is 3.4 robust sigmas from the typical year (limits sit at 3), so 0.4 beyond the +67% limit.",charted,420931189.5,0.0,0.0,2011-2019
v2-fixed,Mali,2021,-0.635546666948256,-0.08263330695641445,-0.6786706490099309,0.513404035097102,0.1986791140178388,-2.7829465755630314,9.0,,,,charted,219171653.6,0.0,0.0,2011-2019
v2-fixed,Mali,2022,-0.4602063156454167,-0.08263330695641445,-0.6786706490099309,0.513404035097102,0.1986791140178388,-1.9004162090993675,9.0,,,,charted,135372339.5,0.0,0.0,2011-2019
v2-fixed,Mali,2023,0.7212980734902473,-0.08263330695641445,-0.6786706490099309,0.513404035097102,0.1986791140178388,4.046380941554225,9.0,beyond_limits,medium,"Mali FY2023: year-over-year change of +106% is above the expected range -49% to +67% (learned from FY2011-2019, where a typical year was -8%); that is 4.0 robust sigmas from the typical year (limits sit at 3), so 1.0 beyond the +67% limit.",charted,286953917.8,0.0,0.0,2011-2019
v2-fixed,Mali,2024,-0.1253190121774041,-0.08263330695641445,-0.6786706490099309,0.513404035097102,0.1986791140178388,-0.2148474711698031,9.0,,,,charted,252210395.6,0.0,0.0,2011-2019
v2-fixed,Mali,2025,0.07015130186041814,-0.08263330695641445,-0.6786706490099309,0.513404035097102,0.1986791140178388,0.7690018629895568,9.0,,,,charted,271121548.1,0.0,0.0,2011-2019
v2-fixed,Mali,2026,0.181524919868303,-0.08263330695641445,-0.6786706490099309,0.513404035097102,0.1986791140178388,1.3295722005333659,9.0,,,,charted,326683356.7,0.0,0.0,2011-2019
v2-fixed,Marshall Islands,2020,,,,,,,3.0,,,,insufficient_history: only 3 baseline years (<8),8814230.26,0.0,1.0,2017-2019
v2-fixed,Marshall Islands,2021,,,,,,,3.0,,,,insufficient_history: only 3 baseline years (<8),9663384.91,0.0,1.0,2017-2019
v2-fixed,Marshall Islands,2022,,,,,,,3.0,,,,insufficient_history: only 3 baseline years (<8),8115347.74,0.0,1.0,2017-2019
v2-fixed,Marshall Islands,2023,,,,,,,3.0,,,,insufficient_history: only 3 baseline years (<8),18343029.21,0.0,1.0,2017-2019
v2-fixed,Marshall Islands,2024,,,,,,,3.0,,,,insufficient_history: only 3 baseline years (<8),25273826.56,0.0,1.0,2017-2019
v2-fixed,Marshall Islands,2025,,,,,,,3.0,,,,insufficient_history: only 3 baseline years (<8),52760821.76,0.0,1.0,2017-2019
v2-fixed,Marshall Islands,2026,,,,,,,3.0,,,,insufficient_history: only 3 baseline years (<8),66968650.04,0.0,1.0,2017-2019
v2-fixed,Mauritania,2020,0.9080437492028611,-0.14619289631739796,-1.0929440438014753,0.8005582511666793,0.31558371582802575,3.340592662565501,9.0,beyond_limits,medium,"Mauritania FY2020: year-over-year change of +148% is above the expected range -66% to +123% (learned from FY2011-2019, where a typical year was -14%); that is 3.3 robust sigmas from the typical year (limits sit at 3), so 0.3 beyond the +123% limit.",charted,105278107.1,0.0,0.0,2011-2019
v2-fixed,Mauritania,2021,0.43802171551263336,-0.14619289631739796,-1.0929440438014753,0.8005582511666793,0.31558371582802575,1.8512191299135135,9.0,,,,charted,164199868.5,0.0,0.0,2011-2019
v2-fixed,Mauritania,2022,-0.25702224705751364,-0.14619289631739796,-1.0929440438014753,0.8005582511666793,0.31558371582802575,-0.35118843331102373,9.0,,,,charted,126548329.4,0.0,0.0,2011-2019
v2-fixed,Mauritania,2023,-0.009898866040460842,-0.14619289631739796,-1.0929440438014753,0.8005582511666793,0.31558371582802575,0.431879160555956,9.0,,,,charted,125282884.3,0.0,0.0,2011-2019
v2-fixed,Mauritania,2024,-0.02977283021456852,-0.14619289631739796,-1.0929440438014753,0.8005582511666793,0.31558371582802575,0.3689039081036469,9.0,,,,charted,121551434.1,0.0,0.0,2011-2019
v2-fixed,Mauritania,2025,0.1653158025151036,-0.14619289631739796,-1.0929440438014753,0.8005582511666793,0.31558371582802575,0.9870873660739047,9.0,,,,charted,143747861.0,0.0,0.0,2011-2019
v2-fixed,Mauritania,2026,0.2144342461096495,-0.14619289631739796,-1.0929440438014753,0.8005582511666793,0.31558371582802575,1.142730515992681,9.0,,,,charted,178586553.4,0.0,0.0,2011-2019
v2-fixed,Mauritius,2020,,,,,,,0.0,,,,dormant,0.0,0.0,9.0,
v2-fixed,Mauritius,2021,,,,,,,0.0,,,,dormant,0.0,0.0,9.0,
v2-fixed,Mauritius,2022,,,,,,,0.0,,,,dormant,0.0,0.0,9.0,
v2-fixed,Mauritius,2023,,,,,,,0.0,,,,dormant,0.0,0.0,9.0,
v2-fixed,Mauritius,2024,,,,,,,0.0,,,,dormant,0.0,0.0,9.0,
v2-fixed,Mauritius,2026,,,,,,,0.0,,,,no_prior_year,0.0,0.0,9.0,
v2-fixed,Mekong,2020,,,,,,,6.0,,,,insufficient_history: only 6 baseline years (<8),689.62,0.0,1.0,2014-2019
v2-fixed,"Micronesia, Federated States of",2020,,,,,,,4.0,,,,insufficient_history: only 4 baseline years (<8),15902095.56,0.0,1.0,2016-2019
v2-fixed,"Micronesia, Federated States of",2021,,,,,,,4.0,,,,insufficient_history: only 4 baseline years (<8),8006933.54,0.0,1.0,2016-2019
v2-fixed,"Micronesia, Federated States of",2022,,,,,,,4.0,,,,insufficient_history: only 4 baseline years (<8),9810770.97,0.0,1.0,2016-2019
v2-fixed,"Micronesia, Federated States of",2023,,,,,,,4.0,,,,insufficient_history: only 4 baseline years (<8),8310021.5,0.0,1.0,2016-2019
v2-fixed,"Micronesia, Federated States of",2024,,,,,,,4.0,,,,insufficient_history: only 4 baseline years (<8),13386919.68,0.0,1.0,2016-2019
v2-fixed,"Micronesia, Federated States of",2025,,,,,,,4.0,,,,insufficient_history: only 4 baseline years (<8),32298120.32,0.0,1.0,2016-2019
v2-fixed,"Micronesia, Federated States of",2026,,,,,,,4.0,,,,insufficient_history: only 4 baseline years (<8),44596591.15,0.0,1.0,2016-2019
v2-fixed,"Mid East,NorthAfrica, Afghan, Pakistan",2026,,,,,,,0.0,,,,no_prior_year,1802160.37,0.0,0.0,
v2-fixed,Middle East and North Africa,2022,,,,,,,0.0,,,,no_prior_year,0.0,0.0,0.0,
v2-fixed,Middle East and North Africa,2023,,,,,,,0.0,,,,insufficient_history: no eligible baseline years,428762.33,0.0,0.0,
v2-fixed,Middle East and North Africa,2024,,,,,,,0.0,,,,insufficient_history: no eligible baseline years,468074.11,0.0,0.0,
v2-fixed,Middle East and North Africa,2025,,,,,,,0.0,,,,insufficient_history: no eligible baseline years,973058.35,0.0,0.0,
v2-fixed,Moldova,2020,-0.5670431537965711,-0.17140388894867362,-2.995336101831954,2.652528323934607,0.9413107376277602,-0.4203067584727291,9.0,,,,charted,23082432.5,0.0,0.0,2011-2019
v2-fixed,Moldova,2021,1.3427783003867417,-0.17140388894867362,-2.995336101831954,2.652528323934607,0.9413107376277602,1.6085890968920362,9.0,,,,charted,94671254.32,0.0,0.0,2011-2019
v2-fixed,Moldova,2022,-0.7463445439214098,-0.17140388894867362,-2.995336101831954,2.652528323934607,0.9413107376277602,-0.6107873117666438,9.0,,,,charted,43717410.7,0.0,0.0,2011-2019
v2-fixed,Moldova,2023,1.0971317196377277,-0.17140388894867362,-2.995336101831954,2.652528323934607,0.9413107376277602,1.347626833391166,9.0,,,,charted,135382221.4,0.0,0.0,2011-2019
v2-fixed,Moldova,2024,-0.8078427871048628,-0.17140388894867362,-2.995336101831954,2.652528323934607,0.9413107376277602,-0.6761198748886129,9.0,,,,charted,59127351.0,0.0,0.0,2011-2019
v2-fixed,Moldova,2025,-0.16236623614411447,-0.17140388894867362,-2.995336101831954,2.652528323934607,0.9413107376277602,0.009601136418920863,9.0,,,,charted,49933670.9,0.0,0.0,2011-2019
v2-fixed,Moldova,2026,0.734871554583263,-0.17140388894867362,-2.995336101831954,2.652528323934607,0.9413107376277602,0.9627803097369126,9.0,,,,charted,106528243.2,0.0,0.0,2011-2019
v2-fixed,Mongolia,2020,2.1072552095416515,-0.1513241970695434,-1.5858674417651613,1.2832190476260745,0.47818108156520595,4.72327219474744,9.0,beyond_limits,medium,"Mongolia FY2020: year-over-year change of +723% is above the expected range -80% to +261% (learned from FY2011-2019, where a typical year was -14%); that is 4.7 robust sigmas from the typical year (limits sit at 3), so 1.7 beyond the +261% limit.",charted,116661280.6,0.0,0.0,2011-2019
v2-fixed,Mongolia,2021,-0.43783659597961877,-0.1513241970695434,-1.5858674417651613,1.2832190476260745,0.47818108156520595,-0.599171338966922,9.0,,,,charted,74937268.54,0.0,0.0,2011-2019
v2-fixed,Mongolia,2022,-0.01793913260643085,-0.1513241970695434,-1.5858674417651613,1.2832190476260745,0.47818108156520595,0.2789425797158473,9.0,,,,charted,73586915.25,0.0,0.0,2011-2019
v2-fixed,Mongolia,2023,-0.5689134422643105,-0.1513241970695434,-1.5858674417651613,1.2832190476260745,0.47818108156520595,-0.8732868390106387,9.0,,,,charted,41220539.39,0.0,0.0,2011-2019
v2-fixed,Mongolia,2024,0.030610744835441732,-0.1513241970695434,-1.5858674417651613,1.2832190476260745,0.47818108156520595,0.380472898069214,9.0,,,,charted,42533363.77,0.0,0.0,2011-2019
v2-fixed,Mongolia,2025,-0.7156861304802611,-0.1513241970695434,-1.5858674417651613,1.2832190476260745,0.47818108156520595,-1.180226393657023,9.0,,,,charted,20274366.52,0.0,0.0,2011-2019
v2-fixed,Mongolia,2026,-0.20470697725994694,-0.1513241970695434,-1.5858674417651613,1.2832190476260745,0.47818108156520595,-0.11163716476542399,9.0,,,,charted,16333575.52,0.0,0.0,2011-2019
v2-fixed,Montenegro,2020,,,,,,,4.0,,,,dormant,0.0,0.0,5.0,2011-2014
v2-fixed,Montenegro,2021,,,,,,,4.0,,,,dormant,0.0,0.0,5.0,2011-2014
v2-fixed,Montenegro,2022,,,,,,,4.0,,,,dormant,0.0,0.0,5.0,2011-2014
v2-fixed,Montenegro,2023,,,,,,,4.0,,,,dormant,0.0,0.0,5.0,2011-2014
v2-fixed,Montenegro,2024,,,,,,,4.0,,,,dormant,0.0,0.0,5.0,2011-2014
v2-fixed,Montenegro,2025,,,,,,,4.0,,,,dormant,0.0,0.0,5.0,2011-2014
v2-fixed,Montenegro,2026,,,,,,,4.0,,,,dormant,0.0,0.0,5.0,2011-2014
v2-fixed,Morocco,2020,,,,,,,0.0,,,,dormant,0.0,0.0,9.0,
v2-fixed,Morocco,2021,,,,,,,0.0,,,,dormant,0.0,0.0,9.0,
v2-fixed,Morocco,2022,,,,,,,0.0,,,,dormant,0.0,0.0,9.0,
v2-fixed,Morocco,2023,,,,,,,0.0,,,,dormant,0.0,0.0,9.0,
v2-fixed,Morocco,2024,,,,,,,0.0,,,,dormant,0.0,0.0,9.0,
v2-fixed,Morocco,2025,,,,,,,0.0,,,,dormant,0.0,0.0,9.0,
v2-fixed,Mozambique,2020,0.202016086950482,0.024700506103957243,-0.6574832475552126,0.7068842597631271,0.2273945845530566,0.779770464609076,9.0,,,,charted,340989915.4,0.0,0.0,2011-2019
v2-fixed,Mozambique,2021,0.43075569297069966,0.024700506103957243,-0.6574832475552126,0.7068842597631271,0.2273945845530566,1.785685387648271,9.0,,,,charted,531212472.7,0.0,0.0,2011-2019
v2-fixed,Mozambique,2022,0.08227902543686466,0.024700506103957243,-0.6574832475552126,0.7068842597631271,0.2273945845530566,0.25320972109374473,9.0,,,,charted,577824096.1,0.0,0.0,2011-2019
v2-fixed,Mozambique,2023,0.4848203997354374,0.024700506103957243,-0.6574832475552126,0.7068842597631271,0.2273945845530566,2.0234426186351113,9.0,,,,charted,945997692.1,0.0,0.0,2011-2019
v2-fixed,Mozambique,2024,0.22039043190934002,0.024700506103957243,-0.6574832475552126,0.7068842597631271,0.2273945845530566,0.8605742576940025,9.0,,,,charted,1182280745.0,0.0,0.0,2011-2019
v2-fixed,Mozambique,2025,-0.43706704882528397,0.024700506103957243,-0.6574832475552126,0.7068842597631271,0.2273945845530566,-2.030688443336696,9.0,,,,charted,759310454.0,0.0,0.0,2011-2019
v2-fixed,Mozambique,2026,0.21992259430945973,0.024700506103957243,-0.6574832475552126,0.7068842597631271,0.2273945845530566,0.8585168753653959,9.0,,,,charted,949113384.8,0.0,0.0,2011-2019
v2-fixed,Myanmar,2020,,,,,,,6.0,,,,insufficient_history: only 6 baseline years (<8),195518325.3,0.0,0.0,2014-2019
v2-fixed,Myanmar,2021,,,,,,,6.0,,,,insufficient_history: only 6 baseline years (<8),234288336.2,0.0,0.0,2014-2019
v2-fixed,Myanmar,2022,,,,,,,6.0,,,,insufficient_history: only 6 baseline years (<8),42488147.67,0.0,0.0,2014-2019
v2-fixed,Myanmar,2023,,,,,,,6.0,,,,insufficient_history: only 6 baseline years (<8),-18997029.65,0.0,0.0,2014-2019
v2-fixed,Myanmar,2024,,,,,,,6.0,,,,dormant,-9961769.09,0.0,0.0,2014-2019
v2-fixed,Myanmar,2025,,,,,,,6.0,,,,dormant,-5348463.35,0.0,0.0,2014-2019
v2-fixed,Myanmar,2026,,,,,,,6.0,,,,insufficient_history: only 6 baseline years (<8),42452694.53,0.0,0.0,2014-2019
v2-fixed,Nepal,2020,-0.12450466547260725,0.13086756663396099,-0.8277851089759121,1.089520242243834,0.31955089186995767,-0.7991598164917432,9.0,,,,charted,448392325.6,0.0,0.0,2011-2019
v2-fixed,Nepal,2021,0.5886671327890338,0.13086756663396099,-0.8277851089759121,1.089520242243834,0.31955089186995767,1.4326342933236935,9.0,,,,charted,817632928.0,0.0,0.0,2011-2019
v2-fixed,Nepal,2022,-0.5702357561791924,0.13086756663396099,-0.8277851089759121,1.089520242243834,0.31955089186995767,-2.1940271194688754,9.0,,,,charted,456961240.3,0.0,0.0,2011-2019
v2-fixed,Nepal,2023,-0.21577069691270684,0.13086756663396099,-0.8277851089759121,1.089520242243834,0.31955089186995767,-1.0847670038352872,9.0,,,,charted,365897638.3,0.0,0.0,2011-2019
v2-fixed,Nepal,2024,-0.297736672333029,0.13086756663396099,-0.8277851089759121,1.089520242243834,0.31955089186995767,-1.3412706704051758,9.0,,,,charted,268524588.7,0.0,0.0,2011-2019
v2-fixed,Nepal,2025,0.6379949135673783,0.13086756663396099,-0.8277851089759121,1.089520242243834,0.31955089186995767,1.5870002551574616,9.0,,,,charted,519162995.9,0.0,0.0,2011-2019
v2-fixed,Nepal,2026,-0.8996923887259974,0.13086756663396099,-0.8277851089759121,1.089520242243834,0.31955089186995767,-3.2250260649541493,9.0,beyond_limits,medium,"Nepal FY2026: year-over-year change of -59% is below the expected range -56% to +197% (learned from FY2011-2019, where a typical year was +14%); that is 3.2 robust sigmas from the typical year (limits sit at 3), so 0.2 beyond the -56% limit.",charted,203875555.6,0.0,0.0,2011-2019
v2-fixed,Nicaragua,2020,0.08890656222475143,-0.09726132302810155,-1.1508365161706138,0.9563138701144106,0.351191731047504,0.5301032706481092,9.0,,,,charted,78417903.15,0.0,0.0,2011-2019
v2-fixed,Nicaragua,2021,0.2194471278265477,-0.09726132302810155,-1.1508365161706138,0.9563138701144106,0.351191731047504,0.9018106716522025,9.0,,,,charted,98415463.67,0.0,0.0,2011-2019
v2-fixed,Nicaragua,2022,0.0657245194282422,-0.09726132302810155,-1.1508365161706138,0.9563138701144106,0.351191731047504,0.4640936219375206,9.0,,,,charted,105310012.6,0.0,0.0,2011-2019
v2-fixed,Nicaragua,2023,-0.4835481782772609,-0.09726132302810155,-1.1508365161706138,0.9563138701144106,0.351191731047504,-1.0999315220121404,9.0,,,,charted,63754021.0,0.0,0.0,2011-2019
v2-fixed,Nicaragua,2024,0.21313272571543287,-0.09726132302810155,-1.1508365161706138,0.9563138701144106,0.351191731047504,0.8838307434452348,9.0,,,,charted,79629355.35,0.0,0.0,2011-2019
v2-fixed,Nicaragua,2025,-0.930719995443603,-0.09726132302810155,-1.1508365161706138,0.9563138701144106,0.351191731047504,-2.3732297737464765,9.0,,,,charted,29532379.97,0.0,0.0,2011-2019
v2-fixed,Nicaragua,2026,-2.361017700587307,-0.09726132302810155,-1.1508365161706138,0.9563138701144106,0.351191731047504,-6.445927330939914,9.0,beyond_limits,high,"Nicaragua FY2026: year-over-year change of -91% is below the expected range -68% to +160% (learned from FY2011-2019, where a typical year was -9%); that is 6.4 robust sigmas from the typical year (limits sit at 3), so 3.4 beyond the -68% limit.",charted,-11139664.39,0.0,0.0,2011-2019
v2-fixed,Niger,2020,0.6760812837794478,0.04417281312167401,-1.1358906253252328,1.224236251568581,0.3933544794823023,1.6064605937357945,9.0,,,,charted,519570899.2,0.0,0.0,2011-2019
v2-fixed,Niger,2021,0.0611523556603968,0.04417281312167401,-1.1358906253252328,1.224236251568581,0.3933544794823023,0.04316600782345159,9.0,,,,charted,552802748.6,0.0,0.0,2011-2019
v2-fixed,Niger,2022,-0.012739104619724866,0.04417281312167401,-1.1358906253252328,1.224236251568581,0.3933544794823023,-0.14468353790276195,9.0,,,,charted,545711408.8,0.0,0.0,2011-2019
v2-fixed,Niger,2023,0.35612261466511824,0.04417281312167401,-1.1358906253252328,1.224236251568581,0.3933544794823023,0.793050080309253,9.0,,,,charted,782326976.2,0.0,0.0,2011-2019
v2-fixed,Niger,2024,-1.6233818379432339,0.04417281312167401,-1.1358906253252328,1.224236251568581,0.3933544794823023,-4.239317811404088,9.0,beyond_limits,medium,"Niger FY2024: year-over-year change of -80% is below the expected range -68% to +240% (learned from FY2011-2019, where a typical year was +5%); that is 4.2 robust sigmas from the typical year (limits sit at 3), so 1.2 beyond the -68% limit.",charted,148350553.1,0.0,0.0,2011-2019
v2-fixed,Niger,2025,1.3944654407493915,0.04417281312167401,-1.1358906253252328,1.224236251568581,0.3933544794823023,3.4327628082559296,9.0,beyond_limits,medium,"Niger FY2025: year-over-year change of +303% is above the expected range -68% to +240% (learned from FY2011-2019, where a typical year was +5%); that is 3.4 robust sigmas from the typical year (limits sit at 3), so 0.4 beyond the +240% limit.",charted,620742935.8,0.0,0.0,2011-2019
v2-fixed,Niger,2026,0.17698185066616803,0.04417281312167401,-1.1358906253252328,1.224236251568581,0.3933544794823023,0.3376319438875726,9.0,,,,charted,742359199.8,0.0,0.0,2011-2019
v2-fixed,Nigeria,2020,-0.18743295789053235,-0.02839727474470185,-0.7119207428865423,0.6551261933971385,0.22784115604728014,-0.6980112193287346,9.0,,,,charted,989880048.7,0.0,0.0,2011-2019
v2-fixed,Nigeria,2021,0.32836797644910304,-0.02839727474470185,-0.7119207428865423,0.6551261933971385,0.22784115604728014,1.565850776844598,9.0,,,,charted,1390573158.0,0.0,0.0,2011-2019
v2-fixed,Nigeria,2022,0.43308034224110803,-0.02839727474470185,-0.7119207428865423,0.6551261933971385,0.22784115604728014,2.025435724571407,9.0,,,,charted,2166472224.0,0.0,0.0,2011-2019
v2-fixed,Nigeria,2023,-0.1653957772430252,-0.02839727474470185,-0.7119207428865423,0.6551261933971385,0.22784115604728014,-0.6012895337921051,9.0,,,,charted,1829965033.0,0.0,0.0,2011-2019
v2-fixed,Nigeria,2024,0.4347281513083958,-0.02839727474470185,-0.7119207428865423,0.6551261933971385,0.22784115604728014,2.0326679959304315,9.0,,,,charted,2848772371.0,0.0,0.0,2011-2019
v2-fixed,Nigeria,2025,-0.6702379453543721,-0.02839727474470185,-0.7119207428865423,0.6551261933971385,0.22784115604728014,-2.8170532565085806,9.0,,,,charted,1437381873.0,0.0,0.0,2011-2019
v2-fixed,Nigeria,2026,0.19642871857223376,-0.02839727474470185,-0.7119207428865423,0.6551261933971385,0.22784115604728014,0.9867663824102137,9.0,,,,charted,1758257037.0,0.0,0.0,2011-2019
v2-fixed,North Macedonia,2020,,,,,,,0.0,,,,dormant,0.0,0.0,9.0,
v2-fixed,North Macedonia,2021,,,,,,,0.0,,,,dormant,0.0,0.0,9.0,
v2-fixed,North Macedonia,2022,,,,,,,0.0,,,,dormant,0.0,0.0,9.0,
v2-fixed,North Macedonia,2023,,,,,,,0.0,,,,dormant,0.0,0.0,9.0,
v2-fixed,North Macedonia,2024,,,,,,,0.0,,,,dormant,0.0,0.0,9.0,
v2-fixed,North Macedonia,2025,,,,,,,0.0,,,,dormant,0.0,0.0,9.0,
v2-fixed,North Macedonia,2026,,,,,,,0.0,,,,dormant,0.0,0.0,9.0,
v2-fixed,OECS Countries,2022,,,,,,,0.0,,,,no_prior_year,0.0,0.0,0.0,
v2-fixed,OECS Countries,2023,,,,,,,0.0,,,,insufficient_history: no eligible baseline years,1987242.01,0.0,0.0,
v2-fixed,OECS Countries,2024,,,,,,,0.0,,,,insufficient_history: no eligible baseline years,778531.59,0.0,0.0,
v2-fixed,OECS Countries,2025,,,,,,,0.0,,,,insufficient_history: no eligible baseline years,251014.0,0.0,0.0,
v2-fixed,OECS Countries,2026,,,,,,,0.0,,,,insufficient_history: no eligible baseline years,2333503.37,0.0,0.0,
v2-fixed,Pacific 1,2026,,,,,,,0.0,,,,no_prior_year,686450.0,0.0,0.0,
v2-fixed,Pacific Islands,2020,,,,,,,5.0,,,,insufficient_history: only 5 baseline years (<8),2661394.99,0.0,0.0,2015-2019
v2-fixed,Pacific Islands,2021,,,,,,,5.0,,,,insufficient_history: only 5 baseline years (<8),2468196.39,0.0,0.0,2015-2019
v2-fixed,Pacific Islands,2022,,,,,,,5.0,,,,insufficient_history: only 5 baseline years (<8),2306965.31,0.0,0.0,2015-2019
v2-fixed,Pacific Islands,2023,,,,,,,5.0,,,,insufficient_history: only 5 baseline years (<8),2900118.27,0.0,0.0,2015-2019
v2-fixed,Pacific Islands,2024,,,,,,,5.0,,,,insufficient_history: only 5 baseline years (<8),3664824.88,0.0,0.0,2015-2019
v2-fixed,Pacific Islands,2025,,,,,,,5.0,,,,insufficient_history: only 5 baseline years (<8),3007369.46,0.0,0.0,2015-2019
v2-fixed,Pacific Islands,2026,,,,,,,5.0,,,,insufficient_history: only 5 baseline years (<8),2918877.37,0.0,0.0,2015-2019
v2-fixed,Pakistan,2020,0.8481538989155519,-0.2138872329185757,-0.8740112030544146,0.4462367372172632,0.22004132337861296,4.826553101604157,9.0,beyond_limits,medium,"Pakistan FY2020: year-over-year change of +134% is above the expected range -58% to +56% (learned from FY2011-2019, where a typical year was -19%); that is 4.8 robust sigmas from the typical year (limits sit at 3), so 1.8 beyond the +56% limit.",charted,1179136043.0,0.0,0.0,2011-2019
v2-fixed,Pakistan,2021,0.27231221500539426,-0.2138872329185757,-0.8740112030544146,0.4462367372172632,0.22004132337861296,2.2095824568705824,9.0,,,,charted,1558856391.0,0.0,0.0,2011-2019
v2-fixed,Pakistan,2022,-0.3319183324562948,-0.2138872329185757,-0.8740112030544146,0.4462367372172632,0.22004132337861296,-0.5364042431913096,9.0,,,,charted,1108936273.0,0.0,0.0,2011-2019
v2-fixed,Pakistan,2023,0.42457350759108187,-0.2138872329185757,-0.8740112030544146,0.4462367372172632,0.22004132337861296,2.9015492667761023,9.0,,,,charted,1713500150.0,0.0,0.0,2011-2019
v2-fixed,Pakistan,2024,0.10863427463738955,-0.2138872329185757,-0.8740112030544146,0.4462367372172632,0.22004132337861296,1.4657315389847039,9.0,,,,charted,1914038403.0,0.0,0.0,2011-2019
v2-fixed,Pakistan,2025,-0.35739835660416264,-0.2138872329185757,-0.8740112030544146,0.4462367372172632,0.22004132337861296,-0.6522007842983896,9.0,,,,charted,1328628717.0,0.0,0.0,2011-2019
v2-fixed,Pakistan,2026,0.11730721229774221,-0.2138872329185757,-0.8740112030544146,0.4462367372172632,0.22004132337861296,1.5051465794288554,9.0,,,,charted,1498233057.0,0.0,0.0,2011-2019
v2-fixed,Papua New Guinea,2020,-1.6530447675554012,0.1065470357800023,-1.1794866955002163,1.3925807670602208,0.42867791042673953,-4.104694365015842,9.0,beyond_limits,medium,"Papua New Guinea FY2020: year-over-year change of -81% is below the expected range -69% to +303% (learned from FY2011-2019, where a typical year was +11%); that is 4.1 robust sigmas from the typical year (limits sit at 3), so 1.1 beyond the -69% limit.",charted,34234610.42,0.0,0.0,2011-2019
v2-fixed,Papua New Guinea,2021,-0.7637606478326673,0.1065470357800023,-1.1794866955002163,1.3925807670602208,0.42867791042673953,-2.0302135063276228,9.0,,,,charted,15250625.39,0.0,0.0,2011-2019
v2-fixed,Papua New Guinea,2022,1.9911676380957322,0.1065470357800023,-1.1794866955002163,1.3925807670602208,0.42867791042673953,4.3963557637939195,9.0,beyond_limits,medium,"Papua New Guinea FY2022: year-over-year change of +632% is above the expected range -69% to +303% (learned from FY2011-2019, where a typical year was +11%); that is 4.4 robust sigmas from the typical year (limits sit at 3), so 1.4 beyond the +303% limit.",charted,119981351.6,0.0,0.0,2011-2019
v2-fixed,Papua New Guinea,2023,-1.2420454310479332,0.1065470357800023,-1.1794866955002163,1.3925807670602208,0.42867791042673953,-3.145934124493238,9.0,beyond_limits,medium,"Papua New Guinea FY2023: year-over-year change of -71% is below the expected range -69% to +303% (learned from FY2011-2019, where a typical year was +11%); that is 3.1 robust sigmas from the typical year (limits sit at 3), so 0.1 beyond the -69% limit.",charted,33718082.56,0.0,0.0,2011-2019
v2-fixed,Papua New Guinea,2024,0.12723683473995342,0.1065470357800023,-1.1794866955002163,1.3925807670602208,0.42867791042673953,0.048264205961428906,9.0,,,,charted,38470901.33,0.0,0.0,2011-2019
v2-fixed,Papua New Guinea,2025,0.40349275552929664,0.1065470357800023,-1.1794866955002163,1.3925807670602208,0.42867791042673953,0.6927012391510712,9.0,,,,charted,58243774.7,0.0,0.0,2011-2019
v2-fixed,Papua New Guinea,2026,1.1455254879691412,0.1065470357800023,-1.1794866955002163,1.3925807670602208,0.42867791042673953,2.4236808730238946,9.0,,,,charted,185932611.0,0.0,0.0,2011-2019
v2-fixed,Paraguay,2020,,,,,,,0.0,,,,dormant,0.0,0.0,9.0,
v2-fixed,Paraguay,2021,,,,,,,0.0,,,,dormant,0.0,0.0,9.0,
v2-fixed,Paraguay,2022,,,,,,,0.0,,,,dormant,0.0,0.0,9.0,
v2-fixed,Paraguay,2023,,,,,,,0.0,,,,dormant,0.0,0.0,9.0,
v2-fixed,Paraguay,2024,,,,,,,0.0,,,,dormant,0.0,0.0,9.0,
v2-fixed,Paraguay,2025,,,,,,,0.0,,,,dormant,0.0,0.0,9.0,
v2-fixed,Paraguay,2026,,,,,,,0.0,,,,dormant,0.0,0.0,9.0,
v2-fixed,Philippines,2020,,,,,,,0.0,,,,dormant,0.0,0.0,9.0,
v2-fixed,Philippines,2021,,,,,,,0.0,,,,dormant,0.0,0.0,9.0,
v2-fixed,Philippines,2022,,,,,,,0.0,,,,dormant,0.0,0.0,9.0,
v2-fixed,Philippines,2023,,,,,,,0.0,,,,dormant,0.0,0.0,9.0,
v2-fixed,Philippines,2024,,,,,,,0.0,,,,dormant,0.0,0.0,9.0,
v2-fixed,Philippines,2025,,,,,,,0.0,,,,dormant,0.0,0.0,9.0,
v2-fixed,Philippines,2026,,,,,,,0.0,,,,dormant,0.0,0.0,9.0,
v2-fixed,Rwanda,2020,0.4805184814651398,0.13134776097792136,-0.38401459565197715,0.6467101176078198,0.17178745220996616,2.0325740675194752,9.0,,,,charted,445994814.3,0.0,0.0,2011-2019
v2-fixed,Rwanda,2021,0.12181698526245101,0.13134776097792136,-0.38401459565197715,0.6467101176078198,0.17178745220996616,-0.055480045794156274,9.0,,,,charted,505133231.4,0.0,0.0,2011-2019
v2-fixed,Rwanda,2022,-0.22688123005605706,0.13134776097792136,-0.38401459565197715,0.6467101176078198,0.17178745220996616,-2.085303591301507,9.0,,,,charted,400466518.5,0.0,0.0,2011-2019
v2-fixed,Rwanda,2023,0.18770697300083958,0.13134776097792136,-0.38401459565197715,0.6467101176078198,0.17178745220996616,0.32807525402980836,9.0,,,,charted,485324004.2,0.0,0.0,2011-2019
v2-fixed,Rwanda,2024,0.04159551153757482,0.13134776097792136,-0.38401459565197715,0.6467101176078198,0.17178745220996616,-0.5224610312669834,9.0,,,,charted,506383236.8,0.0,0.0,2011-2019
v2-fixed,Rwanda,2025,0.3069750924578139,0.13134776097792136,-0.38401459565197715,0.6467101176078198,0.17178745220996616,1.0223525014227064,9.0,,,,charted,692105054.7,0.0,0.0,2011-2019
v2-fixed,Rwanda,2026,-0.4945842048933183,0.13134776097792136,-0.38401459565197715,0.6467101176078198,0.17178745220996616,-3.6436419413578482,9.0,beyond_limits,medium,"Rwanda FY2026: year-over-year change of -39% is below the expected range -32% to +91% (learned from FY2011-2019, where a typical year was +14%); that is 3.6 robust sigmas from the typical year (limits sit at 3), so 0.6 beyond the -32% limit.",charted,417963550.6,0.0,0.0,2011-2019
v2-fixed,Samoa,2020,0.1841037800821728,0.07283600014328004,-1.2036589403932922,1.3493309406798522,0.4254983135121907,0.26149993173992897,9.0,,,,charted,29814915.83,0.0,0.0,2011-2019
v2-fixed,Samoa,2021,-0.4311638950795803,0.07283600014328004,-1.2036589403932922,1.3493309406798522,0.4254983135121907,-1.184493285208804,9.0,,,,charted,19133643.05,0.0,0.0,2011-2019
v2-fixed,Samoa,2022,0.4375155149439823,0.07283600014328004,-1.2036589403932922,1.3493309406798522,0.4254983135121907,0.857064536379776,9.0,,,,charted,30009233.51,0.0,0.0,2011-2019
v2-fixed,Samoa,2023,-0.07911496588407196,0.07283600014328004,-1.2036589403932922,1.3493309406798522,0.4254983135121907,-0.35711296896362094,9.0,,,,charted,27674707.96,0.0,0.0,2011-2019
v2-fixed,Samoa,2024,-0.5796254794996804,0.07283600014328004,-1.2036589403932922,1.3493309406798522,0.4254983135121907,-1.533405559841936,9.0,,,,charted,15201071.06,0.0,0.0,2011-2019
v2-fixed,Samoa,2025,0.0848791103599456,0.07283600014328004,-1.2036589403932922,1.3493309406798522,0.4254983135121907,0.028303543948877522,9.0,,,,charted,16608030.02,0.0,0.0,2011-2019
v2-fixed,Samoa,2026,-0.3615427264678285,0.07283600014328004,-1.2036589403932922,1.3493309406798522,0.4254983135121907,-1.0208706187942702,9.0,,,,charted,11362421.22,0.0,0.0,2011-2019
v2-fixed,Sao Tome and Principe,2020,0.2345153127018485,0.006082402108454912,-7.329600203783882,7.341765008000793,2.445227535297446,0.09341989949643122,9.0,,,,charted,16902588.09,0.0,0.0,2011-2019
v2-fixed,Sao Tome and Principe,2021,0.34494759172365025,0.006082402108454912,-7.329600203783882,7.341765008000793,2.445227535297446,0.13858227290654757,9.0,,,,charted,23954601.42,0.0,0.0,2011-2019
v2-fixed,Sao Tome and Principe,2022,0.3602317498090932,0.006082402108454912,-7.329600203783882,7.341765008000793,2.445227535297446,0.14483288061679642,9.0,,,,charted,34437089.47,0.0,0.0,2011-2019
v2-fixed,Sao Tome and Principe,2023,-0.48705486967365946,0.006082402108454912,-7.329600203783882,7.341765008000793,2.445227535297446,-0.20167336767787847,9.0,,,,charted,21075456.43,0.0,0.0,2011-2019
v2-fixed,Sao Tome and Principe,2024,0.7029131178328497,0.006082402108454912,-7.329600203783882,7.341765008000793,2.445227535297446,0.2849758174507183,9.0,,,,charted,42786283.37,0.0,0.0,2011-2019
v2-fixed,Sao Tome and Principe,2025,0.11646700052558345,0.006082402108454912,-7.329600203783882,7.341765008000793,2.445227535297446,0.04514287395495936,9.0,,,,charted,48098122.31,0.0,0.0,2011-2019
v2-fixed,Sao Tome and Principe,2026,0.2381034179133959,0.006082402108454912,-7.329600203783882,7.341765008000793,2.445227535297446,0.09488729063273744,9.0,,,,charted,61087298.51,0.0,0.0,2011-2019
v2-fixed,Senegal,2020,0.34229939380719293,0.186060942575464,-0.8506020562464556,1.2227239413973836,0.34555433294063986,0.4521385968514768,9.0,,,,charted,534347066.0,0.0,0.0,2011-2019
v2-fixed,Senegal,2021,-0.5076827818246263,0.186060942575464,-0.8506020562464556,1.2227239413973836,0.34555433294063986,-2.007625598256536,9.0,,,,charted,318403237.9,0.0,0.0,2011-2019
v2-fixed,Senegal,2022,0.781693392710795,0.186060942575464,-0.8506020562464556,1.2227239413973836,0.34555433294063986,1.7237012919691854,9.0,,,,charted,705333671.6,0.0,0.0,2011-2019
v2-fixed,Senegal,2023,-0.03787563860722768,0.186060942575464,-0.8506020562464556,1.2227239413973836,0.34555433294063986,-0.6480502770056714,9.0,,,,charted,678818228.5,0.0,0.0,2011-2019
v2-fixed,Senegal,2024,-0.4226161914378271,0.186060942575464,-0.8506020562464556,1.2227239413973836,0.34555433294063986,-1.7614513145689625,9.0,,,,charted,442067280.9,0.0,0.0,2011-2019
v2-fixed,Senegal,2025,-0.48491942292089013,0.186060942575464,-0.8506020562464556,1.2227239413973836,0.34555433294063986,-1.9417506931149282,9.0,,,,charted,269099195.8,0.0,0.0,2011-2019
v2-fixed,Senegal,2026,0.7923701279415077,0.186060942575464,-0.8506020562464556,1.2227239413973836,0.34555433294063986,1.7545987058139334,9.0,,,,charted,604097201.7,0.0,0.0,2011-2019
v2-fixed,Serbia,2020,,,,,,,4.0,,,,dormant,0.0,0.0,5.0,2011-2014
v2-fixed,Serbia,2021,,,,,,,4.0,,,,dormant,0.0,0.0,5.0,2011-2014
v2-fixed,Serbia,2022,,,,,,,4.0,,,,dormant,0.0,0.0,5.0,2011-2014
v2-fixed,Serbia,2023,,,,,,,4.0,,,,dormant,0.0,0.0,5.0,2011-2014
v2-fixed,Serbia,2024,,,,,,,4.0,,,,dormant,0.0,0.0,5.0,2011-2014
v2-fixed,Serbia,2025,,,,,,,4.0,,,,dormant,0.0,0.0,5.0,2011-2014
v2-fixed,Serbia,2026,,,,,,,4.0,,,,dormant,0.0,0.0,5.0,2011-2014
v2-fixed,Sierra Leone,2020,-0.04116593705163197,0.25172706283713747,-2.376686698612245,2.88014082428652,0.8761379204831274,-0.33430010622900547,9.0,,,,charted,98000185.43,0.0,0.0,2011-2019
v2-fixed,Sierra Leone,2021,0.8567271821661204,0.25172706283713747,-2.376686698612245,2.88014082428652,0.8761379204831274,0.6905306860766494,9.0,,,,charted,234910175.6,0.0,0.0,2011-2019
v2-fixed,Sierra Leone,2022,-0.33038518401765704,0.25172706283713747,-2.376686698612245,2.88014082428652,0.8761379204831274,-0.6644070907623782,9.0,,,,charted,167971247.0,0.0,0.0,2011-2019
v2-fixed,Sierra Leone,2023,0.34995126547961597,0.25172706283713747,-2.376686698612245,2.88014082428652,0.8761379204831274,0.1121104341520966,9.0,,,,charted,239611135.1,0.0,0.0,2011-2019
v2-fixed,Sierra Leone,2024,-0.24475051000669534,0.25172706283713747,-2.376686698612245,2.88014082428652,0.8761379204831274,-0.5666660022774279,9.0,,,,charted,186938555.3,0.0,0.0,2011-2019
v2-fixed,Sierra Leone,2025,0.006442085612668494,0.25172706283713747,-2.376686698612245,2.88014082428652,0.8761379204831274,-0.2799616036356603,9.0,,,,charted,188166155.0,0.0,0.0,2011-2019
v2-fixed,Sierra Leone,2026,-0.40843314301978245,0.25172706283713747,-2.376686698612245,2.88014082428652,0.8761379204831274,-0.7534889090211833,9.0,,,,charted,124063836.4,0.0,0.0,2011-2019
v2-fixed,Solomon Islands,2020,1.00865003950629,0.4784730967809911,-1.321354799844958,2.27830099340694,0.5999426322086497,0.8837127322882307,9.0,,,,charted,26706239.0,0.0,0.0,2011-2019
v2-fixed,Solomon Islands,2021,-0.36606753834301853,0.4784730967809911,-1.321354799844958,2.27830099340694,0.5999426322086497,-1.4077023198282947,9.0,,,,charted,18432064.58,0.0,0.0,2011-2019
v2-fixed,Solomon Islands,2022,0.42470153828286594,0.4784730967809911,-1.321354799844958,2.27830099340694,0.5999426322086497,-0.089627833748318,9.0,,,,charted,28336194.49,0.0,0.0,2011-2019
v2-fixed,Solomon Islands,2023,0.6370065997712911,0.4784730967809911,-1.321354799844958,2.27830099340694,0.5999426322086497,0.26424777050210496,9.0,,,,charted,53832807.84,0.0,0.0,2011-2019
v2-fixed,Solomon Islands,2024,0.07984288612299462,0.4784730967809911,-1.321354799844958,2.27830099340694,0.5999426322086497,-0.6644472142119078,9.0,,,,charted,58330957.66,0.0,0.0,2011-2019
v2-fixed,Solomon Islands,2025,0.17402772589026588,0.4784730967809911,-1.321354799844958,2.27830099340694,0.5999426322086497,-0.5074574710084019,9.0,,,,charted,69473286.84,0.0,0.0,2011-2019
v2-fixed,Solomon Islands,2026,0.20132229869787865,0.4784730967809911,-1.321354799844958,2.27830099340694,0.5999426322086497,-0.46196216638714244,9.0,,,,charted,85030826.72,0.0,0.0,2011-2019
v2-fixed,Somalia,2020,,,,,,,0.0,,,,insufficient_history: no eligible baseline years,520787157.9,0.0,0.0,
v2-fixed,Somalia,2021,,,,,,,0.0,,,,insufficient_history: no eligible baseline years,138638812.6,0.0,0.0,
v2-fixed,Somalia,2022,,,,,,,0.0,,,,insufficient_history: no eligible baseline years,134861844.5,0.0,0.0,
v2-fixed,Somalia,2023,,,,,,,0.0,,,,insufficient_history: no eligible baseline years,341841805.0,0.0,0.0,
v2-fixed,Somalia,2024,,,,,,,0.0,,,,insufficient_history: no eligible baseline years,485978014.4,0.0,0.0,
v2-fixed,Somalia,2025,,,,,,,0.0,,,,insufficient_history: no eligible baseline years,391687811.9,0.0,0.0,
v2-fixed,"Somalia, Federal Republic of",2026,,,,,,,0.0,,,,no_prior_year,493443310.6,0.0,0.0,
v2-fixed,South Asia,2020,,,,,,,0.0,,,,no_prior_year,0.0,0.0,0.0,
v2-fixed,South Asia,2021,,,,,,,0.0,,,,insufficient_history: no eligible baseline years,4475138.93,0.0,0.0,
v2-fixed,South Asia,2022,,,,,,,0.0,,,,insufficient_history: no eligible baseline years,1781521.35,0.0,0.0,
v2-fixed,South Asia,2023,,,,,,,0.0,,,,insufficient_history: no eligible baseline years,10685449.93,0.0,0.0,
v2-fixed,South Asia,2024,,,,,,,0.0,,,,insufficient_history: no eligible baseline years,17556735.39,0.0,0.0,
v2-fixed,South Asia,2025,,,,,,,0.0,,,,insufficient_history: no eligible baseline years,26467737.18,0.0,0.0,
v2-fixed,South Asia,2026,,,,,,,0.0,,,,insufficient_history: no eligible baseline years,5586481.35,0.0,0.0,
v2-fixed,South East Asia,2022,,,,,,,0.0,,,,no_prior_year,0.0,0.0,0.0,
v2-fixed,South East Asia,2023,,,,,,,0.0,,,,insufficient_history: no eligible baseline years,2612909.23,0.0,0.0,
v2-fixed,South East Asia,2024,,,,,,,0.0,,,,insufficient_history: no eligible baseline years,2759436.62,0.0,0.0,
v2-fixed,South Sudan,2020,,,,,,,5.0,,,,insufficient_history: only 5 baseline years (<8),78335825.11,0.0,1.0,2015-2019
v2-fixed,South Sudan,2021,,,,,,,5.0,,,,insufficient_history: only 5 baseline years (<8),23887584.79,0.0,1.0,2015-2019
v2-fixed,South Sudan,2022,,,,,,,5.0,,,,insufficient_history: only 5 baseline years (<8),197538276.8,0.0,1.0,2015-2019
v2-fixed,South Sudan,2023,,,,,,,5.0,,,,insufficient_history: only 5 baseline years (<8),255926899.9,0.0,1.0,2015-2019
v2-fixed,South Sudan,2024,,,,,,,5.0,,,,insufficient_history: only 5 baseline years (<8),52334075.17,0.0,1.0,2015-2019
v2-fixed,South Sudan,2025,,,,,,,5.0,,,,insufficient_history: only 5 baseline years (<8),258908338.3,0.0,1.0,2015-2019
v2-fixed,South Sudan,2026,,,,,,,5.0,,,,insufficient_history: only 5 baseline years (<8),223463538.4,0.0,1.0,2015-2019
v2-fixed,Sri Lanka,2020,0.5248604937527451,-0.051028027888535624,-0.7904434054088427,0.6883873496317714,0.246471792506769,2.336529124830643,9.0,,,,charted,187301318.8,0.0,0.0,2011-2019
v2-fixed,Sri Lanka,2021,0.39498673290707775,-0.051028027888535624,-0.7904434054088427,0.6883873496317714,0.246471792506769,1.8095975862364218,9.0,,,,charted,282448196.6,0.0,0.0,2011-2019
v2-fixed,Sri Lanka,2022,-0.3599064143164998,-0.051028027888535624,-0.7904434054088427,0.6883873496317714,0.246471792506769,-1.2531997405726711,9.0,,,,charted,194314670.7,0.0,0.0,2011-2019
v2-fixed,Sri Lanka,2023,0.5337580405786984,-0.051028027888535624,-0.7904434054088427,0.6883873496317714,0.246471792506769,2.372628780436097,9.0,,,,charted,337813762.9,0.0,0.0,2011-2019
v2-fixed,Sri Lanka,2024,0.23977023394830319,-0.051028027888535624,-0.7904434054088427,0.6883873496317714,0.246471792506769,1.179843984900838,9.0,,,,charted,431822046.8,0.0,0.0,2011-2019
v2-fixed,Sri Lanka,2025,-0.099521792004374,-0.051028027888535624,-0.7904434054088427,0.6883873496317714,0.246471792506769,-0.19675178089398024,9.0,,,,charted,390050264.3,0.0,0.0,2011-2019
v2-fixed,Sri Lanka,2026,-0.8809426830343436,-0.051028027888535624,-0.7904434054088427,0.6883873496317714,0.246471792506769,-3.367179045947075,9.0,beyond_limits,medium,"Sri Lanka FY2026: year-over-year change of -59% is below the expected range -55% to +99% (learned from FY2011-2019, where a typical year was -5%); that is 3.4 robust sigmas from the typical year (limits sit at 3), so 0.4 beyond the -55% limit.",charted,156284095.2,0.0,0.0,2011-2019
v2-fixed,St. Kitts and Nevis,2020,,,,,,,0.0,,,,dormant,0.0,0.0,9.0,
v2-fixed,St. Kitts and Nevis,2021,,,,,,,0.0,,,,dormant,0.0,0.0,9.0,
v2-fixed,St. Kitts and Nevis,2022,,,,,,,0.0,,,,dormant,0.0,0.0,9.0,
v2-fixed,St. Kitts and Nevis,2023,,,,,,,0.0,,,,dormant,0.0,0.0,9.0,
v2-fixed,St. Kitts and Nevis,2024,,,,,,,0.0,,,,dormant,0.0,0.0,9.0,
v2-fixed,St. Kitts and Nevis,2025,,,,,,,0.0,,,,dormant,0.0,0.0,9.0,
v2-fixed,St. Kitts and Nevis,2026,,,,,,,0.0,,,,dormant,0.0,0.0,9.0,
v2-fixed,St. Lucia,2020,1.3090161708443706,-0.056069722394430845,-2.759927450506784,2.6477880057179224,0.9012859093707845,1.5145980637729155,9.0,,,,charted,11703759.32,0.0,0.0,2011-2019
v2-fixed,St. Lucia,2021,1.2971465134811013,-0.056069722394430845,-2.759927450506784,2.6477880057179224,0.9012859093707845,1.501428372291157,9.0,,,,charted,43364442.6,0.0,0.0,2011-2019
v2-fixed,St. Lucia,2022,-1.0037863014930724,-0.056069722394430845,-2.759927450506784,2.6477880057179224,0.9012859093707845,-1.0515160275392208,9.0,,,,charted,15763400.36,0.0,0.0,2011-2019
v2-fixed,St. Lucia,2023,0.12701214807840083,-0.056069722394430845,-2.759927450506784,2.6477880057179224,0.9012859093707845,0.20313406497239792,9.0,,,,charted,17925870.24,0.0,0.0,2011-2019
v2-fixed,St. Lucia,2024,1.2703856740990824,-0.056069722394430845,-2.759927450506784,2.6477880057179224,0.9012859093707845,1.4717365296652123,9.0,,,,charted,64378544.72,0.0,0.0,2011-2019
v2-fixed,St. Lucia,2025,-1.1834909207224937,-0.056069722394430845,-2.759927450506784,2.6477880057179224,0.9012859093707845,-1.2509029450101472,9.0,,,,charted,19571728.38,0.0,0.0,2011-2019
v2-fixed,St. Lucia,2026,0.2618912840288289,-0.056069722394430845,-2.759927450506784,2.6477880057179224,0.9012859093707845,0.3527859507370288,9.0,,,,charted,25492272.27,0.0,0.0,2011-2019
v2-fixed,St. Vincent and the Grenadines,2020,2.8294643382192888,0.12403261591696452,-2.3632040901204903,2.6112693219544196,0.829078902012485,3.263177624874096,9.0,beyond_limits,medium,"St. Vincent and the Grenadines FY2020: year-over-year change of +1594% is above the expected range -91% to +1262% (learned from FY2011-2019, where a typical year was +13%); that is 3.3 robust sigmas from the typical year (limits sit at 3), so 0.3 beyond the +1262% limit.",charted,56555184.24,0.0,0.0,2011-2019
v2-fixed,St. Vincent and the Grenadines,2021,0.002396902519768522,0.12403261591696452,-2.3632040901204903,2.6112693219544196,0.829078902012485,-0.14671186674988418,9.0,,,,charted,56691144.07,0.0,0.0,2011-2019
v2-fixed,St. Vincent and the Grenadines,2022,0.0920184404920707,0.12403261591696452,-2.3632040901204903,2.6112693219544196,0.829078902012485,-0.03861414799868074,9.0,,,,charted,62164960.75,0.0,0.0,2011-2019
v2-fixed,St. Vincent and the Grenadines,2023,-1.261882658759604,0.12403261591696452,-2.3632040901204903,2.6112693219544196,0.829078902012485,-1.6716325446377094,9.0,,,,charted,17528487.14,0.0,0.0,2011-2019
v2-fixed,St. Vincent and the Grenadines,2024,0.035744993944175546,0.12403261591696452,-2.3632040901204903,2.6112693219544196,0.829078902012485,-0.10648880553887193,9.0,,,,charted,18170014.7,0.0,0.0,2011-2019
v2-fixed,St. Vincent and the Grenadines,2025,0.7012399645455335,0.12403261591696452,-2.3632040901204903,2.6112693219544196,0.829078902012485,0.6962031565722762,9.0,,,,charted,36736939.76,0.0,0.0,2011-2019
v2-fixed,St. Vincent and the Grenadines,2026,-0.4386847117766976,0.12403261591696452,-2.3632040901204903,2.6112693219544196,0.829078902012485,-0.6787259045281896,9.0,,,,charted,23655555.71,0.0,0.0,2011-2019
v2-fixed,Sudan,2021,,,,,,,0.0,,,,no_prior_year,1409825188.0,0.0,0.0,
v2-fixed,Sudan,2022,,,,,,,0.0,,,,insufficient_history: no eligible baseline years,10204496.0,0.0,0.0,
v2-fixed,Sudan,2023,,,,,,,0.0,,,,insufficient_history: no eligible baseline years,0.0,0.0,0.0,
v2-fixed,Sudan,2024,,,,,,,0.0,,,,dormant,-3069407.09,0.0,0.0,
v2-fixed,Sudan,2025,,,,,,,0.0,,,,insufficient_history: no eligible baseline years,83340577.2,0.0,0.0,
v2-fixed,Sudan,2026,,,,,,,0.0,,,,insufficient_history: no eligible baseline years,164233941.4,0.0,0.0,
v2-fixed,Suriname,2025,,,,,,,0.0,,,,no_prior_year,0.0,0.0,0.0,
v2-fixed,Syrian Arab Republic,2025,,,,,,,0.0,,,,no_prior_year,0.0,0.0,2.0,
v2-fixed,Syrian Arab Republic,2026,,,,,,,0.0,,,,insufficient_history: no eligible baseline years,9534144.0,0.0,2.0,
v2-fixed,Tajikistan,2020,-0.060876312557036495,0.3252881555213698,-1.685061653625098,2.3356379646678374,0.6701166030488226,-0.5762645878664666,9.0,,,,charted,75332213.29,0.0,0.0,2011-2019
v2-fixed,Tajikistan,2021,0.5614901195381948,0.3252881555213698,-1.685061653625098,2.3356379646678374,0.6701166030488226,0.3524789013466901,9.0,,,,charted,133273946.9,0.0,0.0,2011-2019
v2-fixed,Tajikistan,2022,-0.053380931031985164,0.3252881555213698,-1.685061653625098,2.3356379646678374,0.6701166030488226,-0.565079397869756,9.0,,,,charted,126263729.7,0.0,0.0,2011-2019
v2-fixed,Tajikistan,2023,0.5854027883982129,0.3252881555213698,-1.685061653625098,2.3356379646678374,0.6701166030488226,0.3881632415812446,9.0,,,,charted,227996136.0,0.0,0.0,2011-2019
v2-fixed,Tajikistan,2024,0.020774259915913345,0.3252881555213698,-1.685061653625098,2.3356379646678374,0.6701166030488226,-0.454419267064885,9.0,,,,charted,232815435.2,0.0,0.0,2011-2019
v2-fixed,Tajikistan,2025,-0.015975832691670647,0.3252881555213698,-1.685061653625098,2.3356379646678374,0.6701166030488226,-0.5092606072740105,9.0,,,,charted,229100419.9,0.0,0.0,2011-2019
v2-fixed,Tajikistan,2026,0.747270865088839,0.3252881555213698,-1.685061653625098,2.3356379646678374,0.6701166030488226,0.6297153475194897,9.0,,,,charted,485446958.2,0.0,0.0,2011-2019
v2-fixed,Tanzania,2020,0.504621280720531,0.0008201074190416184,-0.8275275889694635,0.8291678038075467,0.2761158987961684,1.824600377949988,9.0,,,,charted,750675907.5,0.0,0.0,2011-2019
v2-fixed,Tanzania,2021,-0.454102948897768,0.0008201074190416184,-0.8275275889694635,0.8291678038075467,0.2761158987961684,-1.647580086116803,9.0,,,,charted,466502351.5,0.0,0.0,2011-2019
v2-fixed,Tanzania,2022,0.5589818418916602,0.0008201074190416184,-0.8275275889694635,0.8291678038075467,0.2761158987961684,2.0214762601723972,9.0,,,,charted,836769876.8,0.0,0.0,2011-2019
v2-fixed,Tanzania,2023,0.5833205383763178,0.0008201074190416184,-0.8275275889694635,0.8291678038075467,0.2761158987961684,2.109622928259137,9.0,,,,charted,1521585063.0,0.0,0.0,2011-2019
v2-fixed,Tanzania,2024,0.33923964938171763,0.0008201074190416184,-0.8275275889694635,0.8291678038075467,0.2761158987961684,1.2256430847993323,9.0,,,,charted,2147398287.0,0.0,0.0,2011-2019
v2-fixed,Tanzania,2025,-0.3076991403952364,0.0008201074190416184,-0.8275275889694635,0.8291678038075467,0.2761158987961684,-1.1173541587405298,9.0,,,,charted,1571236097.0,0.0,0.0,2011-2019
v2-fixed,Tanzania,2026,-0.1588365157640318,0.0008201074190416184,-0.8275275889694635,0.8291678038075467,0.2761158987961684,-0.57822321669689,9.0,,,,charted,1336377527.0,0.0,0.0,2011-2019
v2-fixed,Thailand & Myanmar CMU,2025,,,,,,,0.0,,,,no_prior_year,1977000.0,0.0,0.0,
v2-fixed,Thailand & Myanmar CMU,2026,,,,,,,0.0,,,,insufficient_history: no eligible baseline years,7949400.02,0.0,0.0,
v2-fixed,Timor-Leste,2020,-0.09889617591488506,0.16827275827844612,-1.4129565642682613,1.7495020808251538,0.5270764408489025,-0.5068884007849647,9.0,,,,charted,2785202.01,0.0,0.0,2011-2019
v2-fixed,Timor-Leste,2021,0.250497047764228,0.16827275827844612,-1.4129565642682613,1.7495020808251538,0.5270764408489025,0.15600069195533098,9.0,,,,charted,3673412.86,0.0,0.0,2011-2019
v2-fixed,Timor-Leste,2022,0.2368297788529334,0.16827275827844612,-1.4129565642682613,1.7495020808251538,0.5270764408489025,0.13007035651995796,9.0,,,,charted,4744564.71,0.0,0.0,2011-2019
v2-fixed,Timor-Leste,2023,-0.005899769676964709,0.16827275827844612,-1.4129565642682613,1.7495020808251538,0.5270764408489025,-0.33045022402232743,9.0,,,,charted,4714684.63,0.0,0.0,2011-2019
v2-fixed,Timor-Leste,2024,0.15719464189758817,0.16827275827844612,-1.4129565642682613,1.7495020808251538,0.5270764408489025,-0.021018045054367607,9.0,,,,charted,5574260.32,0.0,0.0,2011-2019
v2-fixed,Timor-Leste,2025,-0.08986038501996871,0.16827275827844612,-1.4129565642682613,1.7495020808251538,0.5270764408489025,-0.48974517412060564,9.0,,,,charted,5066410.66,0.0,0.0,2011-2019
v2-fixed,Timor-Leste,2026,0.6299575211332381,0.16827275827844612,-1.4129565642682613,1.7495020808251538,0.5270764408489025,0.8759351150493626,9.0,,,,charted,9806322.08,0.0,0.0,2011-2019
v2-fixed,Togo,2020,1.0165610132885168,-0.010704863121288344,-2.5450781295359928,2.5236684032934162,0.8447910888049015,1.2159998963330032,9.0,,,,charted,217500910.7,0.0,0.0,2011-2019
v2-fixed,Togo,2021,-0.40998314207758013,-0.010704863121288344,-2.5450781295359928,2.5236684032934162,0.8447910888049015,-0.47263552403368486,9.0,,,,charted,143721594.8,0.0,0.0,2011-2019
v2-fixed,Togo,2022,0.20612758909086412,-0.010704863121288344,-2.5450781295359928,2.5236684032934162,0.8447910888049015,0.2566699093842222,9.0,,,,charted,177046528.2,0.0,0.0,2011-2019
v2-fixed,Togo,2023,-0.17604768963295622,-0.010704863121288344,-2.5450781295359928,2.5236684032934162,0.8447910888049015,-0.19572037241251325,9.0,,,,charted,148167181.3,0.0,0.0,2011-2019
v2-fixed,Togo,2024,0.6021784994200818,-0.010704863121288344,-2.5450781295359928,2.5236684032934162,0.8447910888049015,0.7254851177566236,9.0,,,,charted,272102993.5,0.0,0.0,2011-2019
v2-fixed,Togo,2025,0.30498747273842336,-0.010704863121288344,-2.5450781295359928,2.5236684032934162,0.8447910888049015,0.3736927863506602,9.0,,,,charted,369800160.5,0.0,0.0,2011-2019
v2-fixed,Togo,2026,-0.15161727032489936,-0.010704863121288344,-2.5450781295359928,2.5236684032934162,0.8447910888049015,-0.1668014839064593,9.0,,,,charted,317514023.7,0.0,0.0,2011-2019
v2-fixed,Tonga,2020,-0.36388251772102903,0.05565236695007545,-1.3161829571687342,1.4274876910688852,0.45727844137293655,-0.9174604501613711,9.0,,,,charted,15846898.47,0.0,0.0,2011-2019
v2-fixed,Tonga,2021,1.1047964754093935,0.05565236695007545,-1.3161829571687342,1.4274876910688852,0.45727844137293655,2.2943222630600277,9.0,,,,charted,49079897.67,0.0,0.0,2011-2019
v2-fixed,Tonga,2022,-0.40881493929483276,0.05565236695007545,-1.3161829571687342,1.4274876910688852,0.45727844137293655,-1.0157209792143005,9.0,,,,charted,32403664.74,0.0,0.0,2011-2019
v2-fixed,Tonga,2023,-0.12977685322184943,0.05565236695007545,-1.3161829571687342,1.4274876910688852,0.45727844137293655,-0.40550614985301003,9.0,,,,charted,28384837.61,0.0,0.0,2011-2019
v2-fixed,Tonga,2024,-0.2055175201300206,0.05565236695007545,-1.3161829571687342,1.4274876910688852,0.45727844137293655,-0.571139733366737,9.0,,,,charted,22997154.94,0.0,0.0,2011-2019
v2-fixed,Tonga,2025,0.5961094079195849,0.05565236695007545,-1.3161829571687342,1.4274876910688852,0.45727844137293655,1.1818992370312424,9.0,,,,charted,42243236.16,0.0,0.0,2011-2019
v2-fixed,Tonga,2026,-0.44372492165113153,0.05565236695007545,-1.3161829571687342,1.4274876910688852,0.45727844137293655,-1.0920639230265754,9.0,,,,charted,26884134.84,0.0,0.0,2011-2019
v2-fixed,Tunisia,2020,,,,,,,0.0,,,,dormant,0.0,0.0,9.0,
v2-fixed,Tunisia,2021,,,,,,,0.0,,,,dormant,0.0,0.0,9.0,
v2-fixed,Tunisia,2022,,,,,,,0.0,,,,dormant,0.0,0.0,9.0,
v2-fixed,Tunisia,2023,,,,,,,0.0,,,,dormant,0.0,0.0,9.0,
v2-fixed,Turkiye,2020,,,,,,,0.0,,,,dormant,0.0,0.0,9.0,
v2-fixed,Turkiye,2021,,,,,,,0.0,,,,dormant,0.0,0.0,9.0,
v2-fixed,Turkiye,2022,,,,,,,0.0,,,,dormant,0.0,0.0,9.0,
v2-fixed,Turkiye,2023,,,,,,,0.0,,,,dormant,0.0,0.0,9.0,
v2-fixed,Tuvalu,2020,,,,,,,7.0,,,,insufficient_history: only 7 baseline years (<8),17081753.73,0.0,0.0,2013-2019
v2-fixed,Tuvalu,2021,,,,,,,7.0,,,,insufficient_history: only 7 baseline years (<8),6174768.92,0.0,0.0,2013-2019
v2-fixed,Tuvalu,2022,,,,,,,7.0,,,,insufficient_history: only 7 baseline years (<8),11252350.24,0.0,0.0,2013-2019
v2-fixed,Tuvalu,2023,,,,,,,7.0,,,,insufficient_history: only 7 baseline years (<8),3998735.87,0.0,0.0,2013-2019
v2-fixed,Tuvalu,2024,,,,,,,7.0,,,,insufficient_history: only 7 baseline years (<8),27374908.64,0.0,0.0,2013-2019
v2-fixed,Tuvalu,2025,,,,,,,7.0,,,,insufficient_history: only 7 baseline years (<8),41295326.91,0.0,0.0,2013-2019
v2-fixed,Tuvalu,2026,,,,,,,7.0,,,,insufficient_history: only 7 baseline years (<8),37018620.79,0.0,0.0,2013-2019
v2-fixed,Uganda,2020,-0.05868681274873867,0.027978144203256526,-1.0112655297961677,1.0672218182026807,0.3464145579998081,-0.2501770059907332,9.0,,,,charted,330392341.7,0.0,0.0,2011-2019
v2-fixed,Uganda,2021,0.7843633763878163,0.027978144203256526,-1.0112655297961677,1.0672218182026807,0.3464145579998081,2.183468375439865,9.0,,,,charted,738595956.9,0.0,0.0,2011-2019
v2-fixed,Uganda,2022,-0.2905628450201212,0.027978144203256526,-1.0112655297961677,1.0672218182026807,0.3464145579998081,-0.9195369590199329,9.0,,,,charted,549240701.4,0.0,0.0,2011-2019
v2-fixed,Uganda,2023,-0.4197355208128271,0.027978144203256526,-1.0112655297961677,1.0672218182026807,0.3464145579998081,-1.2924216222354363,9.0,,,,charted,356740860.2,0.0,0.0,2011-2019
v2-fixed,Uganda,2024,0.32766801088646774,0.027978144203256526,-1.0112655297961677,1.0672218182026807,0.3464145579998081,0.8651191463015168,9.0,,,,charted,499845671.7,0.0,0.0,2011-2019
v2-fixed,Uganda,2025,0.32825457773847677,0.027978144203256526,-1.0112655297961677,1.0672218182026807,0.3464145579998081,0.8668123974610403,9.0,,,,charted,698853294.8,0.0,0.0,2011-2019
v2-fixed,Uganda,2026,0.015427131041348187,0.027978144203256526,-1.0112655297961677,1.0672218182026807,0.3464145579998081,-0.0362311943077037,9.0,,,,charted,709910105.1,0.0,0.0,2011-2019
v2-fixed,Ukraine,2022,,,,,,,0.0,,,,no_prior_year,25930932.18,0.0,0.0,
v2-fixed,Ukraine,2023,,,,,,,0.0,,,,insufficient_history: no eligible baseline years,984373206.4,0.0,0.0,
v2-fixed,Ukraine,2024,,,,,,,0.0,,,,insufficient_history: no eligible baseline years,107990.0,0.0,0.0,
v2-fixed,Ukraine,2025,,,,,,,0.0,,,,insufficient_history: no eligible baseline years,4853109375.0,0.0,0.0,
v2-fixed,Ukraine,2026,,,,,,,0.0,,,,insufficient_history: no eligible baseline years,729496712.1,0.0,0.0,
v2-fixed,Uzbekistan,2020,-1.4036680464726865,0.18812793832503405,-0.449342162609079,0.8255980392591471,0.21249003364470434,-7.491155973269295,9.0,beyond_limits,high,"Uzbekistan FY2020: year-over-year change of -75% is below the expected range -36% to +128% (learned from FY2011-2019, where a typical year was +21%); that is 7.5 robust sigmas from the typical year (limits sit at 3), so 4.5 beyond the -36% limit.",charted,169284560.0,0.0,0.0,2011-2019
v2-fixed,Uzbekistan,2021,1.0344814219844194,0.18812793832503405,-0.449342162609079,0.8255980392591471,0.21249003364470434,3.983026729030207,9.0,beyond_limits,medium,"Uzbekistan FY2021: year-over-year change of +181% is above the expected range -36% to +128% (learned from FY2011-2019, where a typical year was +21%); that is 4.0 robust sigmas from the typical year (limits sit at 3), so 1.0 beyond the +128% limit.",charted,483052903.6,0.0,0.0,2011-2019
v2-fixed,Uzbekistan,2022,-0.07767980810819342,0.18812793832503405,-0.449342162609079,0.8255980392591471,0.21249003364470434,-1.2509186519198046,9.0,,,,charted,446671842.0,0.0,0.0,2011-2019
v2-fixed,Uzbekistan,2023,0.5656591212581352,0.18812793832503405,-0.449342162609079,0.8255980392591471,0.21249003364470434,1.7767006595911938,9.0,,,,charted,789243072.2,0.0,0.0,2011-2019
v2-fixed,Uzbekistan,2024,-0.11811400880372154,0.18812793832503405,-0.449342162609079,0.8255980392591471,0.21249003364470434,-1.4412061680069659,9.0,,,,charted,700902864.5,0.0,0.0,2011-2019
v2-fixed,Uzbekistan,2025,0.1952930815372947,0.18812793832503405,-0.449342162609079,0.8255980392591471,0.21249003364470434,0.03371990247900837,9.0,,,,charted,852866824.5,0.0,0.0,2011-2019
v2-fixed,Uzbekistan,2026,-0.1067450148085715,0.18812793832503405,-0.449342162609079,0.8255980392591471,0.21249003364470434,-1.387702510446444,9.0,,,,charted,766141576.8,0.0,0.0,2011-2019
v2-fixed,Vanuatu,2020,,,,,,,3.0,,,,insufficient_history: only 3 baseline years (<8),25551376.63,0.0,6.0,2017-2019
v2-fixed,Vanuatu,2021,,,,,,,3.0,,,,insufficient_history: only 3 baseline years (<8),11361728.59,0.0,6.0,2017-2019
v2-fixed,Vanuatu,2022,,,,,,,3.0,,,,insufficient_history: only 3 baseline years (<8),19695074.27,0.0,6.0,2017-2019
v2-fixed,Vanuatu,2023,,,,,,,3.0,,,,insufficient_history: only 3 baseline years (<8),22549822.58,0.0,6.0,2017-2019
v2-fixed,Vanuatu,2024,,,,,,,3.0,,,,insufficient_history: only 3 baseline years (<8),7993970.71,0.0,6.0,2017-2019
v2-fixed,Vanuatu,2025,,,,,,,3.0,,,,insufficient_history: only 3 baseline years (<8),64684767.65,0.0,6.0,2017-2019
v2-fixed,Vanuatu,2026,,,,,,,3.0,,,,insufficient_history: only 3 baseline years (<8),40964680.44,0.0,6.0,2017-2019
v2-fixed,Viet Nam,2024,,,,,,,0.0,,,,no_prior_year,495577713.3,0.0,0.0,
v2-fixed,Viet Nam,2025,,,,,,,0.0,,,,insufficient_history: no eligible baseline years,141861952.3,0.0,0.0,
v2-fixed,Viet Nam,2026,,,,,,,0.0,,,,insufficient_history: no eligible baseline years,82013200.53,0.0,0.0,
v2-fixed,Vietnam,2020,0.4248730287074912,-0.11214875731445446,-0.6498662115362006,0.42556869690729165,0.1792391514072487,2.996118770958585,9.0,,,,charted,897497860.0,0.0,0.0,2011-2019
v2-fixed,Vietnam,2021,-0.3862627315982891,-0.11214875731445446,-0.6498662115362006,0.42556869690729165,0.1792391514072487,-1.5293197503542135,9.0,,,,charted,593106612.7,0.0,0.0,2011-2019
v2-fixed,Vietnam,2022,0.13984497468066612,-0.11214875731445446,-0.6498662115362006,0.42556869690729165,0.1792391514072487,1.4059078611824403,9.0,,,,charted,690011262.7,0.0,0.0,2011-2019
v2-fixed,Vietnam,2023,-0.039276256226896254,-0.11214875731445446,-0.6498662115362006,0.42556869690729165,0.1792391514072487,0.4065657559490719,9.0,,,,charted,661412967.8,0.0,0.0,2011-2019
v2-fixed,Western Africa,2020,,,,,,,5.0,,,,insufficient_history: only 5 baseline years (<8),16391428.14,0.0,4.0,2011-2019
v2-fixed,Western Africa,2021,,,,,,,5.0,,,,insufficient_history: only 5 baseline years (<8),131344931.8,0.0,4.0,2011-2019
v2-fixed,Western and Central Africa,2022,,,,,,,0.0,,,,no_prior_year,85403994.23,0.0,0.0,
v2-fixed,Western and Central Africa,2023,,,,,,,0.0,,,,insufficient_history: no eligible baseline years,110743241.6,0.0,0.0,
v2-fixed,Western and Central Africa,2024,,,,,,,0.0,,,,insufficient_history: no eligible baseline years,56718468.99,0.0,0.0,
v2-fixed,Western and Central Africa,2025,,,,,,,0.0,,,,insufficient_history: no eligible baseline years,90847386.95,0.0,0.0,
v2-fixed,Western and Central Africa,2026,,,,,,,0.0,,,,insufficient_history: no eligible baseline years,86889053.18,0.0,0.0,
v2-fixed,"Yemen, Republic of",2020,-2.252424600532286,0.22311741911266678,-1.655165716524994,2.1014005547503274,0.6260943785458869,-3.953943853312394,9.0,beyond_limits,medium,"Yemen, Republic of FY2020: year-over-year change of -89% is below the expected range -81% to +718% (learned from FY2011-2019, where a typical year was +25%); that is 4.0 robust sigmas from the typical year (limits sit at 3), so 1.0 beyond the -81% limit.",charted,56597971.3,0.0,0.0,2011-2019
v2-fixed,"Yemen, Republic of",2021,1.5673825913478046,0.22311741911266678,-1.655165716524994,2.1014005547503274,0.6260943785458869,2.1470647530124976,9.0,,,,charted,298800130.0,0.0,0.0,2011-2019
v2-fixed,"Yemen, Republic of",2022,0.49124366483461984,0.22311741911266678,-1.655165716524994,2.1014005547503274,0.6260943785458869,0.4282521212611429,9.0,,,,charted,492935189.3,0.0,0.0,2011-2019
v2-fixed,"Yemen, Republic of",2023,0.005502171827750689,0.22311741911266678,-1.655165716524994,2.1014005547503274,0.6260943785458869,-0.3475757884782971,9.0,,,,charted,495694817.7,0.0,0.0,2011-2019
v2-fixed,"Yemen, Republic of",2024,-0.03335204905450046,0.22311741911266678,-1.655165716524994,2.1014005547503274,0.6260943785458869,-0.40963387782337424,9.0,,,,charted,479197587.5,0.0,0.0,2011-2019
v2-fixed,"Yemen, Republic of",2025,-0.14314884504205458,0.22311741911266678,-1.655165716524994,2.1014005547503274,0.6260943785458869,-0.5850016813844903,9.0,,,,charted,414319162.9,0.0,0.0,2011-2019
v2-fixed,"Yemen, Republic of",2026,-1.1061468827648704,0.22311741911266678,-1.655165716524994,2.1014005547503274,0.6260943785458869,-2.123105313554759,9.0,,,,charted,132225724.8,0.0,0.0,2011-2019
v2-fixed,Zambia,2020,0.10730065864570748,-0.06533578444645158,-1.216415817299204,1.085744248406301,0.38369334428425084,0.4499333795174334,9.0,,,,charted,125500963.5,0.0,0.0,2011-2019
v2-fixed,Zambia,2021,0.1873334785109836,-0.06533578444645158,-1.216415817299204,1.085744248406301,0.38369334428425084,0.6585187538990791,9.0,,,,charted,152188009.8,0.0,0.0,2011-2019
v2-fixed,Zambia,2022,0.9016030732725449,-0.06533578444645158,-1.216415817299204,1.085744248406301,0.38369334428425084,2.5200824359430665,9.0,,,,charted,380819752.7,0.0,0.0,2011-2019
v2-fixed,Zambia,2023,0.44034750050579957,-0.06533578444645158,-1.216415817299204,1.085744248406301,0.38369334428425084,1.3179360353397913,9.0,,,,charted,593736299.2,0.0,0.0,2011-2019
v2-fixed,Zambia,2024,-0.15450036783130772,-0.06533578444645158,-1.216415817299204,1.085744248406301,0.38369334428425084,-0.2323850145255595,9.0,,,,charted,508162072.7,0.0,0.0,2011-2019
v2-fixed,Zambia,2025,-0.24042695132065497,-0.06533578444645158,-1.216415817299204,1.085744248406301,0.38369334428425084,-0.45633099839357893,9.0,,,,charted,398702716.7,0.0,0.0,2011-2019
v2-fixed,Zambia,2026,0.2169646185431435,-0.06533578444645158,-1.216415817299204,1.085744248406301,0.38369334428425084,0.7357448524842249,9.0,,,,charted,496284747.6,0.0,0.0,2011-2019
v2-fixed,Zimbabwe,2020,,,,,,,0.0,,,,insufficient_history: no eligible baseline years,44709511.49,0.0,3.0,
v2-fixed,Zimbabwe,2021,,,,,,,0.0,,,,insufficient_history: no eligible baseline years,6316627.0,0.0,3.0,
v2-fixed,Zimbabwe,2022,,,,,,,0.0,,,,insufficient_history: no eligible baseline years,18878385.0,0.0,3.0,
v2-fixed,Zimbabwe,2023,,,,,,,0.0,,,,insufficient_history: no eligible baseline years,2584541.33,0.0,3.0,
v2-fixed,Zimbabwe,2024,,,,,,,0.0,,,,insufficient_history: no eligible baseline years,0.0,0.0,3.0,
v2-fixed,Zimbabwe,2025,,,,,,,0.0,,,,dormant,0.0,0.0,3.0,
v2-fixed,Zimbabwe,2026,,,,,,,0.0,,,,dormant,-2173382.2,0.0,3.0,
v2-rolling,Afghanistan,2020,0.5063472078931146,-0.05711499076590529,-2.2020371877659053,2.087807206234095,0.7149740656666667,0.7880876044554542,9.0,,,,charted,541841779.4,0.0,0.0,2011-2019
v2-rolling,Afghanistan,2021,-0.14907750269025807,-0.0016035862715930889,-2.3078367562206368,2.30462958367745,0.7687443899830145,-0.19183738878656847,10.0,,,,charted,465789168.6,0.0,0.0,2011-2020
v2-rolling,Afghanistan,2022,-1.0273305934271417,-0.0016035862715930889,-2.0100583268188053,2.0068511542756187,0.6694849135157374,-1.5321136988271167,10.0,,,,charted,162057958.9,0.0,0.0,2012-2021
v2-rolling,Afghanistan,2023,-3.044522437723423,-0.10278175206344022,-2.4190238762191765,2.213460372092296,0.7720807080519121,-3.810146601230956,10.0,beyond_limits,medium,"Afghanistan FY2023: year-over-year change of -95% is below the expected range -91% to +815% (learned from FY2013-2022, where a typical year was -10%); that is 3.8 robust sigmas from the typical year (limits sit at 3), so 0.8 beyond the -91% limit.",charted,-2594221.8,0.0,0.0,2013-2022
v2-rolling,Afghanistan,2024,2.533742935800557,-0.10278175206344022,-2.4190238762191765,2.213460372092296,0.7720807080519121,3.4148304191104417,10.0,beyond_limits,medium,"Afghanistan FY2024: year-over-year change of +1160% is above the expected range -91% to +815% (learned from FY2013-2022, where a typical year was -10%); that is 3.4 robust sigmas from the typical year (limits sit at 3), so 0.4 beyond the +815% limit. Baseline: 10 years, 0 flagged year(s) held out, 1 zero-period year(s) skipped.",charted,93998325.15,0.0,1.0,2013-2022
v2-rolling,Afghanistan,2025,0.5774167500624545,-0.10278175206344022,-2.4190238762191765,2.213460372092296,0.7720807080519121,0.8809940399134548,10.0,,,,charted,173783345.3,0.0,2.0,2013-2022
v2-rolling,Afghanistan,2026,-0.8598478542054399,0.17801162812351323,-1.6224355162621311,1.9784587725091578,0.6001490481285482,-1.729336213337874,10.0,,,,charted,68707102.33,0.0,2.0,2014-2025
v2-rolling,Africa,2020,0.2693830637881586,-0.09305489655518671,-0.9969754594610648,0.8108656663506913,0.30130685430195936,1.202886542966336,9.0,,,,charted,31149681.83,0.0,0.0,2011-2019
v2-rolling,Africa,2021,-0.838436898746622,-0.08862574682815805,-1.3233567856481954,1.1461052919918795,0.4115770129400125,-1.8218003638306914,10.0,,,,charted,12584631.92,0.0,0.0,2011-2020
v2-rolling,Albania,2020,-0.2664069144293287,-0.3629328226953257,-1.5827619840506435,0.8568963386599922,0.4066097204517726,0.23739203322229918,9.0,,,,charted,402529.74,0.0,0.0,2011-2019
v2-rolling,Albania,2021,-0.5277978516119447,-0.34211181822998504,-1.6908603615852869,1.006636725125317,0.44958284778510066,-0.4130184999199904,10.0,,,,charted,32506.63,0.0,0.0,2011-2020
v2-rolling,Albania,2022,-0.10868633646689592,-0.47413399550849633,-1.882863453389477,0.9345954623724843,0.46957648596032686,0.7782494864371808,10.0,,,,charted,0.0,0.0,0.0,2012-2021
v2-rolling,Albania,2023,,,,,,,10.0,,,,dormant,0.0,0.0,1.0,2012-2021
v2-rolling,Albania,2024,,,,,,,10.0,,,,dormant,0.0,0.0,2.0,2012-2021
v2-rolling,Albania,2025,,,,,,,10.0,,,,dormant,0.0,0.0,3.0,2012-2021
v2-rolling,Albania,2026,,,,,,,10.0,,,,dormant,0.0,0.0,4.0,2012-2021
v2-rolling,Angola,2020,-0.9453557209114176,-0.06315682291163119,-1.189538337905329,1.0632246920820665,0.3754605049978993,-2.3496449992915296,9.0,,,,charted,10340932.95,0.0,0.0,2011-2019
v2-rolling,Angola,2021,-0.7387811901603121,-0.1178809838069725,-2.0284119611037963,1.7926499934898512,0.6368436590989413,-0.9749648873505943,10.0,,,,charted,3710856.74,0.0,0.0,2011-2020
v2-rolling,Angola,2022,0.1887486937092163,-0.1178809838069725,-2.0284119611037963,1.7926499934898512,0.6368436590989413,0.48148344281237515,10.0,,,,charted,4970539.22,0.0,0.0,2012-2021
v2-rolling,Angola,2023,-1.1354128309814073,-0.1178809838069725,-1.4850398229605952,1.2492778553466501,0.45571961305120756,-2.2328024031304934,10.0,,,,charted,-42362.35,0.0,0.0,2013-2022
v2-rolling,Angola,2024,,,,,,,10.0,,,,dormant,0.0,0.0,1.0,2013-2022
v2-rolling,Angola,2025,,,,,,,10.0,,,,dormant,0.0,0.0,2.0,2013-2022
v2-rolling,Angola,2026,,,,,,,10.0,,,,dormant,0.0,0.0,3.0,2013-2022
v2-rolling,Armenia,2020,-0.04785113574714983,-0.22589267173833788,-2.667572314544249,2.2157869710675735,0.8138932142686371,0.21875294310098878,9.0,,,,charted,7113788.01,0.0,0.0,2011-2019
v2-rolling,Armenia,2021,0.06386610873208043,-0.2122275661212301,-2.3357704097787257,1.9113152775362654,0.7078476145524986,0.3900467687919765,10.0,,,,charted,7631248.55,0.0,0.0,2011-2020
v2-rolling,Armenia,2022,-0.6122557384901416,-0.1230352049489739,-1.4906411809475242,1.2445707710495766,0.4558686586661835,-1.0731611490304416,10.0,,,,charted,3808745.4,0.0,0.0,2012-2021
v2-rolling,Armenia,2023,-0.49467098813448024,-0.2137572931232012,-1.7406460923297735,1.313131506083371,0.5089629330688574,-0.5519335039144675,10.0,,,,charted,2079024.89,0.0,0.0,2013-2022
v2-rolling,Armenia,2024,0.10362614597053589,-0.21435049032497966,-1.4727307074179636,1.0440297267680045,0.41946007236432803,0.7580617494847814,10.0,,,,charted,2369584.14,0.0,0.0,2014-2023
v2-rolling,Armenia,2025,-1.9754985631074877,-0.21724976367364288,-1.5496613675553308,1.1151618402080452,0.444137201293896,-3.95879650322372,10.0,beyond_limits,medium,"Armenia FY2025: year-over-year change of -86% is below the expected range -79% to +205% (learned from FY2015-2024, where a typical year was -20%); that is 4.0 robust sigmas from the typical year (limits sit at 3), so 1.0 beyond the -79% limit.",charted,-634432.06,0.0,0.0,2015-2024
v2-rolling,Armenia,2026,,,,,,,10.0,,,,dormant,0.0,0.0,1.0,2015-2024
v2-rolling,Azerbaijan,2020,,,,,,,8.0,,,,dormant,0.0,0.0,1.0,2011-2018
v2-rolling,Azerbaijan,2021,,,,,,,8.0,,,,dormant,0.0,0.0,2.0,2011-2018
v2-rolling,Azerbaijan,2022,,,,,,,8.0,,,,dormant,0.0,0.0,3.0,2011-2018
v2-rolling,Azerbaijan,2023,,,,,,,8.0,,,,dormant,0.0,0.0,4.0,2011-2018
v2-rolling,Azerbaijan,2024,,,,,,,8.0,,,,dormant,0.0,0.0,5.0,2011-2018
v2-rolling,Azerbaijan,2025,,,,,,,8.0,,,,dormant,0.0,0.0,6.0,2011-2018
v2-rolling,Azerbaijan,2026,,,,,,,8.0,,,,dormant,0.0,0.0,7.0,2011-2018
v2-rolling,Bangladesh,2020,-0.33634480994625193,0.1491668559813844,-0.20948871833922295,0.5078224303019918,0.11955185810686912,-4.0610967793878245,9.0,beyond_limits,medium,"Bangladesh FY2020: year-over-year change of -29% is below the expected range -19% to +66% (learned from FY2011-2019, where a typical year was +16%); that is 4.1 robust sigmas from the typical year (limits sit at 3), so 1.1 beyond the -19% limit.",charted,1369681205.0,0.0,0.0,2011-2019
v2-rolling,Bangladesh,2021,0.133487689185182,0.1491668559813844,-0.20948871833922295,0.5078224303019918,0.11955185810686912,-0.1311495031903776,9.0,,,,charted,1571275693.0,1.0,0.0,2011-2019
v2-rolling,Bangladesh,2022,0.07529101354383295,0.14027217642151318,-0.24428036049236262,0.5248247133353889,0.12818417897129195,-0.5069359058127866,10.0,,,,charted,1698119812.0,0.0,0.0,2012-2021
v2-rolling,Bangladesh,2023,0.12525723200303293,0.13857423031928318,-0.24200308956356736,0.5191515502021338,0.12685910662761685,-0.10497471305186674,10.0,,,,charted,1933435969.0,0.0,0.0,2013-2022
v2-rolling,Bangladesh,2024,0.12017393829386563,0.128252877164377,-0.1280640730331521,0.3845698273619061,0.08543898339917637,-0.09455799389332675,10.0,,,,charted,2188835158.0,0.0,0.0,2014-2023
v2-rolling,Bangladesh,2025,-0.089725238371724,0.1225594676720729,-0.10890822014987275,0.35402715549401853,0.07715589594064855,-2.751373740862201,10.0,,,,charted,1995117289.0,0.0,0.0,2015-2024
v2-rolling,Bangladesh,2026,0.01577275972945267,0.12194242786932265,-0.2135191711348456,0.45740402687349085,0.1118205330013894,-0.9494648727756537,10.0,,,,charted,2028084269.0,0.0,0.0,2016-2025
v2-rolling,Belize,2025,,,,,,,0.0,,,,no_prior_year,0.0,0.0,0.0,
v2-rolling,Belize,2026,,,,,,,0.0,,,,insufficient_history: no eligible baseline years,4832084.08,0.0,0.0,
v2-rolling,Benin,2020,0.6134306532961354,0.2104514908959672,-0.5986691150582062,1.0195720968501405,0.2697068686513911,1.4941375591032422,9.0,,,,charted,276698103.2,0.0,0.0,2011-2019
v2-rolling,Benin,2021,-0.043662708714854996,0.26162781650633427,-0.9839822568942828,1.5072378899069512,0.4152033578002057,-0.7352795190256962,10.0,,,,charted,264649325.9,0.0,0.0,2011-2020
v2-rolling,Benin,2022,0.11414880051694738,0.13059724490238037,-1.01434471631614,1.275539206120901,0.38164732040617355,-0.043098545452716644,10.0,,,,charted,297349754.3,0.0,0.0,2012-2021
v2-rolling,Benin,2023,0.48945670507281686,0.16029617556559564,-0.9809594419398624,1.3015517930710536,0.380418539168486,0.865258907272753,10.0,,,,charted,489649129.2,0.0,0.0,2013-2022
v2-rolling,Benin,2024,0.21406408861455717,0.2576071387022806,-0.9267666491744456,1.441980926579007,0.3947912626255754,-0.1102938545248914,10.0,,,,charted,608290413.1,0.0,0.0,2014-2023
v2-rolling,Benin,2025,-0.3121406514160293,0.21021580953896474,-0.6788445969292987,1.0992762160072282,0.2963534688227545,-1.7626129467288578,10.0,,,,charted,443165747.6,0.0,0.0,2015-2024
v2-rolling,Benin,2026,0.3375355833662976,0.20501380201530311,-0.6374835792905877,1.047511183321194,0.28083246043529697,0.4718891154732703,10.0,,,,charted,626404827.9,0.0,0.0,2016-2025
v2-rolling,Bhutan,2020,0.5306014588284095,0.15404480234978368,-5.169080096082918,5.477169700782485,1.7743749661442338,0.21221932436123908,9.0,,,,charted,56759408.59,0.0,0.0,2011-2019
v2-rolling,Bhutan,2021,-0.4395215364907223,0.2773083706716375,-4.764382827749994,5.31899956909327,1.6805637328072107,-0.4265413403661689,10.0,,,,charted,36093195.95,0.0,0.0,2011-2020
v2-rolling,Bhutan,2022,0.5090546300177414,-0.029017269709530003,-3.3505329077456785,3.2924983683266187,1.1071718793453829,0.48598768607219983,10.0,,,,charted,61139878.51,0.0,0.0,2012-2021
v2-rolling,Bhutan,2023,-2.353679451538547,0.2747403145999662,-2.3850100807093617,2.934490709909294,0.8865834651031093,-2.964661387896321,10.0,,,,charted,4321872.49,0.0,0.0,2013-2022
v2-rolling,Bhutan,2024,2.271746261669699,-0.029017269709530003,-2.4596303052374697,2.40159576581841,0.81020434517598,2.8397324021750254,10.0,,,,charted,56200910.12,0.0,0.0,2014-2023
v2-rolling,Bhutan,2025,-2.6003144167259804,0.2747403145999662,-2.3850100807093617,2.934490709909294,0.8865834651031093,-3.242847227013848,10.0,beyond_limits,medium,"Bhutan FY2025: year-over-year change of -93% is below the expected range -91% to +1781% (learned from FY2015-2024, where a typical year was +32%); that is 3.2 robust sigmas from the typical year (limits sit at 3), so 0.2 beyond the -91% limit.",charted,2651220.18,0.0,0.0,2015-2024
v2-rolling,Bhutan,2026,2.799169313202571,0.2747403145999662,-2.3850100807093617,2.934490709909294,0.8865834651031093,2.8473675609425166,10.0,,,,charted,68927022.45,1.0,0.0,2015-2024
v2-rolling,Bolivia,2020,-1.2067317728521039,0.07881650990866788,-1.506328516980425,1.663961536797761,0.5283816756296976,-2.43299179750835,9.0,,,,charted,15159598.76,0.0,0.0,2011-2019
v2-rolling,Bolivia,2021,1.163002070999583,0.006443915887896723,-2.146432646372794,2.159320478148587,0.7176255207535635,1.611645798071965,10.0,,,,charted,53917826.95,0.0,0.0,2011-2020
v2-rolling,Bolivia,2022,-0.6770750956486241,0.00641465314128755,-3.138523956717278,3.1513532629998533,1.0483128699528552,-0.6519902296159443,10.0,,,,charted,26069593.71,0.0,0.0,2012-2021
v2-rolling,Bolivia,2023,0.4825425058730272,-0.0992388453177452,-2.7949635454251265,2.596485854789636,0.8985749000357937,0.6474489229196118,10.0,,,,charted,43909616.99,0.0,0.0,2013-2022
v2-rolling,Bolivia,2024,-0.1366607410394988,-0.09291630023796155,-2.816762416351204,2.630929815875281,0.9079487053710809,-0.04817941866402991,10.0,,,,charted,37956513.65,0.0,0.0,2014-2023
v2-rolling,Bolivia,2025,-0.44018666415045604,-0.20689045075086615,-2.9113886606605637,2.4976077591588317,0.9014994033032325,-0.2587868750048604,10.0,,,,charted,23480851.36,0.0,0.0,2015-2024
v2-rolling,Bolivia,2026,-0.7351742940715554,-0.3631431647644804,-1.9250002636768513,1.1987139341478903,0.5206190329707903,-0.7145937926705576,10.0,,,,charted,10114314.9,0.0,0.0,2016-2025
v2-rolling,Bosnia and Herzegovina,2020,0.030960171085852042,-0.0027466047678624365,-1.6042093265073658,1.598716116971641,0.5338209072465011,0.06314247980203179,9.0,,,,charted,26299014.29,0.0,0.0,2011-2019
v2-rolling,Bosnia and Herzegovina,2021,-1.4014483350220595,0.014114446558845022,-1.1673923283140288,1.1956212214317188,0.39383559162429127,-3.594298767520519,10.0,beyond_limits,medium,"Bosnia and Herzegovina FY2021: year-over-year change of -75% is below the expected range -69% to +231% (learned from FY2011-2020, where a typical year was +1%); that is 3.6 robust sigmas from the typical year (limits sit at 3), so 0.6 beyond the -69% limit.",charted,5378099.04,0.0,0.0,2011-2020
v2-rolling,Bosnia and Herzegovina,2022,-1.5460183707495119,0.014114446558845022,-1.1673923283140288,1.1956212214317188,0.39383559162429127,-3.9613809683221373,10.0,beyond_limits,medium,"Bosnia and Herzegovina FY2022: year-over-year change of -79% is below the expected range -69% to +231% (learned from FY2011-2020, where a typical year was +1%); that is 4.0 robust sigmas from the typical year (limits sit at 3), so 1.0 beyond the -69% limit. Baseline: 10 years, 1 flagged year(s) held out, 0 zero-period year(s) skipped.",charted,0.0,1.0,0.0,2011-2020
v2-rolling,Bosnia and Herzegovina,2023,,,,,,,10.0,,,,dormant,0.0,0.0,1.0,2012-2021
v2-rolling,Bosnia and Herzegovina,2024,,,,,,,10.0,,,,dormant,0.0,0.0,2.0,2012-2021
v2-rolling,Bosnia and Herzegovina,2025,,,,,,,10.0,,,,dormant,0.0,0.0,3.0,2012-2021
v2-rolling,Bosnia and Herzegovina,2026,,,,,,,10.0,,,,dormant,0.0,0.0,4.0,2012-2021
v2-rolling,Botswana,2020,,,,,,,0.0,,,,dormant,0.0,0.0,9.0,
v2-rolling,Botswana,2021,,,,,,,0.0,,,,dormant,0.0,0.0,10.0,
v2-rolling,Botswana,2022,,,,,,,0.0,,,,dormant,0.0,0.0,11.0,
v2-rolling,Botswana,2023,,,,,,,0.0,,,,dormant,0.0,0.0,12.0,
v2-rolling,Botswana,2024,,,,,,,0.0,,,,dormant,0.0,0.0,13.0,
v2-rolling,Burkina Faso,2020,0.33594255688884633,-0.015452748120811087,-1.6113513837951297,1.5804458875535075,0.5319662118914396,0.6605594437290466,9.0,,,,charted,437290840.5,0.0,0.0,2011-2019
v2-rolling,Burkina Faso,2021,0.044156929847261106,0.039307479664435166,-1.3408837086619383,1.4194986679908088,0.4600637294421245,0.010540822656692383,10.0,,,,charted,457728169.3,0.0,0.0,2011-2020
v2-rolling,Burkina Faso,2022,-0.16088429175088353,0.06907638311038852,-1.0123947156364912,1.150547481857268,0.3604903662489599,-0.6379107360179991,10.0,,,,charted,387412961.8,0.0,0.0,2012-2021
v2-rolling,Burkina Faso,2023,0.3949173365676131,0.014363216585890516,-0.7428800377608294,0.7716064709326106,0.25241441811557336,1.507656031786099,10.0,,,,charted,582851618.4,0.0,0.0,2013-2022
v2-rolling,Burkina Faso,2024,-0.0965294706089989,0.0688356777323504,-1.0296527724171038,1.1673241278818047,0.36616281671648476,-0.4516164416262655,10.0,,,,charted,527680718.6,0.0,0.0,2014-2023
v2-rolling,Burkina Faso,2025,0.129860356519866,0.01434192798061687,-0.620527490628819,0.6492113465900526,0.2116231395364786,0.5458686077159185,10.0,,,,charted,603210344.5,0.0,0.0,2015-2024
v2-rolling,Burkina Faso,2026,-0.07583616595653388,0.06834902725692675,-0.618519716084072,0.7552177705979254,0.22895624778033288,-0.6297499832884927,10.0,,,,charted,557742048.7,0.0,0.0,2016-2025
v2-rolling,Burundi,2020,0.059140072897283444,0.017748565232931324,-1.3035546183637523,1.3390517488296148,0.4404343945322279,0.09397882676332033,9.0,,,,charted,110073213.7,0.0,0.0,2011-2019
v2-rolling,Burundi,2021,-0.28449159219067444,0.038429598668136056,-0.9836443315984704,1.0605035289347424,0.3406913100888688,-0.9478409965155171,10.0,,,,charted,81731842.56,0.0,0.0,2011-2020
v2-rolling,Burundi,2022,0.36466305886819544,-0.034864629852621815,-1.321052757935119,1.2513234982298753,0.42872937602749905,0.9318878319529735,10.0,,,,charted,119592085.3,0.0,0.0,2012-2021
v2-rolling,Burundi,2023,0.062119452406321364,0.038459050831055865,-1.405714606109766,1.4826327077718777,0.481391218980274,0.04915004811551212,10.0,,,,charted,127532808.1,0.0,0.0,2013-2022
v2-rolling,Burundi,2024,0.45389285410758706,0.06064055492168312,-1.3835331020191388,1.504814211862505,0.481391218980274,0.8169079195481093,10.0,,,,charted,203266344.9,0.0,0.0,2014-2023
v2-rolling,Burundi,2025,-0.045931884824265176,0.1883793053103469,-0.9416800780323675,1.3184386886530612,0.37668646111423815,-0.6220324177341544,10.0,,,,charted,193944050.4,0.0,0.0,2015-2024
v2-rolling,Burundi,2026,0.32625092477435963,0.18685502900254009,-0.8621093977569436,1.235819455762024,0.3496548089198279,0.3986671775012868,10.0,,,,charted,270756870.0,0.0,0.0,2016-2025
v2-rolling,Cabo Verde,2020,0.9725557668165515,-0.3080992562312846,-6.464159567532268,5.847961055069699,2.0520201037669943,0.6240947740701345,9.0,,,,charted,68032485.26,0.0,0.0,2011-2019
v2-rolling,Cabo Verde,2021,-0.010387664456095564,0.33163279381270483,-4.4515899343875684,5.114855522012979,1.5944075760667578,-0.2145125646683957,10.0,,,,charted,67321138.85,0.0,0.0,2011-2020
v2-rolling,Cabo Verde,2022,-0.37967666229504277,0.4788502643001031,-3.7580190941957836,4.71571962279599,1.4122897861652957,-0.6078971433520395,10.0,,,,charted,45781127.05,0.0,0.0,2012-2021
v2-rolling,Cabo Verde,2023,0.510230004704953,0.4659853422293263,-3.120568911882269,4.052539596340922,1.1955180847038651,0.03700877723366798,10.0,,,,charted,76963672.98,0.0,0.0,2013-2022
v2-rolling,Cabo Verde,2024,-0.4739902632401887,0.2494315009892043,-2.7953605395740437,3.2942235415524523,1.0149306801877493,-0.712779481743097,10.0,,,,charted,47463893.1,0.0,0.0,2014-2023
v2-rolling,Cabo Verde,2025,0.3056610988875259,0.24909364573397813,-2.7447438283451437,3.2429311198131,0.9979458246930406,0.05668389180439472,10.0,,,,charted,64885648.7,0.0,0.0,2015-2024
v2-rolling,Cabo Verde,2026,0.1779541950968327,0.14502993994384858,-2.1971034708263413,2.4871633507140385,0.7807111369233967,0.04217213460375503,10.0,,,,charted,77969305.88,0.0,0.0,2016-2025
v2-rolling,Cambodia,2020,0.34318508390588737,0.04595082477344958,-2.291194114746284,2.383095764293183,0.7790483131732444,0.38153507825687183,9.0,,,,charted,78345915.25,0.0,0.0,2011-2019
v2-rolling,Cambodia,2021,-0.11864077595123405,0.12620635345700054,-1.5577041071475988,1.8101168140616,0.5613034868681998,-0.43621166648075255,10.0,,,,charted,69337894.67,0.0,0.0,2011-2020
v2-rolling,Cambodia,2022,1.3227480356587562,0.07225967788713511,-1.6116507827174642,1.7561701384917345,0.5613034868681998,2.2278293062969152,10.0,,,,charted,266261774.0,0.0,0.0,2012-2021
v2-rolling,Cambodia,2023,0.38558336657798287,0.27439914713697805,-1.653228883995212,2.202027178269168,0.6425426770440633,0.1730378750132113,10.0,,,,charted,392553254.6,0.0,0.0,2013-2022
v2-rolling,Cambodia,2024,-1.0465166526676106,0.36380758597150886,-1.2892713673229113,2.016886539265929,0.5510263177648067,-2.5594498723037127,10.0,,,,charted,136427085.0,0.0,0.0,2014-2023
v2-rolling,Cambodia,2025,1.1247889529603814,0.36206832155394686,-2.0128383717567995,2.736975014864693,0.7916355644369154,0.9634744390860612,10.0,,,,charted,425856733.8,0.0,0.0,2015-2024
v2-rolling,Cambodia,2026,-0.635637523120259,0.43495045953824196,-1.8947459852513555,2.764646904327839,0.7765654815965325,-1.3786190708058397,10.0,,,,charted,223901932.9,0.0,0.0,2016-2025
v2-rolling,Cameroon,2020,1.0216553412724194,-0.037046733729382796,-0.3137117083026979,0.23961824084393232,0.09222165819110505,11.479972229602742,9.0,beyond_limits,high,"Cameroon FY2020: year-over-year change of +178% is above the expected range -27% to +27% (learned from FY2011-2019, where a typical year was -4%); that is 11.5 robust sigmas from the typical year (limits sit at 3), so 8.5 beyond the +27% limit.",charted,314896362.1,0.0,0.0,2011-2019
v2-rolling,Cameroon,2021,-0.6242494544521582,-0.037046733729382796,-0.3137117083026979,0.23961824084393232,0.09222165819110505,-6.367297359866949,9.0,beyond_limits,high,"Cameroon FY2021: year-over-year change of -46% is below the expected range -27% to +27% (learned from FY2011-2019, where a typical year was -4%); that is 6.4 robust sigmas from the typical year (limits sit at 3), so 3.4 beyond the -27% limit. Baseline: 9 years, 1 flagged year(s) held out, 0 zero-period year(s) skipped.",charted,165938707.0,1.0,0.0,2011-2019
v2-rolling,Cameroon,2022,0.35241789184244615,-0.037046733729382796,-0.3137117083026979,0.23961824084393232,0.09222165819110505,4.223136226468259,9.0,beyond_limits,medium,"Cameroon FY2022: year-over-year change of +42% is above the expected range -27% to +27% (learned from FY2011-2019, where a typical year was -4%); that is 4.2 robust sigmas from the typical year (limits sit at 3), so 1.2 beyond the +27% limit. Baseline: 9 years, 2 flagged year(s) held out, 0 zero-period year(s) skipped.",charted,238541175.0,2.0,0.0,2011-2019
v2-rolling,Cameroon,2023,0.1796869857147222,-0.037046733729382796,-0.3137117083026979,0.23961824084393232,0.09222165819110505,2.3501390421215542,9.0,,,,charted,286657687.8,3.0,0.0,2011-2019
v2-rolling,Cameroon,2024,0.055988562749526245,-0.015796449155896272,-0.42971033142509296,0.3981174331133004,0.13797129408973222,0.5202894731039908,10.0,,,,charted,303520647.9,3.0,0.0,2011-2023
v2-rolling,Cameroon,2025,0.43715656362044675,0.03064431527486887,-0.44215685855921977,0.5034454891089575,0.15760039127802955,2.579386034825461,10.0,,,,charted,473508357.0,3.0,0.0,2012-2024
v2-rolling,Cameroon,2026,0.2634501387798544,0.07123367520802057,-0.47512306463734855,0.6175904150533897,0.18211891328178972,1.0554448195856536,10.0,,,,charted,618297249.9,3.0,0.0,2013-2025
v2-rolling,Caribbean,2020,,,,,,,5.0,,,,insufficient_history: only 5 baseline years (<8),1750102.07,0.0,4.0,2011-2019
v2-rolling,Caribbean,2021,,,,,,,6.0,,,,insufficient_history: only 6 baseline years (<8),2127783.01,0.0,4.0,2011-2020
v2-rolling,Caribbean,2022,,,,,,,7.0,,,,insufficient_history: only 7 baseline years (<8),1503105.32,0.0,4.0,2011-2021
v2-rolling,Caribbean,2023,0.8743186201365184,-0.27610396195565917,-2.253577589692784,1.7013696657814654,0.6591578759123748,1.7452914152012788,8.0,,,,charted,3743030.29,0.0,4.0,2011-2022
v2-rolling,Caribbean,2024,-1.12655267106312,-0.2231435721475433,-2.359342323347311,1.9130551790522243,0.7120662503999226,-1.2687149523070205,9.0,,,,charted,1145713.58,0.0,4.0,2011-2023
v2-rolling,Caribbean,2025,0.3847572748066103,-0.27610396195565917,-3.194569709171251,2.642361785259933,0.9728219157385306,0.6793239606044112,10.0,,,,charted,1730274.21,0.0,4.0,2011-2024
v2-rolling,Caribbean,2026,0.8420748247968077,-0.018688728823373857,-2.7446208433133688,2.7072433856666214,0.9086440381633317,0.9473055646302019,10.0,,,,charted,4148392.27,0.0,0.0,2016-2025
v2-rolling,Central Africa,2020,,,,,,,5.0,,,,insufficient_history: only 5 baseline years (<8),4710102.23,0.0,4.0,2013-2017
v2-rolling,Central Africa,2021,,,,,,,6.0,,,,insufficient_history: only 6 baseline years (<8),2652478.61,0.0,4.0,2013-2020
v2-rolling,Central Africa,2022,,,,,,,7.0,,,,insufficient_history: only 7 baseline years (<8),5814113.6,0.0,4.0,2013-2021
v2-rolling,Central Africa,2023,-0.22973829800701018,0.18764662710172836,-1.4566083027512415,1.8319015569546981,0.5480849766176566,-0.7615332346536944,8.0,,,,charted,4575554.72,0.0,4.0,2013-2022
v2-rolling,Central Africa,2024,0.04677287182893216,0.1403200415961452,-1.5039628162612095,1.7846028994535,0.5480942859524516,-0.1706771483753955,9.0,,,,charted,4805605.27,0.0,4.0,2013-2023
v2-rolling,Central Africa,2025,-0.003596305991990681,0.09347187101104984,-1.440220271985426,1.6271640140075256,0.5112307143321586,-0.18987156734087193,10.0,,,,charted,4787520.53,0.0,2.0,2013-2024
v2-rolling,Central Africa,2026,-3.0522556350337506,0.021549050454770066,-1.1913171279747026,1.2344152288842425,0.4042887261431575,-7.602993817839222,10.0,beyond_limits,high,"Central Africa FY2026: year-over-year change of -95% is below the expected range -70% to +244% (learned from FY2014-2025, where a typical year was +2%); that is 7.6 robust sigmas from the typical year (limits sit at 3), so 4.6 beyond the -70% limit. Baseline: 10 years, 0 flagged year(s) held out, 2 zero-period year(s) skipped.",charted,-2317592.54,0.0,2.0,2014-2025
v2-rolling,Central African Republic,2020,-0.7189908920104587,0.3482762131861815,-1.1948118284165758,1.8913642547889387,0.5143626805342524,-2.0749310663209535,9.0,,,,charted,75333621.16,0.0,0.0,2011-2019
v2-rolling,Central African Republic,2021,0.7741530896604251,0.17382473971056867,-2.0203351980436364,2.3679846774647735,0.7313866459180683,0.8208084647160848,10.0,,,,charted,165919853.5,0.0,0.0,2011-2020
v2-rolling,Central African Republic,2022,-0.3878276604760972,0.17380822853802572,-2.2119999891082744,2.5596164461843256,0.7952694058820999,-0.706220916912006,10.0,,,,charted,111881936.0,0.0,0.0,2012-2021
v2-rolling,Central African Republic,2023,0.05012145063742751,0.05905551285809951,-2.1082028790429668,2.2263139047591656,0.7224194639670221,-0.012366862558785979,10.0,,,,charted,117761040.9,0.0,0.0,2013-2022
v2-rolling,Central African Republic,2024,0.16540501648204495,0.1897675624749823,-2.0569207867036186,2.4364559116535833,0.748896116392867,-0.0325312756464568,10.0,,,,charted,139620340.3,0.0,0.0,2014-2023
v2-rolling,Central African Republic,2025,-0.1650807508188425,0.10733720036911301,-2.1305920007943797,2.345266401532606,0.745976400387831,-0.3651830688562349,10.0,,,,charted,117771611.2,0.0,0.0,2015-2024
v2-rolling,Central African Republic,2026,0.7038897550751207,0.10598859495164133,-1.6609851580108745,1.872962347914157,0.5889912509875053,1.0151274048995391,10.0,,,,charted,243802137.7,0.0,0.0,2016-2025
v2-rolling,Central Asia,2020,0.15183537347002327,-0.01282853451158933,-1.6978856073922348,1.6722285383690563,0.5616856909602151,0.29316023290555204,9.0,,,,charted,3294818.75,0.0,0.0,2011-2019
v2-rolling,Central Asia,2021,0.3862130074801331,0.06950341947921697,-1.1050600822118617,1.2440669211702957,0.39152116723035957,0.8089207289642492,10.0,,,,charted,4895129.71,0.0,0.0,2011-2020
v2-rolling,Central Asia,2022,-0.49679344440523804,0.2589293236206628,-1.1391309684677506,1.656989615709076,0.4660200973628044,-1.62165274052024,10.0,,,,charted,2939429.81,0.0,0.0,2012-2021
v2-rolling,Central Asia,2023,-0.0015952021992986288,0.2589293236206628,-1.1391309684677506,1.656989615709076,0.4660200973628044,-0.5590413960562279,10.0,,,,charted,2934585.17,0.0,0.0,2013-2022
v2-rolling,Central Asia,2024,-3.0836452097067366,0.253456006391141,-1.0407994626111379,1.54771147539342,0.4314184896674263,-7.73518357701914,10.0,beyond_limits,high,"Central Asia FY2024: year-over-year change of -95% is below the expected range -65% to +370% (learned from FY2014-2023, where a typical year was +29%); that is 7.7 robust sigmas from the typical year (limits sit at 3), so 4.7 beyond the -65% limit.",charted,-1411.79,0.0,0.0,2014-2023
v2-rolling,Central Asia,2026,,,,,,,10.0,,,,no_prior_year,0.0,0.0,1.0,2014-2023
v2-rolling,Chad,2020,0.3386482195891908,0.13357231528656344,-0.0583505646166525,0.3254951951897794,0.06397429330107197,3.205598588444134,9.0,beyond_limits,medium,"Chad FY2020: year-over-year change of +40% is above the expected range -6% to +38% (learned from FY2011-2019, where a typical year was +14%); that is 3.2 robust sigmas from the typical year (limits sit at 3), so 0.2 beyond the +38% limit.",charted,181040152.2,0.0,0.0,2011-2019
v2-rolling,Chad,2021,-0.6969669306542434,0.13357231528656344,-0.0583505646166525,0.3254951951897794,0.06397429330107197,-12.98239031781364,9.0,beyond_limits,high,"Chad FY2021: year-over-year change of -50% is below the expected range -6% to +38% (learned from FY2011-2019, where a typical year was +14%); that is 13.0 robust sigmas from the typical year (limits sit at 3), so 10.0 beyond the -6% limit. Baseline: 9 years, 1 flagged year(s) held out, 0 zero-period year(s) skipped.",charted,89549419.38,1.0,0.0,2011-2019
v2-rolling,Chad,2022,0.12344201254322736,0.13357231528656344,-0.0583505646166525,0.3254951951897794,0.06397429330107197,-0.158349584194099,9.0,,,,charted,101478567.1,2.0,0.0,2011-2019
v2-rolling,Chad,2023,0.5651288251320016,0.12655113319935657,-0.06502818887016426,0.3181304552688774,0.06385977402317361,6.867824051076234,10.0,beyond_limits,high,"Chad FY2023: year-over-year change of +76% is above the expected range -6% to +37% (learned from FY2011-2022, where a typical year was +13%); that is 6.9 robust sigmas from the typical year (limits sit at 3), so 3.9 beyond the +37% limit. Baseline: 10 years, 2 flagged year(s) held out, 0 zero-period year(s) skipped.",charted,180585489.6,2.0,0.0,2011-2022
v2-rolling,Chad,2024,0.684045565905712,0.12655113319935657,-0.06502818887016426,0.3181304552688774,0.06385977402317361,8.72997816284239,10.0,beyond_limits,high,"Chad FY2024: year-over-year change of +98% is above the expected range -6% to +37% (learned from FY2011-2022, where a typical year was +13%); that is 8.7 robust sigmas from the typical year (limits sit at 3), so 5.7 beyond the +37% limit. Baseline: 10 years, 3 flagged year(s) held out, 0 zero-period year(s) skipped.",charted,360504654.0,3.0,0.0,2011-2022
v2-rolling,Chad,2025,0.14660439786956744,0.1449127200865088,-0.30269667223198893,0.5925221124050065,0.14920313077283257,0.011338085027413345,10.0,,,,charted,418095245.2,3.0,0.0,2012-2023
v2-rolling,Chad,2026,0.11491625824280154,0.15309289129073897,-0.09050378287850622,0.39668956545998413,0.0811988913897484,-0.47016199845257184,10.0,,,,charted,469597771.1,2.0,0.0,2014-2025
v2-rolling,China,2020,,,,,,,0.0,,,,dormant,0.0,0.0,9.0,
v2-rolling,China,2021,,,,,,,0.0,,,,dormant,0.0,0.0,10.0,
v2-rolling,China,2022,,,,,,,0.0,,,,dormant,0.0,0.0,11.0,
v2-rolling,China,2023,,,,,,,0.0,,,,dormant,0.0,0.0,12.0,
v2-rolling,China,2024,,,,,,,0.0,,,,dormant,0.0,0.0,13.0,
v2-rolling,China,2025,,,,,,,0.0,,,,dormant,0.0,0.0,14.0,
v2-rolling,China,2026,,,,,,,0.0,,,,dormant,0.0,0.0,15.0,
v2-rolling,Comoros,2020,0.9289517864934177,0.021147864944341146,-2.975567456774175,3.017863186662857,0.9989051072395053,0.908798958949976,9.0,,,,charted,16877484.34,0.0,0.0,2011-2019
v2-rolling,Comoros,2021,0.7575245131591501,0.1664082674696667,-2.657311632142413,2.990128167081746,0.9412399665373599,0.6280186421153428,10.0,,,,charted,36366190.73,0.0,0.0,2011-2020
v2-rolling,Comoros,2022,-0.21024826409953257,0.16592796829526577,-2.315575687789109,2.6474316243796405,0.8271678853614582,-0.4547761573582076,10.0,,,,charted,29404963.85,0.0,0.0,2012-2021
v2-rolling,Comoros,2023,0.08645437998273883,0.16576134896201922,-1.9269779083903962,2.2585006063144344,0.6975797524508051,-0.1136887484200214,10.0,,,,charted,32092209.53,0.0,0.0,2013-2022
v2-rolling,Comoros,2024,0.8557040379440395,0.05352218989956994,-1.2209327538654904,1.3279771336646302,0.4248183145883534,1.8882939376608077,10.0,,,,charted,76102937.53,0.0,0.0,2014-2023
v2-rolling,Comoros,2025,-0.23279977851915704,0.052421394544333005,-2.11720491248025,2.222047701568916,0.7232087690081944,-0.3943829019864364,10.0,,,,charted,60122023.14,0.0,0.0,2015-2024
v2-rolling,Comoros,2026,0.533668667325357,0.05208189534578628,-2.1057568776915163,2.2099206683830888,0.7192795910124342,0.6695404374002953,10.0,,,,charted,103206502.5,0.0,0.0,2016-2025
v2-rolling,"Congo, Democratic Republic of",2020,-0.019250825434661275,-0.028563259704404115,-0.48741582329205935,0.43028930388325115,0.15295085452921842,0.06088514051396734,9.0,,,,charted,448537952.9,0.0,0.0,2011-2019
v2-rolling,"Congo, Democratic Republic of",2021,0.40244576988108166,-0.02388888993054172,-0.3093336775906174,0.26155589772953397,0.09514826255335856,4.48074035584767,10.0,beyond_limits,medium,"Congo, Democratic Republic of FY2021: year-over-year change of +50% is above the expected range -27% to +30% (learned from FY2011-2020, where a typical year was -2%); that is 4.5 robust sigmas from the typical year (limits sit at 3), so 1.5 beyond the +30% limit.",charted,680598472.5,0.0,0.0,2011-2020
v2-rolling,"Congo, Democratic Republic of",2022,0.14262982743905117,-0.02388888993054172,-0.3093336775906174,0.26155589772953397,0.09514826255335856,1.750097299740079,10.0,,,,charted,787974444.5,1.0,0.0,2011-2020
v2-rolling,"Congo, Democratic Republic of",2023,0.7007944111034138,0.0274498888387872,-0.40746635277374743,0.4623661304513218,0.14497208053751154,4.644649644042314,10.0,beyond_limits,medium,"Congo, Democratic Republic of FY2023: year-over-year change of +102% is above the expected range -33% to +59% (learned from FY2013-2022, where a typical year was +3%); that is 4.6 robust sigmas from the typical year (limits sit at 3), so 1.6 beyond the +59% limit.",charted,1610969043.0,0.0,0.0,2013-2022
v2-rolling,"Congo, Democratic Republic of",2024,-0.6734188007875737,0.0274498888387872,-0.40746635277374743,0.4623661304513218,0.14497208053751154,-4.834508044774945,10.0,beyond_limits,medium,"Congo, Democratic Republic of FY2024: year-over-year change of -49% is below the expected range -33% to +59% (learned from FY2013-2022, where a typical year was +3%); that is 4.8 robust sigmas from the typical year (limits sit at 3), so 1.8 beyond the -33% limit. Baseline: 10 years, 1 flagged year(s) held out, 0 zero-period year(s) skipped.",charted,810470263.0,1.0,0.0,2013-2022
v2-rolling,"Congo, Democratic Republic of",2025,0.5853353213818375,0.0274498888387872,-0.40746635277374743,0.4623661304513218,0.14497208053751154,3.8482267100988277,10.0,beyond_limits,medium,"Congo, Democratic Republic of FY2025: year-over-year change of +80% is above the expected range -33% to +59% (learned from FY2013-2022, where a typical year was +3%); that is 3.8 robust sigmas from the typical year (limits sit at 3), so 0.8 beyond the +59% limit. Baseline: 10 years, 2 flagged year(s) held out, 0 zero-period year(s) skipped.",charted,1473235791.0,2.0,0.0,2013-2022
v2-rolling,"Congo, Democratic Republic of",2026,-0.3350549750940605,0.0274498888387872,-0.40746635277374743,0.4623661304513218,0.14497208053751154,-2.5005150135722136,10.0,,,,charted,1047376406.0,3.0,0.0,2013-2022
v2-rolling,"Congo, Republic of",2020,0.23214024551729037,-0.027340850313599525,-1.4358716291120739,1.381189928484875,0.4695102595994915,0.5526633135817656,9.0,,,,charted,36440055.27,0.0,0.0,2011-2019
v2-rolling,"Congo, Republic of",2021,0.7160271222422341,0.06941958462632716,-1.2445467340527074,1.383385903305362,0.4379887728930116,1.4763107587094593,10.0,,,,charted,75811775.33,0.0,0.0,2011-2020
v2-rolling,"Congo, Republic of",2022,-0.3244287538580214,0.0689450268894835,-1.2383280483207544,1.3762181020997215,0.43575769173674594,-0.902735139750909,10.0,,,,charted,54455114.04,0.0,0.0,2012-2021
v2-rolling,"Congo, Republic of",2023,0.9480195223030445,-0.12476339025165262,-1.2931553510589593,1.0436285705556538,0.38946398693576884,2.7545111962601636,10.0,,,,charted,142793066.2,0.0,0.0,2013-2022
v2-rolling,"Congo, Republic of",2024,-0.16702557693364628,0.06801749018359687,-1.7896185710507575,1.9256535514179511,0.6192120204114514,-0.3795841478675797,10.0,,,,charted,120607769.2,0.0,0.0,2014-2023
v2-rolling,"Congo, Republic of",2025,-0.76646417898715,0.06778631010724118,-1.4480870377775923,1.5836596579920745,0.5052911159616111,-1.6510294021432435,10.0,,,,charted,55251062.15,0.0,0.0,2015-2024
v2-rolling,"Congo, Republic of",2026,0.8796808022648953,0.06589544427611514,-1.424952509486824,1.5567433980390541,0.4969493179209797,1.637562078550193,10.0,,,,charted,135731518.9,0.0,0.0,2016-2025
v2-rolling,Cote d'Ivoire,2020,0.4424405086021292,0.2188341693390644,-0.5028404595453305,0.9405087982234593,0.24055820962813163,0.9295311085359672,9.0,,,,charted,455657102.4,0.0,0.0,2011-2019
v2-rolling,Cote d'Ivoire,2021,0.42823037772834527,0.2375610077756535,-0.5605879608788013,1.0357099764301083,0.2660496562181516,0.7166683568136222,10.0,,,,charted,704703325.7,0.0,0.0,2011-2020
v2-rolling,Cote d'Ivoire,2022,-0.5407546261807521,0.2603576144106313,-0.504957815766121,1.0256730445873836,0.25510514339225077,-3.1403217902180427,10.0,beyond_limits,medium,"Cote d'Ivoire FY2022: year-over-year change of -42% is below the expected range -40% to +179% (learned from FY2012-2021, where a typical year was +30%); that is 3.1 robust sigmas from the typical year (limits sit at 3), so 0.1 beyond the -40% limit.",charted,405439660.6,0.0,0.0,2012-2021
v2-rolling,Cote d'Ivoire,2023,0.8449331195539252,0.2603576144106313,-0.504957815766121,1.0256730445873836,0.25510514339225077,2.291508110616367,10.0,,,,charted,959416579.8,1.0,0.0,2012-2021
v2-rolling,Cote d'Ivoire,2024,0.04457670062672564,0.25846516754980675,-0.5053396150330998,1.0222699501327133,0.25460159419430217,-0.8400908391793087,10.0,,,,charted,1003756127.0,0.0,0.0,2014-2023
v2-rolling,Cote d'Ivoire,2025,0.23859835564318768,0.23246775743499026,-0.6139185727644523,1.0788540876344328,0.2821287767331475,0.0217297869405079,10.0,,,,charted,1278132295.0,0.0,0.0,2015-2024
v2-rolling,Cote d'Ivoire,2026,-0.5111966622931713,0.2232858937870822,-0.614244200181269,1.0608159877554333,0.2791766979894504,-2.6308877544930644,10.0,,,,charted,758481582.6,0.0,0.0,2016-2025
v2-rolling,Djibouti,2020,0.4586782859656708,0.14575678227076122,-1.1159562467260347,1.4074698112675572,0.4205710096655987,0.7440396425414995,9.0,,,,charted,27011223.62,0.0,0.0,2011-2019
v2-rolling,Djibouti,2021,0.4978989699135894,0.2518220617571727,-0.9022915335113988,1.4059356570257442,0.3847045317561905,0.6396517010939966,10.0,,,,charted,44711403.19,0.0,0.0,2011-2020
v2-rolling,Djibouti,2022,-0.28327458499035524,0.38347650707798664,-0.34002684442878595,1.1069798585847592,0.24116778383559087,-2.76467727763705,10.0,,,,charted,33519788.36,0.0,0.0,2012-2021
v2-rolling,Djibouti,2023,0.5079604960604236,0.24442794996360434,-0.7751084495774412,1.26396434950465,0.33984546651368186,0.7754481729601348,10.0,,,,charted,56158930.37,0.0,0.0,2013-2022
v2-rolling,Djibouti,2024,-0.00012062831373529847,0.28027593173924237,-0.6991595929006911,1.2597114563791758,0.32647850821331115,-0.8588515108926406,10.0,,,,charted,56152068.56,0.0,0.0,2014-2023
v2-rolling,Djibouti,2025,-0.11553187203526587,0.27759129239820124,-0.7070949037383639,1.2622774885347665,0.3282287320455217,-1.1977110047116328,10.0,,,,charted,49933133.53,0.0,0.0,2015-2024
v2-rolling,Djibouti,2026,0.397073099702379,0.1164124950295814,-1.22334850988018,1.456173499939343,0.44658700163658716,0.6284567254404481,10.0,,,,charted,74932122.3,0.0,0.0,2016-2025
v2-rolling,Dominica,2020,1.3203683617787612,0.10007377452740845,-1.5250582135627266,1.7252057626175437,0.5417106626967118,2.252668576203678,9.0,,,,charted,16209385.34,0.0,0.0,2011-2019
v2-rolling,Dominica,2021,1.0407386768383997,0.11344154104531942,-1.7672864490450848,1.9941695311357235,0.6269093300301347,1.4791566999784582,10.0,,,,charted,46076887.7,0.0,0.0,2011-2020
v2-rolling,Dominica,2022,0.297328335470169,0.21474892002928617,-2.1093401162125827,2.538837956271155,0.7746963454139563,0.1065958500123772,10.0,,,,charted,62065969.89,0.0,0.0,2012-2021
v2-rolling,Dominica,2023,-0.7198666080820555,0.30000843398275545,-1.6574229403880736,2.2574398083535843,0.6524771247902763,-1.563081682584085,10.0,,,,charted,30163462.72,0.0,0.0,2013-2022
v2-rolling,Dominica,2024,-0.4981020291080711,0.19041025333316391,-2.8619607141761914,3.242781220842519,1.017456989169785,-0.6766991526620116,10.0,,,,charted,18246351.88,0.0,0.0,2014-2023
v2-rolling,Dominica,2025,1.6091506908342776,0.14789322552848824,-3.1902002498747097,3.485986700931686,1.1126978251343993,1.3132563327597848,10.0,,,,charted,93204841.48,0.0,0.0,2015-2024
v2-rolling,Dominica,2026,-1.8226778288836016,0.23310418775930553,-3.595101826075567,4.061310201594178,1.276068671278291,-1.611027731433564,10.0,,,,charted,14381695.52,0.0,0.0,2016-2025
v2-rolling,Dominican Republic,2020,,,,,,,0.0,,,,dormant,0.0,0.0,9.0,
v2-rolling,Dominican Republic,2021,,,,,,,0.0,,,,dormant,0.0,0.0,10.0,
v2-rolling,Dominican Republic,2022,,,,,,,0.0,,,,dormant,0.0,0.0,11.0,
v2-rolling,Dominican Republic,2023,,,,,,,0.0,,,,dormant,0.0,0.0,12.0,
v2-rolling,East Asia and Pacific,2025,,,,,,,0.0,,,,no_prior_year,990680.01,0.0,0.0,
v2-rolling,East Asia and Pacific,2026,,,,,,,0.0,,,,insufficient_history: no eligible baseline years,1168999.99,0.0,0.0,
v2-rolling,Eastern Africa,2020,,,,,,,2.0,,,,insufficient_history: only 2 baseline years (<8),3258465.6,0.0,1.0,2018-2019
v2-rolling,Eastern Africa,2021,,,,,,,3.0,,,,insufficient_history: only 3 baseline years (<8),40951048.47,0.0,1.0,2018-2020
v2-rolling,Eastern and Southern Africa,2022,,,,,,,0.0,,,,no_prior_year,28253402.03,0.0,0.0,
v2-rolling,Eastern and Southern Africa,2023,,,,,,,0.0,,,,insufficient_history: no eligible baseline years,96807083.24,0.0,0.0,
v2-rolling,Eastern and Southern Africa,2024,,,,,,,1.0,,,,insufficient_history: only 1 baseline years (<8),32248946.8,0.0,0.0,2023-2023
v2-rolling,Eastern and Southern Africa,2025,,,,,,,2.0,,,,insufficient_history: only 2 baseline years (<8),126789167.4,0.0,0.0,2023-2024
v2-rolling,Eastern and Southern Africa,2026,,,,,,,3.0,,,,insufficient_history: only 3 baseline years (<8),428751472.1,0.0,0.0,2023-2025
v2-rolling,Ecuador,2020,,,,,,,0.0,,,,dormant,0.0,0.0,9.0,
v2-rolling,Ecuador,2021,,,,,,,0.0,,,,dormant,0.0,0.0,10.0,
v2-rolling,Ecuador,2022,,,,,,,0.0,,,,dormant,0.0,0.0,11.0,
v2-rolling,Ecuador,2023,,,,,,,0.0,,,,dormant,0.0,0.0,12.0,
v2-rolling,"Egypt, Arab Republic of",2020,,,,,,,3.0,,,,dormant,0.0,0.0,6.0,2011-2013
v2-rolling,"Egypt, Arab Republic of",2021,,,,,,,3.0,,,,dormant,0.0,0.0,7.0,2011-2013
v2-rolling,"Egypt, Arab Republic of",2022,,,,,,,3.0,,,,dormant,0.0,0.0,8.0,2011-2013
v2-rolling,"Egypt, Arab Republic of",2023,,,,,,,3.0,,,,dormant,0.0,0.0,9.0,2011-2013
v2-rolling,"Egypt, Arab Republic of",2024,,,,,,,3.0,,,,dormant,0.0,0.0,10.0,2011-2013
v2-rolling,"Egypt, Arab Republic of",2025,,,,,,,3.0,,,,dormant,0.0,0.0,11.0,2011-2013
v2-rolling,"Egypt, Arab Republic of",2026,,,,,,,3.0,,,,dormant,0.0,0.0,12.0,2011-2013
v2-rolling,El Salvador,2020,,,,,,,0.0,,,,dormant,0.0,0.0,9.0,
v2-rolling,El Salvador,2021,,,,,,,0.0,,,,dormant,0.0,0.0,10.0,
v2-rolling,El Salvador,2022,,,,,,,0.0,,,,dormant,0.0,0.0,11.0,
v2-rolling,El Salvador,2023,,,,,,,0.0,,,,dormant,0.0,0.0,12.0,
v2-rolling,El Salvador,2024,,,,,,,0.0,,,,dormant,0.0,0.0,13.0,
v2-rolling,El Salvador,2025,,,,,,,0.0,,,,dormant,0.0,0.0,14.0,
v2-rolling,El Salvador,2026,,,,,,,0.0,,,,dormant,0.0,0.0,15.0,
v2-rolling,Equatorial Guinea,2020,,,,,,,0.0,,,,dormant,0.0,0.0,9.0,
v2-rolling,Equatorial Guinea,2021,,,,,,,0.0,,,,dormant,0.0,0.0,10.0,
v2-rolling,Equatorial Guinea,2022,,,,,,,0.0,,,,dormant,0.0,0.0,11.0,
v2-rolling,Equatorial Guinea,2023,,,,,,,0.0,,,,dormant,0.0,0.0,12.0,
v2-rolling,Equatorial Guinea,2024,,,,,,,0.0,,,,dormant,0.0,0.0,13.0,
v2-rolling,Equatorial Guinea,2025,,,,,,,0.0,,,,dormant,0.0,0.0,14.0,
v2-rolling,Equatorial Guinea,2026,,,,,,,0.0,,,,dormant,0.0,0.0,15.0,
v2-rolling,Eswatini,2020,,,,,,,0.0,,,,dormant,0.0,0.0,9.0,
v2-rolling,Eswatini,2021,,,,,,,0.0,,,,dormant,0.0,0.0,10.0,
v2-rolling,Eswatini,2022,,,,,,,0.0,,,,dormant,0.0,0.0,11.0,
v2-rolling,Eswatini,2023,,,,,,,0.0,,,,dormant,0.0,0.0,12.0,
v2-rolling,Eswatini,2024,,,,,,,0.0,,,,dormant,0.0,0.0,13.0,
v2-rolling,Eswatini,2025,,,,,,,0.0,,,,dormant,0.0,0.0,14.0,
v2-rolling,Eswatini,2026,,,,,,,0.0,,,,insufficient_history: no eligible baseline years,5494317.35,0.0,15.0,
v2-rolling,Ethiopia,2020,-0.015215603341828424,0.035505692830694095,-0.666098392855653,0.7371097785170411,0.23386802856211567,-0.21687999203812025,9.0,,,,charted,2202062392.0,0.0,0.0,2011-2019
v2-rolling,Ethiopia,2021,-0.5637124646135973,0.03170226669165671,-0.5101197027663693,0.5735242361496828,0.18060732315267536,-3.296736372101167,10.0,beyond_limits,medium,"Ethiopia FY2021: year-over-year change of -43% is below the expected range -40% to +77% (learned from FY2011-2020, where a typical year was +3%); that is 3.3 robust sigmas from the typical year (limits sit at 3), so 0.3 beyond the -40% limit.",charted,1233278829.0,0.0,0.0,2011-2020
v2-rolling,Ethiopia,2022,-0.0003876609113414403,0.03170226669165671,-0.5101197027663693,0.5735242361496828,0.18060732315267536,-0.17767788726856393,10.0,,,,charted,1232782930.0,1.0,0.0,2011-2020
v2-rolling,Ethiopia,2023,0.4038875512837578,0.0173789169395214,-0.8575230011438406,0.8922808350228835,0.291633972694454,1.3253210206383703,10.0,,,,charted,1873709548.0,0.0,0.0,2013-2022
v2-rolling,Ethiopia,2024,-0.07127100273658264,0.017262296282788827,-1.0518252386645255,1.0863498312301032,0.35636251164910476,-0.24843606194623105,10.0,,,,charted,1740575939.0,0.0,0.0,2014-2023
v2-rolling,Ethiopia,2025,0.6364206870629228,-0.007744839860915688,-1.0768077762128783,1.061318096491047,0.3563543121173209,1.8076546432017435,10.0,,,,charted,3344037618.0,0.0,0.0,2015-2024
v2-rolling,Ethiopia,2026,0.041068769050745246,0.13878340434300623,-0.8311056114410837,1.1086724201270963,0.3232963385946967,-0.3022447941013084,10.0,,,,charted,3487176014.0,0.0,0.0,2016-2025
v2-rolling,Fiji,2020,,,,,,,0.0,,,,no_prior_year,57730092.5,0.0,0.0,
v2-rolling,Fiji,2021,,,,,,,0.0,,,,insufficient_history: no eligible baseline years,121853666.2,0.0,0.0,
v2-rolling,Fiji,2022,,,,,,,1.0,,,,insufficient_history: only 1 baseline years (<8),72233933.67,0.0,0.0,2021-2021
v2-rolling,Fiji,2023,,,,,,,2.0,,,,insufficient_history: only 2 baseline years (<8),50781248.58,0.0,0.0,2021-2022
v2-rolling,Fiji,2024,,,,,,,3.0,,,,insufficient_history: only 3 baseline years (<8),7298721.64,0.0,0.0,2021-2023
v2-rolling,Fiji,2025,,,,,,,4.0,,,,insufficient_history: only 4 baseline years (<8),101398923.8,0.0,0.0,2021-2024
v2-rolling,Fiji,2026,,,,,,,5.0,,,,insufficient_history: only 5 baseline years (<8),58862992.27,0.0,0.0,2021-2025
v2-rolling,"Gambia, The",2020,0.25507842740770353,-0.1558129765981901,-2.3200138599157736,2.0083879067193937,0.7214002944391945,0.5695747661502055,9.0,,,,charted,30483964.77,0.0,0.0,2011-2019
v2-rolling,"Gambia, The",2021,1.1282883709902134,0.0402194057973273,-2.6108529258728996,2.6912917374675542,0.8836907772234089,1.2312779461291217,10.0,,,,charted,96068014.0,0.0,0.0,2011-2020
v2-rolling,"Gambia, The",2022,-0.1840959787447635,0.24329750224521268,-2.867304813165468,3.3538998176558934,1.036867438470227,-0.41219683937663604,10.0,,,,charted,79728329.83,0.0,0.0,2012-2021
v2-rolling,"Gambia, The",2023,0.3235170911096235,0.04004687879461781,-1.918532775380267,1.9986265329695025,0.6528598847249616,0.43419762639333664,10.0,,,,charted,110630293.5,0.0,0.0,2013-2022
v2-rolling,"Gambia, The",2024,0.2920451969327907,0.24266173616164857,-1.5856621131383424,2.0709855854616395,0.609441283099997,0.08103071147387185,10.0,,,,charted,148549265.8,0.0,0.0,2014-2023
v2-rolling,"Gambia, The",2025,-0.023533530780204835,0.27024009097726837,-1.3776698983662117,1.9181500803207485,0.54930332978116,-0.5348112888274521,10.0,,,,charted,145058740.6,0.0,0.0,2015-2024
v2-rolling,"Gambia, The",2026,0.011931982662687935,0.2575108002822519,-0.8503237136887598,1.3653453142532637,0.3692781713236706,-0.6650239215041911,10.0,,,,charted,146847797.1,0.0,0.0,2016-2025
v2-rolling,Georgia,2020,-0.16344948407533164,-0.2866282881689661,-1.652358222118004,1.0791016457800717,0.45524331131634593,0.27057795475887453,9.0,,,,charted,2203233.36,0.0,0.0,2011-2019
v2-rolling,Georgia,2021,1.0096443889336701,-0.27422956241260066,-1.4859438343603943,0.9374847095351929,0.4039047573159312,3.1786551856383176,10.0,beyond_limits,medium,"Georgia FY2021: year-over-year change of +174% is above the expected range -77% to +155% (learned from FY2011-2020, where a typical year was -24%); that is 3.2 robust sigmas from the typical year (limits sit at 3), so 0.2 beyond the +155% limit.",charted,10227193.39,0.0,0.0,2011-2020
v2-rolling,Georgia,2022,-0.5475590745799986,-0.27422956241260066,-1.4859438343603943,0.9374847095351929,0.4039047573159312,-0.6767177341107714,10.0,,,,charted,4904742.24,1.0,0.0,2011-2020
v2-rolling,Georgia,2023,-0.10531799911329201,-0.28031861760587956,-2.35748344380991,1.7968462085981507,0.6923882754013434,0.25274925169862,10.0,,,,charted,4363339.3,0.0,0.0,2013-2022
v2-rolling,Georgia,2024,-2.5222891653895796,-0.2869378232941048,-1.6954809575433476,1.1216053109551383,0.469514378083081,-4.760985917453474,10.0,beyond_limits,medium,"Georgia FY2024: year-over-year change of -92% is below the expected range -82% to +207% (learned from FY2014-2023, where a typical year was -25%); that is 4.8 robust sigmas from the typical year (limits sit at 3), so 1.8 beyond the -82% limit.",charted,8232.7,0.0,0.0,2014-2023
v2-rolling,Georgia,2025,-0.02189593147805461,-0.2869378232941048,-1.6954809575433476,1.1216053109551383,0.469514378083081,0.5645021839334401,10.0,,,,charted,0.0,1.0,0.0,2014-2023
v2-rolling,Georgia,2026,,,,,,,10.0,,,,dormant,0.0,0.0,1.0,2015-2024
v2-rolling,Ghana,2020,0.7454868030446641,-0.018789661982350537,-0.96907538363667,0.9314960596719689,0.3167619072181065,2.412778959879074,9.0,,,,charted,331199939.6,0.0,0.0,2011-2019
v2-rolling,Ghana,2021,0.186682876696693,0.004719237687972031,-0.8645671164409586,0.8740055918169026,0.28976211804297686,0.6279759419129196,10.0,,,,charted,402696451.9,0.0,0.0,2011-2020
v2-rolling,Ghana,2022,0.09744442671800045,0.08393339357095478,-0.781180364452977,0.9490471515948865,0.2883712526746439,0.04685291277036395,10.0,,,,charted,445667524.2,0.0,0.0,2012-2021
v2-rolling,Ghana,2023,0.09861934053662103,0.14206365170734672,-0.6073765275674514,0.8915038309821448,0.24981339309159936,-0.17390705371347293,10.0,,,,charted,493636467.8,0.0,0.0,2013-2022
v2-rolling,Ghana,2024,0.7048855184659835,0.14230488748878362,-0.37905902699605604,0.6636688019736232,0.17378797149494654,3.2371666815476856,10.0,beyond_limits,medium,"Ghana FY2024: year-over-year change of +102% is above the expected range -32% to +94% (learned from FY2014-2023, where a typical year was +15%); that is 3.2 robust sigmas from the typical year (limits sit at 3), so 0.2 beyond the +94% limit.",charted,1017509419.0,0.0,0.0,2014-2023
v2-rolling,Ghana,2025,-0.38267951279013546,0.14230488748878362,-0.37905902699605604,0.6636688019736232,0.17378797149494654,-3.020832775496115,10.0,beyond_limits,medium,"Ghana FY2025: year-over-year change of -32% is below the expected range -32% to +94% (learned from FY2014-2023, where a typical year was +15%); that is 3.0 robust sigmas from the typical year (limits sit at 3), so 0.0 beyond the -32% limit. Baseline: 10 years, 1 flagged year(s) held out, 0 zero-period year(s) skipped.",charted,688202091.9,1.0,0.0,2014-2023
v2-rolling,Ghana,2026,-0.3823423404199747,0.14230488748878362,-0.37905902699605604,0.6636688019736232,0.17378797149494654,-3.01889263909162,10.0,beyond_limits,medium,"Ghana FY2026: year-over-year change of -32% is below the expected range -32% to +94% (learned from FY2014-2023, where a typical year was +15%); that is 3.0 robust sigmas from the typical year (limits sit at 3), so 0.0 beyond the -32% limit. Baseline: 10 years, 2 flagged year(s) held out, 0 zero-period year(s) skipped.",charted,463766601.0,2.0,0.0,2014-2023
v2-rolling,Grenada,2020,-0.2745403561049767,0.07307193452161025,-2.402579293255548,2.548723162298769,0.8252170759257195,-0.4212373940961404,9.0,,,,charted,24327713.3,0.0,0.0,2011-2019
v2-rolling,Grenada,2021,0.3391025383891911,-0.10071670544459417,-2.0484781585382654,1.847044747649077,0.6492538176978904,0.677422653274934,10.0,,,,charted,34255972.66,0.0,0.0,2011-2020
v2-rolling,Grenada,2022,-0.27846441673307726,-0.100024405021862,-1.9101261448043898,1.710077334760666,0.603367246594176,-0.29574030197770046,10.0,,,,charted,25782929.98,0.0,0.0,2012-2021
v2-rolling,Grenada,2023,-1.7628205207259096,-0.09992791631843734,-1.8929853477155385,1.693129515078664,0.5976858104657005,-2.7822186427879085,10.0,,,,charted,3883624.66,0.0,0.0,2013-2022
v2-rolling,Grenada,2024,2.2147054180622567,-0.27439077326414396,-2.396726695461208,1.8479451489329202,0.7074453073990215,3.5184291496366833,10.0,beyond_limits,medium,"Grenada FY2024: year-over-year change of +816% is above the expected range -91% to +535% (learned from FY2014-2023, where a typical year was -24%); that is 3.5 robust sigmas from the typical year (limits sit at 3), so 0.5 beyond the +535% limit.",charted,40884137.33,0.0,0.0,2014-2023
v2-rolling,Grenada,2025,-0.43100070077968194,-0.27439077326414396,-2.396726695461208,1.8479451489329202,0.7074453073990215,-0.22137390110244246,10.0,,,,charted,26340796.17,1.0,0.0,2014-2023
v2-rolling,Grenada,2026,-0.5200427828696346,-0.2692152607489887,-2.3480296734466095,1.8095991519486323,0.6929381375658736,-0.36197678915717224,10.0,,,,charted,15166224.27,0.0,0.0,2016-2025
v2-rolling,Guinea,2020,0.13770871765369427,-0.20838864224278095,-4.460219217298105,4.043441932812543,1.4172768583517747,0.2441988365625118,9.0,,,,charted,170461990.9,0.0,0.0,2011-2019
v2-rolling,Guinea,2021,0.41435166173231874,-0.035149468959561,-2.5995330688447775,2.5292341309256554,0.8547945332950722,0.5258586867175407,10.0,,,,charted,259730093.0,0.0,0.0,2011-2020
v2-rolling,Guinea,2022,-1.2011062732648248,-0.0344266900510595,-1.8393623377477593,1.7705089576456403,0.6016452158989,-1.9391487746988307,10.0,,,,charted,75173465.77,0.0,0.0,2012-2021
v2-rolling,Guinea,2023,0.40337926759951725,-0.03485015906348837,-2.7569016081043687,2.6872012899773923,0.9073504830136268,0.4829770136976102,10.0,,,,charted,114392832.9,0.0,0.0,2013-2022
v2-rolling,Guinea,2024,0.34920340929787247,0.26908154587115907,-1.8367758302526498,2.3749389219949677,0.7019524587079362,0.1141414385444157,10.0,,,,charted,163976876.3,0.0,0.0,2014-2023
v2-rolling,Guinea,2025,0.26470049624637937,0.37044151576714324,-1.2019709494002044,1.942853980934491,0.5241374883891159,-0.2017429049880563,10.0,,,,charted,215401819.7,0.0,0.0,2015-2024
v2-rolling,Guinea,2026,-0.297008128264771,0.3020217125968952,-0.9528051331396914,1.5568485583334817,0.41827561524552886,-1.4321414374348218,10.0,,,,charted,158155890.2,0.0,0.0,2016-2025
v2-rolling,Guinea-Bissau,2020,-0.4594484477397175,0.528617007121462,-1.503367945066801,2.560601959309725,0.6773283173960877,-1.4587688562316214,9.0,,,,charted,37159677.4,0.0,0.0,2011-2019
v2-rolling,Guinea-Bissau,2021,-0.034756402545105404,0.3000245998921628,-1.1811629074378867,1.7812121072222125,0.4937291691100165,-0.6780660803183571,10.0,,,,charted,35872108.08,0.0,0.0,2011-2020
v2-rolling,Guinea-Bissau,2022,0.11891077605605814,0.29393978154108746,-1.1734710094346958,1.761350572516871,0.4891369303252611,-0.3578323259473382,10.0,,,,charted,40500420.17,0.0,0.0,2012-2021
v2-rolling,Guinea-Bissau,2023,0.04813079888776555,0.09373989134942118,-2.1115985508814465,2.299078333580289,0.735112814076956,-0.062043664031247586,10.0,,,,charted,42543558.91,0.0,0.0,2013-2022
v2-rolling,Guinea-Bissau,2024,0.022455240295006236,0.09373989134942118,-1.8883374236937114,2.0758172063925535,0.6606924383477109,-0.10789385032570796,10.0,,,,charted,43530945.59,0.0,0.0,2014-2023
v2-rolling,Guinea-Bissau,2025,0.4738131982207937,0.055560495894358894,-1.0849816319745569,1.1961026237632748,0.3801807092896386,1.1001418328350565,10.0,,,,charted,71002470.29,0.0,0.0,2015-2024
v2-rolling,Guinea-Bissau,2026,-0.15008736666039657,0.05534938591310834,-1.071799235366087,1.1824980071923035,0.3757162070930651,-0.5467870395130922,10.0,,,,charted,60848111.53,0.0,0.0,2016-2025
v2-rolling,Guyana,2020,-1.5124248639045503,0.2994305144382892,-1.7131768930063422,2.312037921882921,0.6708691358148772,-2.7007582874446197,9.0,,,,charted,8477961.16,0.0,0.0,2011-2019
v2-rolling,Guyana,2021,-0.2339070965258305,0.20166033990050442,-2.457798199410108,2.861118879211117,0.8864861797702042,-0.4913414854806232,10.0,,,,charted,6650620.14,0.0,0.0,2011-2020
v2-rolling,Guyana,2022,0.49309676591229556,0.19857635043513377,-1.931854830660594,2.329007531530862,0.7101437270319093,0.4147335310671947,10.0,,,,charted,11091231.67,0.0,0.0,2012-2021
v2-rolling,Guyana,2023,1.201594666799494,0.1981354799715489,-1.4155501320912531,1.811821092034351,0.537895204020934,1.8655291575882724,10.0,,,,charted,37629778.2,0.0,0.0,2013-2022
v2-rolling,Guyana,2024,0.49698849164492226,0.28115729696826247,-2.471488337572031,3.0338029315085557,0.9175485448467645,0.23522591353758263,10.0,,,,charted,62068531.1,0.0,0.0,2014-2023
v2-rolling,Guyana,2025,-2.5848155957423464,0.47036146443177307,-2.2192894924608155,3.1600124213243617,0.8965503189641961,-3.407702831118092,10.0,beyond_limits,medium,"Guyana FY2025: year-over-year change of -92% is below the expected range -89% to +2257% (learned from FY2015-2024, where a typical year was +60%); that is 3.4 robust sigmas from the typical year (limits sit at 3), so 0.4 beyond the -89% limit.",charted,4288655.04,0.0,0.0,2015-2024
v2-rolling,Guyana,2026,1.9063147564257419,0.47036146443177307,-2.2192894924608155,3.1600124213243617,0.8965503189641961,1.6016427205702817,10.0,,,,charted,31283327.06,1.0,0.0,2015-2024
v2-rolling,Haiti,2020,-0.022857670207492766,0.11136283993049326,-0.319108190155441,0.5418338700164275,0.14349034336197808,-0.9353975117293617,9.0,,,,charted,114959858.7,0.0,0.0,2011-2019
v2-rolling,Haiti,2021,0.018808696848181334,0.07541171301045267,-0.4492161715313807,0.6000395975522861,0.17487596151394447,-0.3236752248407673,10.0,,,,charted,117215565.2,0.0,0.0,2011-2020
v2-rolling,Haiti,2022,0.19550089688558564,0.029135435205639125,-0.5005379205860148,0.558808790997293,0.17655778526388463,0.9422720240361839,10.0,,,,charted,143382162.3,0.0,0.0,2012-2021
v2-rolling,Haiti,2023,-0.6048627364269235,0.07525490286166472,-0.38785410422074784,0.5383639099440772,0.15436966902747085,-4.405772478319934,10.0,beyond_limits,medium,"Haiti FY2023: year-over-year change of -45% is below the expected range -32% to +71% (learned from FY2013-2022, where a typical year was +8%); that is 4.4 robust sigmas from the typical year (limits sit at 3), so 1.4 beyond the -32% limit.",charted,76505822.7,0.0,0.0,2013-2022
v2-rolling,Haiti,2024,0.769490415995935,0.07525490286166472,-0.38785410422074784,0.5383639099440772,0.15436966902747085,4.4972274508843295,10.0,beyond_limits,medium,"Haiti FY2024: year-over-year change of +116% is above the expected range -32% to +71% (learned from FY2013-2022, where a typical year was +8%); that is 4.5 robust sigmas from the typical year (limits sit at 3), so 1.5 beyond the +71% limit. Baseline: 10 years, 1 flagged year(s) held out, 0 zero-period year(s) skipped.",charted,169751619.7,1.0,0.0,2013-2022
v2-rolling,Haiti,2025,-0.05034865823256496,0.07525490286166472,-0.38785410422074784,0.5383639099440772,0.15436966902747085,-0.8136544042980225,10.0,,,,charted,161221460.0,2.0,0.0,2013-2022
v2-rolling,Haiti,2026,-0.033502092791828614,0.06361434010588009,-0.4542125756265646,0.5814412558383247,0.1726089719108149,-0.5626383832926579,10.0,,,,charted,155738082.9,2.0,0.0,2014-2025
v2-rolling,Honduras,2020,2.20128320379601,-0.1493331468281519,-1.76468663029365,1.4660203366373463,0.538451161155166,4.365514498253226,9.0,beyond_limits,medium,"Honduras FY2020: year-over-year change of +804% is above the expected range -83% to +333% (learned from FY2011-2019, where a typical year was -14%); that is 4.4 robust sigmas from the typical year (limits sit at 3), so 1.4 beyond the +333% limit.",charted,138463560.8,0.0,0.0,2011-2019
v2-rolling,Honduras,2021,-1.2701908507903712,-0.1493331468281519,-1.76468663029365,1.4660203366373463,0.538451161155166,-2.0816329963103573,9.0,,,,charted,36249483.86,1.0,0.0,2011-2019
v2-rolling,Honduras,2022,0.41945415439242756,-0.19125147125454667,-2.0362502316295323,1.6537472891204388,0.6149995867916619,0.9930179446671039,10.0,,,,charted,57173860.71,0.0,0.0,2012-2021
v2-rolling,Honduras,2023,-0.7643369552284246,-0.19239605326385503,-2.2147981826680243,1.830006076140314,0.674134043134723,-0.8484082769430314,10.0,,,,charted,24802752.56,0.0,0.0,2013-2022
v2-rolling,Honduras,2024,1.399095283202801,-0.19367240533271085,-2.5433408346325823,2.1559960239671607,0.7832228097666238,2.0336073830767356,10.0,,,,charted,109212561.6,0.0,0.0,2014-2023
v2-rolling,Honduras,2025,0.6847828332989607,-0.1218967099684803,-2.798144184063551,2.55435076412659,0.8920824913650235,0.9042656380724357,10.0,,,,charted,219416829.4,0.0,0.0,2015-2024
v2-rolling,Honduras,2026,-0.005485387493370737,-0.1218967099684803,-3.367968362693754,3.124174942756793,1.0820238842417578,0.10758664773530974,10.0,,,,charted,218200900.0,0.0,0.0,2016-2025
v2-rolling,IFC,2020,,,,,,,0.0,,,,no_prior_year,5425000.0,0.0,0.0,
v2-rolling,IFC,2021,,,,,,,0.0,,,,insufficient_history: no eligible baseline years,5776750.0,0.0,0.0,
v2-rolling,IFC,2022,,,,,,,1.0,,,,insufficient_history: only 1 baseline years (<8),41452507.43,0.0,0.0,2021-2021
v2-rolling,IFC,2023,,,,,,,2.0,,,,insufficient_history: only 2 baseline years (<8),53160488.48,0.0,0.0,2021-2022
v2-rolling,IFC,2024,,,,,,,3.0,,,,insufficient_history: only 3 baseline years (<8),136857649.8,0.0,0.0,2021-2023
v2-rolling,IFC,2025,,,,,,,4.0,,,,insufficient_history: only 4 baseline years (<8),92890089.15,0.0,0.0,2021-2024
v2-rolling,IFC,2026,,,,,,,5.0,,,,insufficient_history: only 5 baseline years (<8),114796017.8,0.0,0.0,2021-2025
v2-rolling,India,2020,0.5825996956930878,-0.07226966962325158,-0.7292684545700319,0.5847291153235288,0.2189995949822601,2.990276604709641,9.0,,,,charted,1412601152.0,0.0,0.0,2011-2019
v2-rolling,India,2021,-0.3577086820661155,-0.005464410185670666,-0.6905399837957499,0.6796111634244085,0.22835852453669306,-1.5425054641384566,10.0,,,,charted,968505566.5,0.0,0.0,2011-2020
v2-rolling,India,2022,-0.6041826158445611,-0.04197859234728238,-0.8527156766063635,0.7687584919117987,0.270245694753027,-2.080344051405028,10.0,,,,charted,501392030.8,0.0,0.0,2012-2021
v2-rolling,India,2023,-0.5288035321916633,-0.15767951674822223,-1.0913559678547253,0.775996934358281,0.31122548370216774,-1.192460241458229,10.0,,,,charted,270192701.4,0.0,0.0,2013-2022
v2-rolling,India,2024,-0.3945499496346293,-0.15839854266488235,-1.3226212766668906,1.0058241913371258,0.3880742446673361,-0.6085212049363905,10.0,,,,charted,164052590.7,0.0,0.0,2014-2023
v2-rolling,India,2025,-0.46333593911264465,-0.2622457669177522,-1.1665645354221554,0.6420730015866511,0.30143958950146776,-0.6670994096278562,10.0,,,,charted,82685173.94,0.0,0.0,2015-2024
v2-rolling,India,2026,-0.8739489801688852,-0.35926632134176406,-1.1905314439675205,0.4719988012839923,0.27708837420858545,-1.8574675328661767,10.0,,,,charted,6287163.26,0.0,0.0,2016-2025
v2-rolling,Indonesia,2020,,,,,,,3.0,,,,dormant,0.0,0.0,6.0,2011-2013
v2-rolling,Indonesia,2021,,,,,,,3.0,,,,dormant,0.0,0.0,7.0,2011-2013
v2-rolling,Indonesia,2022,,,,,,,3.0,,,,dormant,0.0,0.0,8.0,2011-2013
v2-rolling,Indonesia,2023,,,,,,,3.0,,,,dormant,0.0,0.0,9.0,2011-2013
v2-rolling,Indonesia,2024,,,,,,,3.0,,,,dormant,0.0,0.0,10.0,2011-2013
v2-rolling,Indonesia,2025,,,,,,,3.0,,,,dormant,0.0,0.0,11.0,2011-2013
v2-rolling,Indonesia,2026,,,,,,,3.0,,,,dormant,0.0,0.0,12.0,2011-2013
v2-rolling,Iraq,2020,,,,,,,6.0,,,,dormant,0.0,0.0,3.0,2011-2016
v2-rolling,Iraq,2021,,,,,,,6.0,,,,dormant,0.0,0.0,4.0,2011-2016
v2-rolling,Iraq,2022,,,,,,,6.0,,,,dormant,0.0,0.0,5.0,2011-2016
v2-rolling,Iraq,2023,,,,,,,6.0,,,,dormant,0.0,0.0,6.0,2011-2016
v2-rolling,Iraq,2024,,,,,,,6.0,,,,dormant,0.0,0.0,7.0,2011-2016
v2-rolling,Iraq,2025,,,,,,,6.0,,,,dormant,0.0,0.0,8.0,2011-2016
v2-rolling,Iraq,2026,,,,,,,6.0,,,,dormant,0.0,0.0,9.0,2011-2016
v2-rolling,Jordan,2020,,,,,,,2.0,,,,insufficient_history: only 2 baseline years (<8),9781557.0,0.0,7.0,2018-2019
v2-rolling,Jordan,2021,,,,,,,3.0,,,,insufficient_history: only 3 baseline years (<8),28708460.65,0.0,7.0,2018-2020
v2-rolling,Jordan,2022,,,,,,,4.0,,,,insufficient_history: only 4 baseline years (<8),33065654.83,0.0,7.0,2018-2021
v2-rolling,Jordan,2023,,,,,,,5.0,,,,insufficient_history: only 5 baseline years (<8),0.0,0.0,7.0,2018-2022
v2-rolling,Jordan,2024,,,,,,,5.0,,,,insufficient_history: only 5 baseline years (<8),41934345.17,0.0,8.0,2018-2022
v2-rolling,Jordan,2025,,,,,,,5.0,,,,insufficient_history: only 5 baseline years (<8),0.0,0.0,9.0,2018-2022
v2-rolling,Jordan,2026,,,,,,,5.0,,,,dormant,0.0,0.0,10.0,2018-2022
v2-rolling,Kenya,2020,0.3035517075227205,0.11834422869059924,-0.20283268825044737,0.43952114563164585,0.10705897231368221,1.7299575629164863,9.0,,,,charted,1911309871.0,0.0,0.0,2011-2019
v2-rolling,Kenya,2021,-0.2800514608143541,0.12649579966736854,-0.44597730723973195,0.6989689065744691,0.19082436896903351,-2.130478736432746,10.0,,,,charted,1438320244.0,0.0,0.0,2011-2020
v2-rolling,Kenya,2022,-0.30325110135962624,0.12599805498032113,-0.6987113772716261,0.9507074872322684,0.2749031440839824,-1.5614559730492297,10.0,,,,charted,1055140135.0,0.0,0.0,2012-2021
v2-rolling,Kenya,2023,0.09401156228782101,0.08403992555567001,-0.7621803455632945,0.9302601966746344,0.2820734237063215,0.03535120962878406,10.0,,,,charted,1161798453.0,0.0,0.0,2013-2022
v2-rolling,Kenya,2024,-0.05743217575696347,0.0719495169845967,-0.5691782678580124,0.7130773018272059,0.21370926161420303,-0.6054098533882235,10.0,,,,charted,1095342791.0,0.0,0.0,2014-2023
v2-rolling,Kenya,2025,-0.2982347864529539,-0.004160199983361788,-0.5636489252769958,0.5553285253102722,0.18649624176454466,-1.5768392096655082,10.0,,,,charted,799278941.3,0.0,0.0,2015-2024
v2-rolling,Kenya,2026,0.5207636368362408,-0.060481372258531535,-1.0097833710950892,0.8888206265780261,0.3164339996121859,1.8368601661235289,10.0,,,,charted,1381485839.0,0.0,0.0,2016-2025
v2-rolling,Kiribati,2020,,,,,,,7.0,,,,insufficient_history: only 7 baseline years (<8),1361796.25,0.0,1.0,2013-2019
v2-rolling,Kiribati,2021,0.2719034426920942,0.037119974451609104,-1.3523184645330184,1.4265584134362366,0.46314614632820916,0.5069317106529598,8.0,,,,charted,1933778.79,0.0,1.0,2013-2020
v2-rolling,Kiribati,2022,1.0521498870254788,0.1654907603366545,-1.2020910147058839,1.5330725353791927,0.4558605916808461,1.9450225416931541,9.0,,,,charted,6351157.19,0.0,1.0,2013-2021
v2-rolling,Kiribati,2023,0.2953394676662738,0.22325750634907982,-1.6604810617100587,2.1069960744082183,0.6279128560197128,0.11479612278384536,10.0,,,,charted,8672056.38,0.0,0.0,2013-2022
v2-rolling,Kiribati,2024,0.9085076402515424,0.2210407658259883,-1.2805301912169385,1.722611722868915,0.5005236523476423,1.3734952807945808,10.0,,,,charted,22154057.43,0.0,0.0,2014-2023
v2-rolling,Kiribati,2025,-0.039592490746095374,0.21849656869024717,-1.2700105053739634,1.7070036427544577,0.49616902468807017,-0.5201635865894633,10.0,,,,charted,21275862.6,0.0,0.0,2015-2024
v2-rolling,Kiribati,2026,0.8976188653724065,0.21849656869024717,-1.156019495892539,1.5930126332730332,0.45817202152759534,1.4822430545145289,10.0,,,,charted,52887212.32,0.0,0.0,2016-2025
v2-rolling,Kosovo,2020,-0.16324323194615256,-0.1298309914075522,-0.9132492108160568,0.6535872280009525,0.26113940646950157,-0.12794790717464,9.0,,,,charted,12030964.9,0.0,0.0,2011-2019
v2-rolling,Kosovo,2021,2.0177444088280714,-0.1459745246039784,-0.6816770707121641,0.38972802150420727,0.17856751536939522,12.117091560332538,10.0,beyond_limits,high,"Kosovo FY2021: year-over-year change of +652% is above the expected range -49% to +48% (learned from FY2011-2020, where a typical year was -14%); that is 12.1 robust sigmas from the typical year (limits sit at 3), so 9.1 beyond the +48% limit.",charted,94198813.57,0.0,0.0,2011-2020
v2-rolling,Kosovo,2022,-1.1089807440785682,-0.1459745246039784,-0.6816770707121641,0.38972802150420727,0.17856751536939522,-5.392953009859933,10.0,beyond_limits,high,"Kosovo FY2022: year-over-year change of -67% is below the expected range -49% to +48% (learned from FY2011-2020, where a typical year was -14%); that is 5.4 robust sigmas from the typical year (limits sit at 3), so 2.4 beyond the -49% limit. Baseline: 10 years, 1 flagged year(s) held out, 0 zero-period year(s) skipped.",charted,30694515.18,1.0,0.0,2011-2020
v2-rolling,Kosovo,2023,1.0352624127898848,-0.1459745246039784,-0.6816770707121641,0.38972802150420727,0.17856751536939522,6.615071811635432,10.0,beyond_limits,high,"Kosovo FY2023: year-over-year change of +182% is above the expected range -49% to +48% (learned from FY2011-2020, where a typical year was -14%); that is 6.6 robust sigmas from the typical year (limits sit at 3), so 3.6 beyond the +48% limit. Baseline: 10 years, 2 flagged year(s) held out, 0 zero-period year(s) skipped.",charted,87463987.48,2.0,0.0,2011-2020
v2-rolling,Kosovo,2024,-1.1850189847978914,-0.1459745246039784,-0.6816770707121641,0.38972802150420727,0.17856751536939522,-5.818776489354656,10.0,beyond_limits,high,"Kosovo FY2024: year-over-year change of -69% is below the expected range -49% to +48% (learned from FY2011-2020, where a typical year was -14%); that is 5.8 robust sigmas from the typical year (limits sit at 3), so 2.8 beyond the -49% limit. Baseline: 10 years, 3 flagged year(s) held out, 0 zero-period year(s) skipped.",charted,26346325.42,3.0,0.0,2011-2020
v2-rolling,Kosovo,2025,-0.20828910570614476,-0.1459745246039784,-0.6816770707121641,0.38972802150420727,0.17856751536939522,-0.34896930146146,10.0,,,,charted,21285521.04,4.0,0.0,2011-2020
v2-rolling,Kosovo,2026,1.75470687264569,-0.14549602954111782,-0.4858090139489002,0.19481695486666453,0.11343766146926079,16.7510761203564,10.0,beyond_limits,high,"Kosovo FY2026: year-over-year change of +478% is above the expected range -38% to +22% (learned from FY2012-2025, where a typical year was -14%); that is 16.8 robust sigmas from the typical year (limits sit at 3), so 13.8 beyond the +22% limit. Baseline: 10 years, 4 flagged year(s) held out, 0 zero-period year(s) skipped.",charted,125968171.2,4.0,0.0,2012-2025
v2-rolling,Kyrgyz Republic,2020,-0.1605949440523756,0.014774098122750356,-0.5823649008641136,0.6119130971096143,0.19904633299562133,-0.8810463349705807,9.0,,,,charted,45958788.91,0.0,0.0,2011-2019
v2-rolling,Kyrgyz Republic,2021,0.007282825910538878,-0.0055785217358335455,-0.6948683034229312,0.6837112599512641,0.22976326056236587,0.05597651954839576,10.0,,,,charted,46314620.09,0.0,0.0,2011-2020
v2-rolling,Kyrgyz Republic,2022,0.5106923459819687,-0.00933247454885169,-0.5339707607054934,0.5153058116077901,0.1748794287188806,2.9736191634452465,10.0,,,,charted,78995111.62,0.0,0.0,2012-2021
v2-rolling,Kyrgyz Republic,2023,0.6346877063384357,-0.00933247454885169,-0.5339707607054934,0.5153058116077901,0.1748794287188806,3.6826525887304475,10.0,beyond_limits,medium,"Kyrgyz Republic FY2023: year-over-year change of +89% is above the expected range -41% to +67% (learned from FY2013-2022, where a typical year was -1%); that is 3.7 robust sigmas from the typical year (limits sit at 3), so 0.7 beyond the +67% limit.",charted,151432253.5,0.0,0.0,2013-2022
v2-rolling,Kyrgyz Republic,2024,0.08982232442920215,-0.00933247454885169,-0.5339707607054934,0.5153058116077901,0.1748794287188806,0.5669894950162812,10.0,,,,charted,165919696.5,1.0,0.0,2013-2022
v2-rolling,Kyrgyz Republic,2025,-0.04014579483903757,0.03905133377956056,-0.5013455409548457,0.579448208513967,0.18013229157813543,-0.43966091767752274,10.0,,,,charted,159283521.8,0.0,0.0,2015-2024
v2-rolling,Kyrgyz Republic,2026,0.4021680549742137,0.03905133377956056,-0.3819985943462148,0.4601012619053359,0.14034997604192512,2.5872232502995476,10.0,,,,charted,239486616.1,0.0,0.0,2016-2025
v2-rolling,Lao People's Democratic Republic,2020,-0.30419471904823675,0.20751607921038867,-1.2401411406220637,1.6551732990428412,0.4825524066108175,-1.0604253367061216,9.0,,,,charted,62510019.98,0.0,0.0,2011-2019
v2-rolling,Lao People's Democratic Republic,2021,-0.0668381837937397,0.04470006853897867,-1.0647830105881526,1.15418314766611,0.3698276930423771,-0.3015951872482887,10.0,,,,charted,58279351.62,0.0,0.0,2011-2020
v2-rolling,Lao People's Democratic Republic,2022,0.3507338571852346,-0.09234941875762824,-1.2292810377167902,1.044582200201534,0.3789772063197207,1.1691554757228846,10.0,,,,charted,83992313.09,0.0,0.0,2012-2021
v2-rolling,Lao People's Democratic Republic,2023,0.21623430182725376,0.06985974865672517,-1.0509382883350895,1.1906577856485399,0.3735993456639382,0.39179552873787976,10.0,,,,charted,105021961.5,0.0,0.0,2013-2022
v2-rolling,Lao People's Democratic Republic,2024,-0.04773788885737518,0.06979867759926325,-1.0476861827589936,1.18728353795752,0.3724949534527523,-0.31553868144296054,10.0,,,,charted,99978896.9,0.0,0.0,2014-2023
v2-rolling,Lao People's Democratic Republic,2025,0.31141762558950176,0.07922553675883727,-0.9963305394294664,1.1547816129471409,0.3585186920627679,0.6476429094804723,10.0,,,,charted,137661779.2,0.0,0.0,2015-2024
v2-rolling,Lao People's Democratic Republic,2026,-0.044713231271036595,0.20771440887935497,-0.6639614625912275,1.0793902803499373,0.2905586238235275,-0.868766642781544,10.0,,,,charted,131458417.5,0.0,0.0,2016-2025
v2-rolling,Lebanon,2020,,,,,,,0.0,,,,insufficient_history: no eligible baseline years,57331266.08,0.0,2.0,
v2-rolling,Lebanon,2021,,,,,,,0.0,,,,insufficient_history: no eligible baseline years,7348455.5,0.0,3.0,
v2-rolling,Lebanon,2022,,,,,,,1.0,,,,insufficient_history: only 1 baseline years (<8),0.0,0.0,3.0,2021-2021
v2-rolling,Lebanon,2023,,,,,,,1.0,,,,dormant,0.0,0.0,4.0,2021-2021
v2-rolling,Lebanon,2024,,,,,,,1.0,,,,insufficient_history: only 1 baseline years (<8),9544600.84,0.0,5.0,2021-2021
v2-rolling,Lebanon,2025,,,,,,,1.0,,,,insufficient_history: only 1 baseline years (<8),0.0,0.0,6.0,2021-2021
v2-rolling,Lebanon,2026,,,,,,,1.0,,,,dormant,0.0,0.0,7.0,2021-2021
v2-rolling,Lesotho,2020,0.36180348214393293,0.11875721402783773,-2.140934125198497,2.3784485532541724,0.7532304464087782,0.3226718586255792,9.0,,,,charted,45694162.86,0.0,0.0,2011-2019
v2-rolling,Lesotho,2021,-0.24876998901853825,0.23979309647665395,-2.2193404526329554,2.6989266455862633,0.8197111830365365,-0.5960185680099668,10.0,,,,charted,35349417.42,0.0,0.0,2011-2020
v2-rolling,Lesotho,2022,0.219930563586415,-0.05946327370964867,-2.2132400520492643,2.094313504629967,0.7179255927798719,0.38916823707903464,10.0,,,,charted,44431912.98,0.0,0.0,2012-2021
v2-rolling,Lesotho,2023,0.06740134294341664,0.16840465781616742,-1.5531888189487724,1.8899981345811074,0.5738644922549799,-0.17600551390775526,10.0,,,,charted,47639576.24,0.0,0.0,2013-2022
v2-rolling,Lesotho,2024,0.10655725351831513,0.16739617275315985,-1.3575417430151624,1.6923340885214821,0.5083126385894408,-0.11968799242071124,10.0,,,,charted,53194984.45,0.0,0.0,2014-2023
v2-rolling,Lesotho,2025,0.3412302881930583,0.11056264372760032,-1.1978895527689755,1.4190148402241762,0.43615073216552525,0.5288713911362102,10.0,,,,charted,75624304.08,0.0,0.0,2015-2024
v2-rolling,Lesotho,2026,-0.004610075418874028,0.16614848126861187,-0.6414413932943952,0.973738355831619,0.2691966248543357,-0.6343265142342874,10.0,,,,charted,75267218.96,0.0,0.0,2016-2025
v2-rolling,Liberia,2020,0.2721182828623969,0.0361600948639303,-1.4398812190513455,1.512201408779206,0.4920137713050919,0.47957638944246495,9.0,,,,charted,134637493.3,0.0,0.0,2011-2019
v2-rolling,Liberia,2021,-0.32540990282781057,0.03658555902621011,-1.2156950281584489,1.288866146210869,0.41742686239488636,-0.8672069156669953,10.0,,,,charted,96054066.73,0.0,0.0,2011-2020
v2-rolling,Liberia,2022,0.393251528220268,-0.034190626189329554,-1.252775890360446,1.1843946379817871,0.40619508805703886,1.052307541320084,10.0,,,,charted,144466999.1,0.0,0.0,2012-2021
v2-rolling,Liberia,2023,-0.0071117956580856335,0.03626315680839335,-1.478964550702094,1.5514908643188807,0.5050759025034958,-0.08587808733595001,10.0,,,,charted,143409189.4,0.0,0.0,2013-2022
v2-rolling,Liberia,2024,0.26496528315525136,0.03609610465766079,-1.2714153619993067,1.3436075713146285,0.43583715555232255,0.5251254409632697,10.0,,,,charted,188459986.4,0.0,0.0,2014-2023
v2-rolling,Liberia,2025,-0.07663574523370693,0.0818194798347516,-1.0048978087897276,1.1685367684592307,0.3622390962081597,-0.4374326977047301,10.0,,,,charted,174073525.9,0.0,0.0,2015-2024
v2-rolling,Liberia,2026,-0.33668075862579533,0.013980658847415629,-1.0976010265148939,1.1255623442097251,0.3705272284541032,-0.9463850171989371,10.0,,,,charted,122387912.9,0.0,0.0,2016-2025
v2-rolling,MIGA,2020,,,,,,,0.0,,,,dormant,0.0,0.0,0.0,
v2-rolling,MIGA,2021,,,,,,,0.0,,,,dormant,0.0,0.0,1.0,
v2-rolling,MIGA,2022,,,,,,,0.0,,,,dormant,0.0,0.0,2.0,
v2-rolling,MIGA,2023,,,,,,,0.0,,,,dormant,0.0,0.0,3.0,
v2-rolling,MIGA,2024,,,,,,,0.0,,,,dormant,0.0,0.0,4.0,
v2-rolling,MIGA,2025,,,,,,,0.0,,,,dormant,0.0,0.0,5.0,
v2-rolling,MIGA,2026,,,,,,,0.0,,,,dormant,0.0,0.0,6.0,
v2-rolling,Madagascar,2020,0.7598637680638938,0.17977757059134222,-0.4772648443824381,0.8368199855651226,0.21901413832459343,2.648624430870419,9.0,,,,charted,355473589.7,0.0,0.0,2011-2019
v2-rolling,Madagascar,2021,-0.08019199022363072,0.197648636914978,-0.5823909916748959,0.977688265504852,0.260013209529958,-1.0685635073728694,10.0,,,,charted,327627821.3,0.0,0.0,2011-2020
v2-rolling,Madagascar,2022,0.06900301902881852,0.16471900556141944,-0.7183081631693509,1.0477461742921896,0.29434238957692344,-0.3251858716992121,10.0,,,,charted,351476670.8,0.0,0.0,2012-2021
v2-rolling,Madagascar,2023,0.2467186402837076,0.16135170806261412,-0.43422678935130243,0.7569302054765307,0.19852616580463886,0.4300034299010209,10.0,,,,charted,452003948.3,0.0,0.0,2013-2022
v2-rolling,Madagascar,2024,0.32877863130845475,0.19349710744120077,-0.40033449037784463,0.7873287052602461,0.19794386593968177,0.6834337766671562,10.0,,,,charted,631138639.2,0.0,0.0,2014-2023
v2-rolling,Madagascar,2025,-0.2509535555711776,0.22646797723369938,-0.49263304560818344,0.9455690000755822,0.23970034094729425,-1.9917432362345004,10.0,,,,charted,488446100.3,0.0,0.0,2015-2024
v2-rolling,Madagascar,2026,0.43490820288855525,0.13474410086664956,-0.7585829644407799,1.0280711661740791,0.2977756884358098,1.008020848171461,10.0,,,,charted,763486841.3,0.0,0.0,2016-2025
v2-rolling,Malawi,2020,-0.35887031978598766,-0.07966444616227368,-1.7163896556453813,1.5570607633208338,0.5455750698277025,-0.5117643548336798,9.0,,,,charted,127777782.8,0.0,0.0,2011-2019
v2-rolling,Malawi,2021,0.4261005088054102,-0.11427678190944557,-1.7610672121964668,1.5325136483775759,0.5489301434290071,0.9844190507361754,10.0,,,,charted,199917041.9,0.0,0.0,2011-2020
v2-rolling,Malawi,2022,0.5082869112808629,0.09210179389322604,-1.33587636127087,1.520079949057322,0.475992718388032,0.8743518573079523,10.0,,,,charted,338152502.2,0.0,0.0,2012-2021
v2-rolling,Malawi,2023,0.36259856523637823,0.10384579856347834,-1.5023975476434808,1.7100891447704376,0.535414448735653,0.48327565175711645,10.0,,,,charted,490021933.3,0.0,0.0,2013-2022
v2-rolling,Malawi,2024,0.2481983806019632,0.10350748595052266,-1.2594859283542377,1.4665009002552831,0.4543311381015868,0.3184701256797595,10.0,,,,charted,630884030.8,0.0,0.0,2014-2023
v2-rolling,Malawi,2025,-0.20704267257029055,0.2671677356635527,-0.6061160107027888,1.140451482029894,0.2910945821221138,-1.62905954750787,10.0,,,,charted,511029852.0,0.0,0.0,2015-2024
v2-rolling,Malawi,2026,-0.3358580090213471,0.26637468822112426,-0.6017697676652984,1.134519144107547,0.28938148529547425,-2.081103069284336,10.0,,,,charted,362139406.4,0.0,0.0,2016-2025
v2-rolling,Maldives,2020,2.053353145565148,-0.24328062878948226,-2.300915960168685,1.8143547025897204,0.6858784437930675,3.3484559766213247,9.0,beyond_limits,medium,"Maldives FY2020: year-over-year change of +679% is above the expected range -90% to +514% (learned from FY2011-2019, where a typical year was -22%); that is 3.3 robust sigmas from the typical year (limits sit at 3), so 0.3 beyond the +514% limit.",charted,39682817.75,0.0,0.0,2011-2019
v2-rolling,Maldives,2021,-0.011053662977907561,-0.24328062878948226,-2.300915960168685,1.8143547025897204,0.6858784437930675,0.3385832692558546,9.0,,,,charted,39243277.38,1.0,0.0,2011-2019
v2-rolling,Maldives,2022,-0.8466189531819562,-0.06467610651545999,-2.493349950024707,2.3639977369937872,0.8095579478364158,-0.9658886664707298,10.0,,,,charted,16647005.79,0.0,0.0,2012-2021
v2-rolling,Maldives,2023,-0.2637856286497077,-0.06467610651545999,-2.493349950024707,2.3639977369937872,0.8095579478364158,-0.24594844960311726,10.0,,,,charted,12712924.0,0.0,0.0,2013-2022
v2-rolling,Maldives,2024,0.31328282520735046,-0.17817935478261324,-2.066436173323359,1.7100774637581329,0.629418939513582,0.7808188618692791,10.0,,,,charted,17541963.91,0.0,0.0,2014-2023
v2-rolling,Maldives,2025,-0.7114153365494504,-0.17640966689503218,-2.0388479390477867,1.6860286052577225,0.6208127573842516,-0.8617826603767373,10.0,,,,charted,8365256.95,0.0,0.0,2015-2024
v2-rolling,Maldives,2026,1.7033948231287033,-0.1880963481435191,-2.3290002989699836,1.9528076026829453,0.7136346502754882,2.6505035462362145,10.0,,,,charted,48126116.85,0.0,0.0,2016-2025
v2-rolling,Mali,2020,0.5990733586524836,-0.08263330695641445,-0.6786706490099309,0.513404035097102,0.1986791140178388,3.43119441104257,9.0,beyond_limits,medium,"Mali FY2020: year-over-year change of +82% is above the expected range -49% to +67% (learned from FY2011-2019, where a typical year was -8%); that is 3.4 robust sigmas from the typical year (limits sit at 3), so 0.4 beyond the +67% limit.",charted,420931189.5,0.0,0.0,2011-2019
v2-rolling,Mali,2021,-0.635546666948256,-0.08263330695641445,-0.6786706490099309,0.513404035097102,0.1986791140178388,-2.7829465755630314,9.0,,,,charted,219171653.6,1.0,0.0,2011-2019
v2-rolling,Mali,2022,-0.45995091351647527,-0.09964524785467924,-1.364750330172866,1.1654598344635076,0.4217016941060623,-0.854408864601752,10.0,,,,charted,135372339.5,0.0,0.0,2012-2021
v2-rolling,Mali,2023,0.7209422279116497,-0.09964524785467924,-1.6960874293996675,1.496796933690309,0.5321473938483294,1.5420304322681877,10.0,,,,charted,286953917.8,0.0,0.0,2013-2022
v2-rolling,Mali,2024,-0.12434862752632396,0.10340809184886662,-1.901626330156366,2.1084425138540994,0.6683448073350776,-0.3407772707673687,10.0,,,,charted,252210395.6,0.0,0.0,2014-2023
v2-rolling,Mali,2025,0.06939485344991105,-0.08558819743447361,-1.7247487508138235,1.5535723559448762,0.5463868511264499,0.28365076971538805,10.0,,,,charted,271121548.1,0.0,0.0,2015-2024
v2-rolling,Mali,2026,0.17954897029124847,-0.08545416018520095,-1.3863513580400482,1.2154430376696461,0.43363239928494907,0.6111239172013764,10.0,,,,charted,326683356.7,0.0,0.0,2016-2025
v2-rolling,Marshall Islands,2020,,,,,,,3.0,,,,insufficient_history: only 3 baseline years (<8),8814230.26,0.0,1.0,2017-2019
v2-rolling,Marshall Islands,2021,,,,,,,4.0,,,,insufficient_history: only 4 baseline years (<8),9663384.91,0.0,1.0,2017-2020
v2-rolling,Marshall Islands,2022,,,,,,,5.0,,,,insufficient_history: only 5 baseline years (<8),8115347.74,0.0,1.0,2017-2021
v2-rolling,Marshall Islands,2023,,,,,,,6.0,,,,insufficient_history: only 6 baseline years (<8),18343029.21,0.0,1.0,2017-2022
v2-rolling,Marshall Islands,2024,,,,,,,7.0,,,,insufficient_history: only 7 baseline years (<8),25273826.56,0.0,1.0,2017-2023
v2-rolling,Marshall Islands,2025,0.7277335088415313,0.39747034104881684,-1.1603284949670094,1.9552691770646433,0.5192662786719421,0.6360189008178702,8.0,,,,charted,52760821.76,0.0,1.0,2017-2024
v2-rolling,Marshall Islands,2026,0.23676592655891757,0.4774606723583463,-0.9013787039255161,1.8563000486422088,0.4596131254279542,-0.5236898871748136,9.0,,,,charted,66968650.04,0.0,1.0,2017-2025
v2-rolling,Mauritania,2020,0.9080437492028611,-0.14619289631739796,-1.0929440438014753,0.8005582511666793,0.31558371582802575,3.340592662565501,9.0,beyond_limits,medium,"Mauritania FY2020: year-over-year change of +148% is above the expected range -66% to +123% (learned from FY2011-2019, where a typical year was -14%); that is 3.3 robust sigmas from the typical year (limits sit at 3), so 0.3 beyond the +123% limit.",charted,105278107.1,0.0,0.0,2011-2019
v2-rolling,Mauritania,2021,0.43802171551263336,-0.14619289631739796,-1.0929440438014753,0.8005582511666793,0.31558371582802575,1.8512191299135135,9.0,,,,charted,164199868.5,1.0,0.0,2011-2019
v2-rolling,Mauritania,2022,-0.2569036200488157,0.05991298695155013,-1.6257183787073652,1.7455443526104657,0.5618771218863051,-0.5638539008969885,10.0,,,,charted,126548329.4,0.0,0.0,2012-2021
v2-rolling,Mauritania,2023,-0.009887819630931024,-0.04602435574711697,-1.7271405112084242,1.6350917997141903,0.5603720518204357,0.06448668522777337,10.0,,,,charted,125282884.3,0.0,0.0,2013-2022
v2-rolling,Mauritania,2024,-0.029583960289666866,0.021384586793976434,-1.4541052718484675,1.4968744454364202,0.4918299528808146,-0.10363042507904055,10.0,,,,charted,121551434.1,0.0,0.0,2014-2023
v2-rolling,Mauritania,2025,0.16414623931027794,0.021321464292129035,-1.446047825953234,1.4886907545374921,0.48912309674845433,0.29200169848368596,10.0,,,,charted,143747861.0,0.0,0.0,2015-2024
v2-rolling,Mauritania,2026,0.2100974313589603,0.10585846896379952,-1.381613462143359,1.593330400070958,0.4958239770357195,0.21023380720382415,10.0,,,,charted,178586553.4,0.0,0.0,2016-2025
v2-rolling,Mauritius,2020,,,,,,,0.0,,,,dormant,0.0,0.0,9.0,
v2-rolling,Mauritius,2021,,,,,,,0.0,,,,dormant,0.0,0.0,10.0,
v2-rolling,Mauritius,2022,,,,,,,0.0,,,,dormant,0.0,0.0,11.0,
v2-rolling,Mauritius,2023,,,,,,,0.0,,,,dormant,0.0,0.0,12.0,
v2-rolling,Mauritius,2024,,,,,,,0.0,,,,dormant,0.0,0.0,13.0,
v2-rolling,Mauritius,2026,,,,,,,0.0,,,,no_prior_year,0.0,0.0,14.0,
v2-rolling,Mekong,2020,,,,,,,6.0,,,,insufficient_history: only 6 baseline years (<8),689.62,0.0,1.0,2014-2019
v2-rolling,"Micronesia, Federated States of",2020,,,,,,,4.0,,,,insufficient_history: only 4 baseline years (<8),15902095.56,0.0,1.0,2016-2019
v2-rolling,"Micronesia, Federated States of",2021,,,,,,,5.0,,,,insufficient_history: only 5 baseline years (<8),8006933.54,0.0,1.0,2016-2020
v2-rolling,"Micronesia, Federated States of",2022,,,,,,,6.0,,,,insufficient_history: only 6 baseline years (<8),9810770.97,0.0,1.0,2016-2021
v2-rolling,"Micronesia, Federated States of",2023,,,,,,,7.0,,,,insufficient_history: only 7 baseline years (<8),8310021.5,0.0,1.0,2016-2022
v2-rolling,"Micronesia, Federated States of",2024,0.4580610224115838,0.017650765343517366,-1.601543232861413,1.6368447635484478,0.5397313327349768,0.8159805265267419,8.0,,,,charted,13386919.68,0.0,1.0,2016-2023
v2-rolling,"Micronesia, Federated States of",2025,0.8611163972574547,0.19314777621723453,-1.5770971634690125,1.9633927159034814,0.5900816465620823,1.1319935553527565,9.0,,,,charted,32298120.32,0.0,1.0,2016-2024
v2-rolling,"Micronesia, Federated States of",2026,0.3185141438484258,0.20965131284375776,-2.1572919271396214,2.5765945528271366,0.7889810799944597,0.13797901339463362,10.0,,,,charted,44596591.15,0.0,0.0,2016-2025
v2-rolling,"Mid East,NorthAfrica, Afghan, Pakistan",2026,,,,,,,0.0,,,,no_prior_year,1802160.37,0.0,0.0,
v2-rolling,Middle East and North Africa,2022,,,,,,,0.0,,,,no_prior_year,0.0,0.0,0.0,
v2-rolling,Middle East and North Africa,2023,,,,,,,0.0,,,,insufficient_history: no eligible baseline years,428762.33,0.0,0.0,
v2-rolling,Middle East and North Africa,2024,,,,,,,0.0,,,,insufficient_history: no eligible baseline years,468074.11,0.0,1.0,
v2-rolling,Middle East and North Africa,2025,,,,,,,1.0,,,,insufficient_history: only 1 baseline years (<8),973058.35,0.0,1.0,2024-2024
v2-rolling,Moldova,2020,-0.5670431537965711,-0.17140388894867362,-2.995336101831954,2.652528323934607,0.9413107376277602,-0.4203067584727291,9.0,,,,charted,23082432.5,0.0,0.0,2011-2019
v2-rolling,Moldova,2021,1.3456351728261942,-0.18359869295712233,-2.5750504825023435,2.207853096588099,0.7971505965150738,1.9183751131451348,10.0,,,,charted,94671254.32,0.0,0.0,2011-2020
v2-rolling,Moldova,2022,-0.7452290751123644,-0.18290287335992345,-2.5589743285415816,2.193168581821735,0.792023818393886,-0.709986478554092,10.0,,,,charted,43717410.7,0.0,0.0,2012-2021
v2-rolling,Moldova,2023,1.0975824074885696,-0.18336091406044064,-2.823694730835509,2.456972902714628,0.8801112722583562,1.455433377488875,10.0,,,,charted,135382221.4,0.0,0.0,2013-2022
v2-rolling,Moldova,2024,-0.8081235031900494,-0.18336091406044064,-3.835525881515027,3.4688040533941455,1.217388322484862,-0.5131990980941725,10.0,,,,charted,59127351.0,0.0,0.0,2014-2023
v2-rolling,Moldova,2025,-0.1624555514473712,-0.38140470367121393,-3.154596784717731,2.391787377375303,0.924397360348839,0.23685609848692998,10.0,,,,charted,49933670.9,0.0,0.0,2015-2024
v2-rolling,Moldova,2026,0.7351816729029717,-0.17884495484570584,-2.975863801148948,2.6181738914575363,0.9323396154344141,0.9803580290029789,10.0,,,,charted,106528243.2,0.0,0.0,2016-2025
v2-rolling,Mongolia,2020,2.1072552095416515,-0.1513241970695434,-1.5858674417651613,1.2832190476260745,0.47818108156520595,4.72327219474744,9.0,beyond_limits,medium,"Mongolia FY2020: year-over-year change of +723% is above the expected range -80% to +261% (learned from FY2011-2019, where a typical year was -14%); that is 4.7 robust sigmas from the typical year (limits sit at 3), so 1.7 beyond the +261% limit.",charted,116661280.6,0.0,0.0,2011-2019
v2-rolling,Mongolia,2021,-0.43783659597961877,-0.1513241970695434,-1.5858674417651613,1.2832190476260745,0.47818108156520595,-0.599171338966922,9.0,,,,charted,74937268.54,1.0,0.0,2011-2019
v2-rolling,Mongolia,2022,-0.017897380453891817,-0.19138162312199547,-1.8010072861276312,1.4182440398836405,0.5365418876685453,0.32333774241178254,10.0,,,,charted,73586915.25,0.0,0.0,2012-2021
v2-rolling,Mongolia,2023,-0.56711542932267,-0.10291306053941783,-1.6614081792236381,1.4555820581448027,0.5194983728947401,-0.8935588502359142,10.0,,,,charted,41220539.39,0.0,0.0,2013-2022
v2-rolling,Mongolia,2024,0.0304859133909433,-0.10291306053941783,-1.9152464821532427,1.7094203610744072,0.6041111405379417,0.2208185960808033,10.0,,,,charted,42533363.77,0.0,0.0,2014-2023
v2-rolling,Mongolia,2025,-0.691435510676911,-0.0456947581931349,-1.7345955883280715,1.6432060719418018,0.5629669433783122,-1.147031384487242,10.0,,,,charted,20274366.52,0.0,0.0,2015-2024
v2-rolling,Mongolia,2026,-0.19411529364746088,-0.06891035107186279,-2.0365981341503168,1.898777432006591,0.6558959276928179,-0.1908914772744809,10.0,,,,charted,16333575.52,0.0,0.0,2016-2025
v2-rolling,Montenegro,2020,,,,,,,4.0,,,,dormant,0.0,0.0,5.0,2011-2014
v2-rolling,Montenegro,2021,,,,,,,4.0,,,,dormant,0.0,0.0,6.0,2011-2014
v2-rolling,Montenegro,2022,,,,,,,4.0,,,,dormant,0.0,0.0,7.0,2011-2014
v2-rolling,Montenegro,2023,,,,,,,4.0,,,,dormant,0.0,0.0,8.0,2011-2014
v2-rolling,Montenegro,2024,,,,,,,4.0,,,,dormant,0.0,0.0,9.0,2011-2014
v2-rolling,Montenegro,2025,,,,,,,4.0,,,,dormant,0.0,0.0,10.0,2011-2014
v2-rolling,Montenegro,2026,,,,,,,4.0,,,,dormant,0.0,0.0,11.0,2011-2014
v2-rolling,Morocco,2020,,,,,,,0.0,,,,dormant,0.0,0.0,9.0,
v2-rolling,Morocco,2021,,,,,,,0.0,,,,dormant,0.0,0.0,10.0,
v2-rolling,Morocco,2022,,,,,,,0.0,,,,dormant,0.0,0.0,11.0,
v2-rolling,Morocco,2023,,,,,,,0.0,,,,dormant,0.0,0.0,12.0,
v2-rolling,Morocco,2024,,,,,,,0.0,,,,dormant,0.0,0.0,13.0,
v2-rolling,Morocco,2025,,,,,,,0.0,,,,dormant,0.0,0.0,14.0,
v2-rolling,Mozambique,2020,0.202016086950482,0.024700506103957243,-0.6574832475552126,0.7068842597631271,0.2273945845530566,0.779770464609076,9.0,,,,charted,340989915.4,0.0,0.0,2011-2019
v2-rolling,Mozambique,2021,0.4306565230480089,0.057070546895442956,-0.6780683584271979,0.7922094522180839,0.24504630177421363,1.5245525986219093,10.0,,,,charted,531212472.7,0.0,0.0,2011-2020
v2-rolling,Mozambique,2022,0.08206014014685441,0.10329122300767278,-0.621312240137764,0.8278946861531096,0.2415344877151456,-0.08790083379669289,10.0,,,,charted,577824096.1,0.0,0.0,2012-2021
v2-rolling,Mozambique,2023,0.4817534791649068,0.0846908769633326,-0.3309685621082444,0.5003503160349096,0.13855314635719232,2.8657783142501883,10.0,,,,charted,945997692.1,0.0,0.0,2013-2022
v2-rolling,Mozambique,2024,0.21929528437776455,0.10180180296644009,-0.3130923142733774,0.5166959202062575,0.13829803907993918,0.8495672259200345,10.0,,,,charted,1182280745.0,0.0,0.0,2014-2023
v2-rolling,Mozambique,2025,-0.43442691167060826,0.10162677919233101,-0.31267813658925414,0.5159316949739161,0.1381016385938617,-3.8815882006976103,10.0,beyond_limits,medium,"Mozambique FY2025: year-over-year change of -35% is below the expected range -27% to +68% (learned from FY2015-2024, where a typical year was +11%); that is 3.9 robust sigmas from the typical year (limits sit at 3), so 0.9 beyond the -27% limit.",charted,759310454.0,0.0,0.0,2015-2024
v2-rolling,Mozambique,2026,0.2184513986596804,0.10162677919233101,-0.31267813658925414,0.5159316949739161,0.1381016385938617,0.8459321747145582,10.0,,,,charted,949113384.8,1.0,0.0,2015-2024
v2-rolling,Myanmar,2020,,,,,,,6.0,,,,insufficient_history: only 6 baseline years (<8),195518325.3,0.0,0.0,2014-2019
v2-rolling,Myanmar,2021,,,,,,,7.0,,,,insufficient_history: only 7 baseline years (<8),234288336.2,0.0,0.0,2014-2020
v2-rolling,Myanmar,2022,-1.541122499556304,0.14247229856622365,-0.9760321402822021,1.2609767374146494,0.37283481294947524,-4.515658784124003,8.0,beyond_limits,medium,"Myanmar FY2022: year-over-year change of -79% is below the expected range -62% to +253% (learned from FY2014-2021, where a typical year was +15%); that is 4.5 robust sigmas from the typical year (limits sit at 3), so 1.5 beyond the -62% limit.",charted,42488147.67,0.0,0.0,2014-2021
v2-rolling,Myanmar,2023,-1.6763871838178888,0.14247229856622365,-0.9760321402822021,1.2609767374146494,0.37283481294947524,-4.878459358436025,8.0,beyond_limits,medium,"Myanmar FY2023: year-over-year change of -81% is below the expected range -62% to +253% (learned from FY2014-2021, where a typical year was +15%); that is 4.9 robust sigmas from the typical year (limits sit at 3), so 1.9 beyond the -62% limit. Baseline: 8 years, 1 flagged year(s) held out, 0 zero-period year(s) skipped.",charted,-18997029.65,1.0,0.0,2014-2021
v2-rolling,Myanmar,2024,,,,,,,9.0,,,,dormant,-9961769.09,0.0,1.0,2014-2022
v2-rolling,Myanmar,2025,,,,,,,9.0,,,,dormant,-5348463.35,0.0,2.0,2014-2022
v2-rolling,Myanmar,2026,1.705075943858754,0.11214895534799568,-1.0724027384141035,1.296700649110095,0.39485056458736645,4.034252781619867,9.0,beyond_limits,medium,"Myanmar FY2026: year-over-year change of +450% is above the expected range -66% to +266% (learned from FY2014-2022, where a typical year was +12%); that is 4.0 robust sigmas from the typical year (limits sit at 3), so 1.0 beyond the +266% limit. Baseline: 9 years, 0 flagged year(s) held out, 3 zero-period year(s) skipped.",charted,42452694.53,0.0,3.0,2014-2022
v2-rolling,Nepal,2020,-0.12450466547260725,0.13086756663396099,-0.8277851089759121,1.089520242243834,0.31955089186995767,-0.7991598164917432,9.0,,,,charted,448392325.6,0.0,0.0,2011-2019
v2-rolling,Nepal,2021,0.5883197107340551,0.1196447087621323,-0.8943042256571686,1.1335936431814333,0.33798297813976697,1.386682265927932,10.0,,,,charted,817632928.0,0.0,0.0,2011-2020
v2-rolling,Nepal,2022,-0.5687012021718925,0.11922904900066619,-0.8898847808486556,1.128342878849988,0.3363712766164406,-2.0451515899111556,10.0,,,,charted,456961240.3,0.0,0.0,2012-2021
v2-rolling,Nepal,2023,-0.2138927003269721,0.11858670246731602,-0.8830802206698672,1.1202536256044993,0.33388897437906107,-0.9957783224576542,10.0,,,,charted,365897638.3,0.0,0.0,2013-2022
v2-rolling,Nepal,2024,-0.2922907860832592,0.11784960933153196,-0.9143441228992415,1.1500433415623055,0.3440645774102578,-1.192044814673687,10.0,,,,charted,268524588.7,0.0,0.0,2014-2023
v2-rolling,Nepal,2025,0.6279973944804216,-0.007823978895481705,-1.1773549549398463,1.161706997148883,0.3898436586814549,1.6309650271762897,10.0,,,,charted,519162995.9,0.0,0.0,2015-2024
v2-rolling,Nepal,2026,-0.872655399170689,0.11658315287239568,-1.1417233000093638,1.3748896057541553,0.41943548429391986,-2.358499910202816,10.0,,,,charted,203875555.6,0.0,0.0,2016-2025
v2-rolling,Nicaragua,2020,0.08890656222475143,-0.09726132302810155,-1.1508365161706138,0.9563138701144106,0.351191731047504,0.5301032706481092,9.0,,,,charted,78417903.15,0.0,0.0,2011-2019
v2-rolling,Nicaragua,2021,0.21914658660906958,-0.004171036097931367,-0.8497088890789767,0.841366816883114,0.28184595099368176,0.7923392971219485,10.0,,,,charted,98415463.67,0.0,0.0,2011-2020
v2-rolling,Nicaragua,2022,0.0655008765234331,0.11608601431890386,-0.9797344674148346,1.2119064960526424,0.36527349391124614,-0.1384856515424081,10.0,,,,charted,105310012.6,0.0,0.0,2012-2021
v2-rolling,Nicaragua,2023,-0.4810872571220335,0.07693634581795615,-0.8096121145806694,0.9634848062165817,0.2955161534662085,-1.8883015239429142,10.0,,,,charted,63754021.0,0.0,0.0,2013-2022
v2-rolling,Nicaragua,2024,0.2119014368834528,0.07693634581795615,-0.8096121145806694,0.9634848062165817,0.2955161534662085,0.4567096907646016,10.0,,,,charted,79629355.35,0.0,0.0,2014-2023
v2-rolling,Nicaragua,2025,-0.9215568206719748,0.07687746233018086,-0.6234151599601414,0.7771700846205032,0.2334308740967741,-4.277216057496456,10.0,beyond_limits,medium,"Nicaragua FY2025: year-over-year change of -60% is below the expected range -46% to +118% (learned from FY2015-2024, where a typical year was +8%); that is 4.3 robust sigmas from the typical year (limits sit at 3), so 1.3 beyond the -46% limit.",charted,29532379.97,0.0,0.0,2015-2024
v2-rolling,Nicaragua,2026,-2.225974134687888,0.07687746233018086,-0.6234151599601414,0.7771700846205032,0.2334308740967741,-9.865240002757172,10.0,beyond_limits,high,"Nicaragua FY2026: year-over-year change of -89% is below the expected range -46% to +118% (learned from FY2015-2024, where a typical year was +8%); that is 9.9 robust sigmas from the typical year (limits sit at 3), so 6.9 beyond the -46% limit. Baseline: 10 years, 1 flagged year(s) held out, 0 zero-period year(s) skipped.",charted,-11139664.39,1.0,0.0,2015-2024
v2-rolling,Niger,2020,0.6760812837794478,0.04417281312167401,-1.1358906253252328,1.224236251568581,0.3933544794823023,1.6064605937357945,9.0,,,,charted,519570899.2,0.0,0.0,2011-2019
v2-rolling,Niger,2021,0.06105831483200252,0.12201492579613639,-1.033108486480763,1.277138338073036,0.3850411374256332,-0.15831194394367024,10.0,,,,charted,552802748.6,0.0,0.0,2011-2020
v2-rolling,Niger,2022,-0.012684042577518807,0.12970985149096145,-0.9165908171849236,1.1760105201668465,0.3487668895586284,-0.40827813170190164,10.0,,,,charted,545711408.8,0.0,0.0,2012-2021
v2-rolling,Niger,2023,0.3546362255618086,0.05198606695520582,-0.610877577011123,0.7148497109215346,0.22095454798877626,1.3697394389998092,10.0,,,,charted,782326976.2,0.0,0.0,2013-2022
v2-rolling,Niger,2024,-1.5950218512884429,0.12790811002391975,-0.7282183245986315,0.984034544646471,0.2853754782075171,-6.037414188963692,10.0,beyond_limits,high,"Niger FY2024: year-over-year change of -80% is below the expected range -52% to +168% (learned from FY2014-2023, where a typical year was +14%); that is 6.0 robust sigmas from the typical year (limits sit at 3), so 3.0 beyond the -52% limit.",charted,148350553.1,0.0,0.0,2014-2023
v2-rolling,Niger,2025,1.3679218106370472,0.12790811002391975,-0.7282183245986315,0.984034544646471,0.2853754782075171,4.345200605188033,10.0,beyond_limits,medium,"Niger FY2025: year-over-year change of +293% is above the expected range -52% to +168% (learned from FY2014-2023, where a typical year was +14%); that is 4.3 robust sigmas from the typical year (limits sit at 3), so 1.3 beyond the +168% limit. Baseline: 10 years, 1 flagged year(s) held out, 0 zero-period year(s) skipped.",charted,620742935.8,1.0,0.0,2014-2023
v2-rolling,Niger,2026,0.17554216588755758,0.12790811002391975,-0.7282183245986315,0.984034544646471,0.2853754782075171,0.16691713024130153,10.0,,,,charted,742359199.8,2.0,0.0,2014-2023
v2-rolling,Nigeria,2020,-0.18743295789053235,-0.02839727474470185,-0.7119207428865423,0.6551261933971385,0.22784115604728014,-0.6980112193287346,9.0,,,,charted,989880048.7,0.0,0.0,2011-2019
v2-rolling,Nigeria,2021,0.32820220511276244,-0.031267796824767775,-0.7133676476195779,0.6508320539700424,0.22736661693160337,1.5810148683597922,10.0,,,,charted,1390573158.0,0.0,0.0,2011-2020
v2-rolling,Nigeria,2022,0.43293041569244617,-0.02272369460608295,-0.7428260032491593,0.6973786140369934,0.24003410288102545,1.89828905488641,10.0,,,,charted,2166472224.0,0.0,0.0,2012-2021
v2-rolling,Nigeria,2023,-0.16494566955091236,-0.02260023450144854,-0.7386524705193925,0.6934520015164954,0.23868407867264801,-0.596375911795477,10.0,,,,charted,1829965033.0,0.0,0.0,2013-2022
v2-rolling,Nigeria,2024,0.4335300295584479,-0.02257941058778955,-0.7033170963076913,0.6581582751321122,0.22691256190663392,2.0100669452311304,10.0,,,,charted,2848772371.0,0.0,0.0,2014-2023
v2-rolling,Nigeria,2025,-0.667435565123591,-0.022526236163595878,-0.702334920794419,0.6572824484672273,0.22660289487694105,-2.845988923973013,10.0,,,,charted,1437381873.0,0.0,0.0,2015-2024
v2-rolling,Nigeria,2026,0.19414612184294786,-0.03059768992433657,-1.1593674060254657,1.0981720261767927,0.3762565720337097,0.5973153121353295,10.0,,,,charted,1758257037.0,0.0,0.0,2016-2025
v2-rolling,North Macedonia,2020,,,,,,,0.0,,,,dormant,0.0,0.0,9.0,
v2-rolling,North Macedonia,2021,,,,,,,0.0,,,,dormant,0.0,0.0,10.0,
v2-rolling,North Macedonia,2022,,,,,,,0.0,,,,dormant,0.0,0.0,11.0,
v2-rolling,North Macedonia,2023,,,,,,,0.0,,,,dormant,0.0,0.0,12.0,
v2-rolling,North Macedonia,2024,,,,,,,0.0,,,,dormant,0.0,0.0,13.0,
v2-rolling,North Macedonia,2025,,,,,,,0.0,,,,dormant,0.0,0.0,14.0,
v2-rolling,North Macedonia,2026,,,,,,,0.0,,,,dormant,0.0,0.0,15.0,
v2-rolling,OECS Countries,2022,,,,,,,0.0,,,,no_prior_year,0.0,0.0,0.0,
v2-rolling,OECS Countries,2023,,,,,,,0.0,,,,insufficient_history: no eligible baseline years,1987242.01,0.0,0.0,
v2-rolling,OECS Countries,2024,,,,,,,0.0,,,,insufficient_history: no eligible baseline years,778531.59,0.0,1.0,
v2-rolling,OECS Countries,2025,,,,,,,1.0,,,,insufficient_history: only 1 baseline years (<8),251014.0,0.0,1.0,2024-2024
v2-rolling,OECS Countries,2026,,,,,,,2.0,,,,insufficient_history: only 2 baseline years (<8),2333503.37,0.0,1.0,2024-2025
v2-rolling,Pacific 1,2026,,,,,,,0.0,,,,no_prior_year,686450.0,0.0,0.0,
v2-rolling,Pacific Islands,2020,,,,,,,5.0,,,,insufficient_history: only 5 baseline years (<8),2661394.99,0.0,0.0,2015-2019
v2-rolling,Pacific Islands,2021,,,,,,,6.0,,,,insufficient_history: only 6 baseline years (<8),2468196.39,0.0,0.0,2015-2020
v2-rolling,Pacific Islands,2022,,,,,,,7.0,,,,insufficient_history: only 7 baseline years (<8),2306965.31,0.0,0.0,2015-2021
v2-rolling,Pacific Islands,2023,0.2202849646585685,0.27595458698869046,-0.7721230240184792,1.32403219799586,0.34935920366905654,-0.15934780519724642,8.0,,,,charted,2900118.27,0.0,0.0,2015-2022
v2-rolling,Pacific Islands,2024,0.22683234754073825,0.2200214045302648,-1.0026931740459177,1.4427359831064475,0.4075715261920609,0.016711037383077405,9.0,,,,charted,3664824.88,0.0,0.0,2015-2023
v2-rolling,Pacific Islands,2025,-0.1910661257412089,0.22252335393333553,-0.683914428115555,1.128961135982226,0.3021459273496302,-1.3688401604564955,10.0,,,,charted,3007369.46,0.0,0.0,2015-2024
v2-rolling,Pacific Islands,2026,-0.028672347149572997,0.20804248066520076,-1.0200331862469465,1.4361181475773481,0.40935855563738244,-0.578257922192935,10.0,,,,charted,2918877.37,0.0,0.0,2016-2025
v2-rolling,Pakistan,2020,0.8481538989155519,-0.2138872329185757,-0.8740112030544146,0.4462367372172632,0.22004132337861296,4.826553101604157,9.0,beyond_limits,medium,"Pakistan FY2020: year-over-year change of +134% is above the expected range -58% to +56% (learned from FY2011-2019, where a typical year was -19%); that is 4.8 robust sigmas from the typical year (limits sit at 3), so 1.8 beyond the +56% limit.",charted,1179136043.0,0.0,0.0,2011-2019
v2-rolling,Pakistan,2021,0.27231221500539426,-0.2138872329185757,-0.8740112030544146,0.4462367372172632,0.22004132337861296,2.2095824568705824,9.0,,,,charted,1558856391.0,1.0,0.0,2011-2019
v2-rolling,Pakistan,2022,-0.3307928402808807,-0.1385015302071062,-1.2000319507470476,0.9230288903328352,0.3538434735133138,-0.5434360797007587,10.0,,,,charted,1108936273.0,0.0,0.0,2012-2021
v2-rolling,Pakistan,2023,0.4181930263442963,-0.13432910156571382,-1.2565392124706665,0.987881009339239,0.3740700369683176,1.4770552926076963,10.0,,,,charted,1713500150.0,0.0,0.0,2013-2022
v2-rolling,Pakistan,2024,0.10732903191625148,0.057458042735346326,-1.5239478755787692,1.638863961049462,0.5271353061047052,0.09460756774087004,10.0,,,,charted,1914038403.0,0.0,0.0,2014-2023
v2-rolling,Pakistan,2025,-0.3519875966418865,0.022309738975169024,-1.223458832022727,1.268078309973065,0.41525619033263206,-0.9013648545906869,10.0,,,,charted,1328628717.0,0.0,0.0,2015-2024
v2-rolling,Pakistan,2026,0.11531762433697153,0.022309738975169024,-1.297301839735648,1.3419213176859859,0.43987052623693895,0.21144377678013196,10.0,,,,charted,1498233057.0,0.0,0.0,2016-2025
v2-rolling,Papua New Guinea,2020,-1.6530447675554012,0.1065470357800023,-1.1794866955002163,1.3925807670602208,0.42867791042673953,-4.104694365015842,9.0,beyond_limits,medium,"Papua New Guinea FY2020: year-over-year change of -81% is below the expected range -69% to +303% (learned from FY2011-2019, where a typical year was +11%); that is 4.1 robust sigmas from the typical year (limits sit at 3), so 1.1 beyond the -69% limit.",charted,34234610.42,0.0,0.0,2011-2019
v2-rolling,Papua New Guinea,2021,-0.7637606478326673,0.1065470357800023,-1.1794866955002163,1.3925807670602208,0.42867791042673953,-2.0302135063276228,9.0,,,,charted,15250625.39,1.0,0.0,2011-2019
v2-rolling,Papua New Guinea,2022,1.9906169437682268,0.01571694557707335,-1.4701798345981554,1.5016137257523021,0.49529892672507625,3.987289072579303,10.0,beyond_limits,medium,"Papua New Guinea FY2022: year-over-year change of +632% is above the expected range -77% to +349% (learned from FY2012-2021, where a typical year was +2%); that is 4.0 robust sigmas from the typical year (limits sit at 3), so 1.0 beyond the +349% limit.",charted,119981351.6,0.0,0.0,2012-2021
v2-rolling,Papua New Guinea,2023,-1.2418309466179032,0.01571694557707335,-1.4701798345981554,1.5016137257523021,0.49529892672507625,-2.538967529184651,10.0,,,,charted,33718082.56,1.0,0.0,2012-2021
v2-rolling,Papua New Guinea,2024,0.12596749474719893,0.015667919923299745,-2.606926151035511,2.6382619908821106,0.874198023652937,0.1261722994556768,10.0,,,,charted,38470901.33,0.0,0.0,2014-2023
v2-rolling,Papua New Guinea,2025,0.40036165052443123,0.01566761502336681,-2.2426927319054624,2.2740279619521964,0.7527867823096098,0.5110265543196607,10.0,,,,charted,58243774.7,0.0,0.0,2015-2024
v2-rolling,Papua New Guinea,2026,1.1409456632293593,0.1156033515741087,-2.4445472488539126,2.67575395200213,0.853383533476007,1.2015023391403161,10.0,,,,charted,185932611.0,0.0,0.0,2016-2025
v2-rolling,Paraguay,2020,,,,,,,0.0,,,,dormant,0.0,0.0,9.0,
v2-rolling,Paraguay,2021,,,,,,,0.0,,,,dormant,0.0,0.0,10.0,
v2-rolling,Paraguay,2022,,,,,,,0.0,,,,dormant,0.0,0.0,11.0,
v2-rolling,Paraguay,2023,,,,,,,0.0,,,,dormant,0.0,0.0,12.0,
v2-rolling,Paraguay,2024,,,,,,,0.0,,,,dormant,0.0,0.0,13.0,
v2-rolling,Paraguay,2025,,,,,,,0.0,,,,dormant,0.0,0.0,14.0,
v2-rolling,Paraguay,2026,,,,,,,0.0,,,,dormant,0.0,0.0,15.0,
v2-rolling,Philippines,2020,,,,,,,0.0,,,,dormant,0.0,0.0,9.0,
v2-rolling,Philippines,2021,,,,,,,0.0,,,,dormant,0.0,0.0,10.0,
v2-rolling,Philippines,2022,,,,,,,0.0,,,,dormant,0.0,0.0,11.0,
v2-rolling,Philippines,2023,,,,,,,0.0,,,,dormant,0.0,0.0,12.0,
v2-rolling,Philippines,2024,,,,,,,0.0,,,,dormant,0.0,0.0,13.0,
v2-rolling,Philippines,2025,,,,,,,0.0,,,,dormant,0.0,0.0,14.0,
v2-rolling,Philippines,2026,,,,,,,0.0,,,,dormant,0.0,0.0,15.0,
v2-rolling,Rwanda,2020,0.4805184814651398,0.13134776097792136,-0.38401459565197715,0.6467101176078198,0.17178745220996616,2.0325740675194752,9.0,,,,charted,445994814.3,0.0,0.0,2011-2019
v2-rolling,Rwanda,2021,0.12174460928874396,0.13377932087826755,-0.5854412975640808,0.852999939320616,0.23974020614744945,-0.050198970723007455,10.0,,,,charted,505133231.4,0.0,0.0,2011-2020
v2-rolling,Rwanda,2022,-0.2262804433403772,0.12608204423511116,-0.5900535428821082,0.8422176313523305,0.23871186237240646,-1.4760996126190802,10.0,,,,charted,400466518.5,0.0,0.0,2012-2021
v2-rolling,Rwanda,2023,0.18643079223569803,0.09704692628054123,-0.7267207572001497,0.9208146097612322,0.274589227826897,0.32551847231059267,10.0,,,,charted,485324004.2,0.0,0.0,2013-2022
v2-rolling,Rwanda,2024,0.04134028590364984,0.1253091390978178,-0.4578569490347226,0.7084752272303583,0.19438869604418013,-0.43196366302639194,10.0,,,,charted,506383236.8,0.0,0.0,2014-2023
v2-rolling,Rwanda,2025,0.3048374043127807,0.12487402802099096,-0.19696372116013244,0.44671177720211436,0.10727924972704113,1.6775226966042778,10.0,,,,charted,692105054.7,0.0,0.0,2015-2024
v2-rolling,Rwanda,2026,-0.4860692573687998,0.12279228546427115,-0.19522046752775088,0.44080503845629315,0.10600425099734068,-5.743746473415914,10.0,beyond_limits,high,"Rwanda FY2026: year-over-year change of -38% is below the expected range -18% to +55% (learned from FY2016-2025, where a typical year was +13%); that is 5.7 robust sigmas from the typical year (limits sit at 3), so 2.7 beyond the -18% limit.",charted,417963550.6,0.0,0.0,2016-2025
v2-rolling,Samoa,2020,0.1841037800821728,0.07283600014328004,-1.2036589403932922,1.3493309406798522,0.4254983135121907,0.26149993173992897,9.0,,,,charted,29814915.83,0.0,0.0,2011-2019
v2-rolling,Samoa,2021,-0.43100768908876286,0.10033726903678761,-0.92901418195889,1.1296887200324652,0.34311715033189255,-1.548581752942363,10.0,,,,charted,19133643.05,0.0,0.0,2011-2020
v2-rolling,Samoa,2022,0.43735747406017655,0.10033726903678761,-0.92901418195889,1.1296887200324652,0.34311715033189255,0.9822307182762327,10.0,,,,charted,30009233.51,0.0,0.0,2012-2021
v2-rolling,Samoa,2023,-0.07838343250702404,0.12254196068987452,-1.3112865452463305,1.5563704666260796,0.4779428353120684,-0.42039628665153267,10.0,,,,charted,27674707.96,0.0,0.0,2013-2022
v2-rolling,Samoa,2024,-0.5690161166803814,0.012028098814203077,-1.415444119436048,1.439500317064454,0.4758240727500837,-1.221132449513048,10.0,,,,charted,15201071.06,0.0,0.0,2014-2023
v2-rolling,Samoa,2025,0.08292492492853897,-0.06244027098229517,-1.4099584175428441,1.285077875578254,0.449172715520183,0.3236287309715328,10.0,,,,charted,16608030.02,0.0,0.0,2015-2024
v2-rolling,Samoa,2026,-0.3547407219109269,0.012123067416007265,-0.8649488424787962,0.8891949773108107,0.2923573032982678,-1.2548473569434098,10.0,,,,charted,11362421.22,0.0,0.0,2016-2025
v2-rolling,Sao Tome and Principe,2020,0.2345153127018485,0.006082402108454912,-7.329600203783882,7.341765008000793,2.445227535297446,0.09341989949643122,9.0,,,,charted,16902588.09,0.0,0.0,2011-2019
v2-rolling,Sao Tome and Principe,2021,0.3435952439869481,0.0561959275461574,-6.772267489018327,6.884659344110641,2.2761544721881615,0.12626529523916794,10.0,,,,charted,23954601.42,0.0,0.0,2011-2020
v2-rolling,Sao Tome and Principe,2022,0.3592141229069347,0.16972769112867284,-6.2651617335767185,6.604617115834063,2.144963141568464,0.0883401808199387,10.0,,,,charted,34437089.47,0.0,0.0,2012-2021
v2-rolling,Sao Tome and Principe,2023,-0.4848307356289607,0.1673309195920915,-3.148044442074767,3.48270628125895,1.1051251205556196,-0.5901247226134606,10.0,,,,charted,21075456.43,0.0,0.0,2013-2022
v2-rolling,Sao Tome and Principe,2024,0.6999998439338364,0.1673309195920915,-1.708584128458999,2.0432459676431822,0.6253050160170303,0.8518545520946813,10.0,,,,charted,42786283.37,0.0,0.0,2014-2023
v2-rolling,Sao Tome and Principe,2025,0.11533097610487869,0.2826276559173291,-2.3226784871787736,2.8879337990134317,0.8684353810320342,-0.19264148313906532,10.0,,,,charted,48098122.31,0.0,0.0,2015-2024
v2-rolling,Sao Tome and Principe,2026,0.23538241966924267,0.27989360857770507,-1.0967180344417515,1.6565052515971617,0.4588705476731522,-0.09700162526048013,10.0,,,,charted,61087298.51,0.0,0.0,2016-2025
v2-rolling,Senegal,2020,0.34229939380719293,0.186060942575464,-0.8506020562464556,1.2227239413973836,0.34555433294063986,0.4521385968514768,9.0,,,,charted,534347066.0,0.0,0.0,2011-2019
v2-rolling,Senegal,2021,-0.5072691418300201,0.1895613058701206,-0.6584519066717378,1.0375745184119791,0.28267107084728615,-2.465163646253017,10.0,,,,charted,318403237.9,0.0,0.0,2011-2020
v2-rolling,Senegal,2022,0.7806775746397162,0.13196825028899292,-1.1493686810069443,1.4133051815849302,0.42711231043197906,1.5188260991461993,10.0,,,,charted,705333671.6,0.0,0.0,2012-2021
v2-rolling,Senegal,2023,-0.03780409758568576,0.18846096376346144,-0.9538711305443123,1.3307930580712353,0.38077736476925794,-0.5942187805366489,10.0,,,,charted,678818228.5,0.0,0.0,2013-2022
v2-rolling,Senegal,2024,-0.41996612725249344,0.12979994701620157,-1.131851262784851,1.3914511568172543,0.42055040326701754,-1.3072537084684122,10.0,,,,charted,442067280.9,0.0,0.0,2014-2023
v2-rolling,Senegal,2025,-0.4742846665612371,0.12663822188376805,-1.2375307539100255,1.4908071976775616,0.45472299193126453,-1.3215141945930897,10.0,,,,charted,269099195.8,0.0,0.0,2015-2024
v2-rolling,Senegal,2026,0.7771903837464533,0.07038299728786203,-1.544746419581677,1.685512414157401,0.5383764722898463,1.312849693175423,10.0,,,,charted,604097201.7,0.0,0.0,2016-2025
v2-rolling,Serbia,2020,,,,,,,4.0,,,,dormant,0.0,0.0,5.0,2011-2014
v2-rolling,Serbia,2021,,,,,,,4.0,,,,dormant,0.0,0.0,6.0,2011-2014
v2-rolling,Serbia,2022,,,,,,,4.0,,,,dormant,0.0,0.0,7.0,2011-2014
v2-rolling,Serbia,2023,,,,,,,4.0,,,,dormant,0.0,0.0,8.0,2011-2014
v2-rolling,Serbia,2024,,,,,,,4.0,,,,dormant,0.0,0.0,9.0,2011-2014
v2-rolling,Serbia,2025,,,,,,,4.0,,,,dormant,0.0,0.0,10.0,2011-2014
v2-rolling,Serbia,2026,,,,,,,4.0,,,,dormant,0.0,0.0,11.0,2011-2014
v2-rolling,Sierra Leone,2020,-0.04116593705163197,0.25172706283713747,-2.376686698612245,2.88014082428652,0.8761379204831274,-0.33430010622900547,9.0,,,,charted,98000185.43,0.0,0.0,2011-2019
v2-rolling,Sierra Leone,2021,0.8559413782424932,0.10498178381272935,-1.567605387565819,1.7775689551912777,0.5575290571261827,1.3469425222438278,10.0,,,,charted,234910175.6,0.0,0.0,2011-2020
v2-rolling,Sierra Leone,2022,-0.328951864349122,0.1034144474527937,-2.533503828790492,2.7403327236960795,0.8789727587477619,-0.4918995583183841,10.0,,,,charted,167971247.0,0.0,0.0,2012-2021
v2-rolling,Sierra Leone,2023,0.3484469560681713,0.1034144474527937,-2.533503828790492,2.7403327236960795,0.8789727587477619,0.27877144789386393,10.0,,,,charted,239611135.1,0.0,0.0,2013-2022
v2-rolling,Sierra Leone,2024,-0.2426066793019604,0.2519212484523762,-2.3575780128305315,2.861420509735284,0.8698330870943025,-0.5685319805507957,10.0,,,,charted,186938555.3,0.0,0.0,2014-2023
v2-rolling,Sierra Leone,2025,0.006371714407122607,0.10992115875532948,-2.496201834925124,2.7160441524357823,0.868707664560151,-0.11919941376439519,10.0,,,,charted,188166155.0,0.0,0.0,2015-2024
v2-rolling,Sierra Leone,2026,-0.396313008546378,-0.016536151504740613,-1.4948410664829643,1.461768763473483,0.4927683049927412,-0.7707006582885475,10.0,,,,charted,124063836.4,0.0,0.0,2016-2025
v2-rolling,Solomon Islands,2020,1.00865003950629,0.4784730967809911,-1.321354799844958,2.27830099340694,0.5999426322086497,0.8837127322882307,9.0,,,,charted,26706239.0,0.0,0.0,2011-2019
v2-rolling,Solomon Islands,2021,-0.36506333048579914,0.5315286863443403,-1.5219987388050606,2.585056111493741,0.6845091417164669,-1.3098320565622483,10.0,,,,charted,18432064.58,0.0,0.0,2011-2020
v2-rolling,Solomon Islands,2022,0.42326592344248093,0.27265963769033824,-2.182794426555336,2.7281137019360124,0.8184846880818913,0.18400623486932496,10.0,,,,charted,28336194.49,0.0,0.0,2012-2021
v2-rolling,Solomon Islands,2023,0.6356597945753946,0.24812204206542046,-2.2058990376430576,2.7021431217738985,0.8180070265694928,0.4737584640748209,10.0,,,,charted,53832807.84,0.0,0.0,2013-2022
v2-rolling,Solomon Islands,2024,0.07969164503070006,0.4463433770605146,-1.026808560825676,1.9194953149467051,0.4910506459620635,-0.7466678540081596,10.0,,,,charted,58330957.66,0.0,0.0,2014-2023
v2-rolling,Solomon Islands,2025,0.17350509628922886,0.2503730475203078,-1.81266757358653,2.313413668627146,0.6876802070356126,-0.11177862972446759,10.0,,,,charted,69473286.84,0.0,0.0,2015-2024
v2-rolling,Solomon Islands,2026,0.19967332680468933,0.2927879249565792,-1.3641104795144765,1.949686329427635,0.5522994681570186,-0.16859440126315203,10.0,,,,charted,85030826.72,0.0,0.0,2016-2025
v2-rolling,Somalia,2020,,,,,,,0.0,,,,insufficient_history: no eligible baseline years,520787157.9,0.0,0.0,
v2-rolling,Somalia,2021,,,,,,,1.0,,,,insufficient_history: only 1 baseline years (<8),138638812.6,0.0,0.0,2020-2020
v2-rolling,Somalia,2022,,,,,,,2.0,,,,insufficient_history: only 2 baseline years (<8),134861844.5,0.0,0.0,2020-2021
v2-rolling,Somalia,2023,,,,,,,3.0,,,,insufficient_history: only 3 baseline years (<8),341841805.0,0.0,0.0,2020-2022
v2-rolling,Somalia,2024,,,,,,,4.0,,,,insufficient_history: only 4 baseline years (<8),485978014.4,0.0,0.0,2020-2023
v2-rolling,Somalia,2025,,,,,,,5.0,,,,insufficient_history: only 5 baseline years (<8),391687811.9,0.0,0.0,2020-2024
v2-rolling,"Somalia, Federal Republic of",2026,,,,,,,0.0,,,,no_prior_year,493443310.6,0.0,0.0,
v2-rolling,South Asia,2020,,,,,,,0.0,,,,no_prior_year,0.0,0.0,0.0,
v2-rolling,South Asia,2021,,,,,,,0.0,,,,insufficient_history: no eligible baseline years,4475138.93,0.0,0.0,
v2-rolling,South Asia,2022,,,,,,,0.0,,,,insufficient_history: no eligible baseline years,1781521.35,0.0,1.0,
v2-rolling,South Asia,2023,,,,,,,1.0,,,,insufficient_history: only 1 baseline years (<8),10685449.93,0.0,1.0,2022-2022
v2-rolling,South Asia,2024,,,,,,,2.0,,,,insufficient_history: only 2 baseline years (<8),17556735.39,0.0,1.0,2022-2023
v2-rolling,South Asia,2025,,,,,,,3.0,,,,insufficient_history: only 3 baseline years (<8),26467737.18,0.0,1.0,2022-2024
v2-rolling,South Asia,2026,,,,,,,4.0,,,,insufficient_history: only 4 baseline years (<8),5586481.35,0.0,1.0,2022-2025
v2-rolling,South East Asia,2022,,,,,,,0.0,,,,no_prior_year,0.0,0.0,0.0,
v2-rolling,South East Asia,2023,,,,,,,0.0,,,,insufficient_history: no eligible baseline years,2612909.23,0.0,0.0,
v2-rolling,South East Asia,2024,,,,,,,0.0,,,,insufficient_history: no eligible baseline years,2759436.62,0.0,1.0,
v2-rolling,South Sudan,2020,,,,,,,5.0,,,,insufficient_history: only 5 baseline years (<8),78335825.11,0.0,1.0,2015-2019
v2-rolling,South Sudan,2021,,,,,,,6.0,,,,insufficient_history: only 6 baseline years (<8),23887584.79,0.0,1.0,2015-2020
v2-rolling,South Sudan,2022,,,,,,,7.0,,,,insufficient_history: only 7 baseline years (<8),197538276.8,0.0,1.0,2015-2021
v2-rolling,South Sudan,2023,0.25686486553730387,0.046695706635280235,-3.4259788634363266,3.519370276706887,1.157558190023869,0.1815625000223012,8.0,,,,charted,255926899.9,0.0,1.0,2015-2022
v2-rolling,South Sudan,2024,-1.552928812024946,0.2563104659642047,-2.3292010130094907,2.8418219449379,0.8618371596578984,-2.099282048487348,9.0,,,,charted,52334075.17,0.0,1.0,2015-2023
v2-rolling,South Sudan,2025,1.5600921860779082,0.015105466314067173,-3.2497790718826307,3.279990004510765,1.088294846065566,1.4196398387342553,10.0,,,,charted,258908338.3,0.0,0.0,2015-2024
v2-rolling,South Sudan,2026,-0.14552638597057863,0.01560840879437804,-3.235776962131906,3.2669937797206625,1.0837951236420948,-0.1486764345492375,10.0,,,,charted,223463538.4,0.0,0.0,2016-2025
v2-rolling,Sri Lanka,2020,0.5248604937527451,-0.051028027888535624,-0.7904434054088427,0.6883873496317714,0.246471792506769,2.336529124830643,9.0,,,,charted,187301318.8,0.0,0.0,2011-2019
v2-rolling,Sri Lanka,2021,0.3946052711388364,-0.05035214687687534,-0.9442184828691436,0.843514189115393,0.2979554453307561,1.4933689750887784,10.0,,,,charted,282448196.6,0.0,0.0,2011-2020
v2-rolling,Sri Lanka,2022,-0.3595652440444213,-0.003894802173176476,-1.299947786469195,1.2921581821228423,0.4320176614320062,-0.8232775500249372,10.0,,,,charted,194314670.7,0.0,0.0,2012-2021
v2-rolling,Sri Lanka,2023,0.5332911622840943,-0.003894802173176476,-1.4643840769546421,1.4565944726082893,0.4868297582604886,1.1034369927933578,10.0,,,,charted,337813762.9,0.0,0.0,2013-2022
v2-rolling,Sri Lanka,2024,0.23951649880132356,0.018445521861955624,-1.6574735372490932,1.6943645809730046,0.5586396863703497,0.39573088402603956,10.0,,,,charted,431822046.8,0.0,0.0,2014-2023
v2-rolling,Sri Lanka,2025,-0.09941971861792473,0.09431504020891454,-1.7469508331300654,1.9355809135478945,0.6137552911129933,-0.3156547269442153,10.0,,,,charted,390050264.3,0.0,0.0,2015-2024
v2-rolling,Sri Lanka,2026,-0.8788926138739073,0.09429547738015444,-1.702658558484697,1.891249513245006,0.5989846786216172,-1.6247295231216279,10.0,,,,charted,156284095.2,0.0,0.0,2016-2025
v2-rolling,St. Kitts and Nevis,2020,,,,,,,0.0,,,,dormant,0.0,0.0,9.0,
v2-rolling,St. Kitts and Nevis,2021,,,,,,,0.0,,,,dormant,0.0,0.0,10.0,
v2-rolling,St. Kitts and Nevis,2022,,,,,,,0.0,,,,dormant,0.0,0.0,11.0,
v2-rolling,St. Kitts and Nevis,2023,,,,,,,0.0,,,,dormant,0.0,0.0,12.0,
v2-rolling,St. Kitts and Nevis,2024,,,,,,,0.0,,,,dormant,0.0,0.0,13.0,
v2-rolling,St. Kitts and Nevis,2025,,,,,,,0.0,,,,dormant,0.0,0.0,14.0,
v2-rolling,St. Kitts and Nevis,2026,,,,,,,0.0,,,,dormant,0.0,0.0,15.0,
v2-rolling,St. Lucia,2020,1.3090161708443706,-0.056069722394430845,-2.759927450506784,2.6477880057179224,0.9012859093707845,1.5145980637729155,9.0,,,,charted,11703759.32,0.0,0.0,2011-2019
v2-rolling,St. Lucia,2021,1.2968370884981484,-0.023660671589613286,-3.1343192448726938,3.086997901693467,1.03688619109436,1.2735223705641885,10.0,,,,charted,43364442.6,0.0,0.0,2011-2020
v2-rolling,St. Lucia,2022,-1.0022400479406555,-0.023474647665340152,-3.115630371668784,3.0686810763381036,1.0307185746678147,-0.9495951895411965,10.0,,,,charted,15763400.36,0.0,0.0,2012-2021
v2-rolling,St. Lucia,2023,0.12672120305873627,-0.023474647665340152,-3.2601917169397154,3.213242421609035,1.078905689758125,0.1392112880206871,10.0,,,,charted,17925870.24,0.0,0.0,2013-2022
v2-rolling,St. Lucia,2024,1.266502102524448,0.06738728074152697,-3.416330096114235,3.551104657597289,1.1612391256185874,1.0326166207534193,10.0,,,,charted,64378544.72,0.0,0.0,2014-2023
v2-rolling,St. Lucia,2025,-1.1731251474131337,0.06646639288669112,-3.4183688879069885,3.551301673680371,1.16161176026456,-1.0671306736921333,10.0,,,,charted,19571728.38,0.0,0.0,2015-2024
v2-rolling,St. Lucia,2026,0.2575238762514407,0.06609491517615822,-3.7863231458829256,3.9185129762352418,1.2841393536863612,0.1490717970177847,10.0,,,,charted,25492272.27,0.0,0.0,2016-2025
v2-rolling,St. Vincent and the Grenadines,2020,2.8294643382192888,0.12403261591696452,-2.3632040901204903,2.6112693219544196,0.829078902012485,3.263177624874096,9.0,beyond_limits,medium,"St. Vincent and the Grenadines FY2020: year-over-year change of +1594% is above the expected range -91% to +1262% (learned from FY2011-2019, where a typical year was +13%); that is 3.3 robust sigmas from the typical year (limits sit at 3), so 0.3 beyond the +1262% limit.",charted,56555184.24,0.0,0.0,2011-2019
v2-rolling,St. Vincent and the Grenadines,2021,0.002396902519768522,0.12403261591696452,-2.3632040901204903,2.6112693219544196,0.829078902012485,-0.14671186674988418,9.0,,,,charted,56691144.07,1.0,0.0,2011-2019
v2-rolling,St. Vincent and the Grenadines,2022,0.09196040658684111,0.2129640507488269,-2.035156895109888,2.461084996607542,0.7493736486195717,-0.16147304403469184,10.0,,,,charted,62164960.75,0.0,0.0,2012-2021
v2-rolling,St. Vincent and the Grenadines,2023,-1.2593914965549928,0.10551364742116934,-1.904073582187423,2.1151008770297617,0.6698624098695308,-2.0375902929707683,10.0,,,,charted,17528487.14,0.0,0.0,2013-2022
v2-rolling,St. Vincent and the Grenadines,2024,0.03562141124304507,0.04715822025871381,-1.7022177589089582,1.7965341994263857,0.583125326389224,-0.019784441686156777,10.0,,,,charted,18170014.7,0.0,0.0,2014-2023
v2-rolling,St. Vincent and the Grenadines,2025,0.6979074865152606,0.01894829921506246,-1.5612069598574385,1.5991035582875635,0.5267184196908337,1.2890363464006531,10.0,,,,charted,36736939.76,0.0,0.0,2015-2024
v2-rolling,St. Vincent and the Grenadines,2026,-0.42738184065683354,0.0578477294107584,-1.3399387759699302,1.455634234791447,0.4659288351268962,-1.0414242122092296,10.0,,,,charted,23655555.71,0.0,0.0,2016-2025
v2-rolling,Sudan,2021,,,,,,,0.0,,,,no_prior_year,1409825188.0,0.0,0.0,
v2-rolling,Sudan,2022,,,,,,,0.0,,,,insufficient_history: no eligible baseline years,10204496.0,0.0,0.0,
v2-rolling,Sudan,2023,,,,,,,1.0,,,,insufficient_history: only 1 baseline years (<8),0.0,0.0,0.0,2022-2022
v2-rolling,Sudan,2024,,,,,,,1.0,,,,dormant,-3069407.09,0.0,1.0,2022-2022
v2-rolling,Sudan,2025,,,,,,,1.0,,,,insufficient_history: only 1 baseline years (<8),83340577.2,0.0,2.0,2022-2022
v2-rolling,Sudan,2026,,,,,,,1.0,,,,insufficient_history: only 1 baseline years (<8),164233941.4,0.0,3.0,2022-2022
v2-rolling,Suriname,2025,,,,,,,0.0,,,,no_prior_year,0.0,0.0,0.0,
v2-rolling,Syrian Arab Republic,2025,,,,,,,0.0,,,,no_prior_year,0.0,0.0,2.0,
v2-rolling,Syrian Arab Republic,2026,,,,,,,0.0,,,,insufficient_history: no eligible baseline years,9534144.0,0.0,2.0,
v2-rolling,Tajikistan,2020,-0.060876312557036495,0.3252881555213698,-1.685061653625098,2.3356379646678374,0.6701166030488226,-0.5762645878664666,9.0,,,,charted,75332213.29,0.0,0.0,2011-2019
v2-rolling,Tajikistan,2021,0.5607553193768275,0.13155526576551663,-1.4563601927918441,1.7194707243228773,0.5293051528524536,0.8108745046186099,10.0,,,,charted,133273946.9,0.0,0.0,2011-2020
v2-rolling,Tajikistan,2022,-0.053130265438199695,0.1291970900528081,-1.4474960753562236,1.7058902554618398,0.5255643884696772,-0.34691725598437745,10.0,,,,charted,126263729.7,0.0,0.0,2012-2021
v2-rolling,Tajikistan,2023,0.5832639481723848,0.13283414863315007,-1.2729437841528926,1.5386120814191928,0.46859264426201425,0.9612395863546169,10.0,,,,charted,227996136.0,0.0,0.0,2013-2022
v2-rolling,Tajikistan,2024,0.020700735136455862,0.1318325264805914,-1.2663872362224615,1.530052289183644,0.466073254234351,-0.23844275622873706,10.0,,,,charted,232815435.2,0.0,0.0,2014-2023
v2-rolling,Tajikistan,2025,-0.01582745835391887,0.16206614105143075,-1.118549846566549,1.4426821286694107,0.42687199587266,-0.4167375726807269,10.0,,,,charted,229100419.9,0.0,0.0,2015-2024
v2-rolling,Tajikistan,2026,0.7417887504362939,0.16094133159755672,-0.983896447296071,1.3057791104911844,0.38161259296454253,1.5220866123060737,10.0,,,,charted,485446958.2,0.0,0.0,2016-2025
v2-rolling,Tanzania,2020,0.504621280720531,0.0008201074190416184,-0.8275275889694635,0.8291678038075467,0.2761158987961684,1.824600377949988,9.0,,,,charted,750675907.5,0.0,0.0,2011-2019
v2-rolling,Tanzania,2021,-0.4520939274059776,0.019214096621782122,-1.0832485048435367,1.1216766980871011,0.367487533821773,-1.282514318584582,10.0,,,,charted,466502351.5,0.0,0.0,2011-2020
v2-rolling,Tanzania,2022,0.5613598772057813,0.019376406055537636,-1.0935829843784186,1.132335796489494,0.3709864634779854,1.4609251940600936,10.0,,,,charted,836769876.8,0.0,0.0,2012-2021
v2-rolling,Tanzania,2023,0.5819266735867684,0.05262291075327494,-1.5225817218280144,1.6278275433345644,0.5250682108604298,1.0080666699782166,10.0,,,,charted,1521585063.0,0.0,0.0,2013-2022
v2-rolling,Tanzania,2024,0.33857521830632453,0.05253817291899131,-1.8472186052275918,1.9522949510655745,0.6332522593821944,0.45169526227414186,10.0,,,,charted,2147398287.0,0.0,0.0,2014-2023
v2-rolling,Tanzania,2025,-0.30704343868452394,0.20298178874463346,-1.244561155552044,1.6505247330413109,0.4825143147655591,-1.057015744034382,10.0,,,,charted,1571236097.0,0.0,0.0,2015-2024
v2-rolling,Tanzania,2026,-0.15825055192507095,0.2027383454636705,-1.4192759012008118,1.8247525921281527,0.5406714155548275,-0.6676678052571007,10.0,,,,charted,1336377527.0,0.0,0.0,2016-2025
v2-rolling,Thailand & Myanmar CMU,2025,,,,,,,0.0,,,,no_prior_year,1977000.0,0.0,0.0,
v2-rolling,Thailand & Myanmar CMU,2026,,,,,,,0.0,,,,insufficient_history: no eligible baseline years,7949400.02,0.0,0.0,
v2-rolling,Timor-Leste,2020,-0.09889617591488506,0.16827275827844612,-1.4129565642682613,1.7495020808251538,0.5270764408489025,-0.5068884007849647,9.0,,,,charted,2785202.01,0.0,0.0,2011-2019
v2-rolling,Timor-Leste,2021,0.2518886952325817,0.14095652315356216,-1.249637961337095,1.5315510076442191,0.463531494830219,0.23931960032112054,10.0,,,,charted,3673412.86,0.0,0.0,2011-2020
v2-rolling,Timor-Leste,2022,0.23785944180152938,0.14095652315356216,-1.249637961337095,1.5315510076442191,0.463531494830219,0.20905358045511133,10.0,,,,charted,4744564.71,0.0,0.0,2012-2021
v2-rolling,Timor-Leste,2023,-0.005922558166986934,0.14095652315356216,-0.671654604845926,0.9535676511530502,0.2708703759998294,-0.5422485968736633,10.0,,,,charted,4714684.63,0.0,0.0,2013-2022
v2-rolling,Timor-Leste,2024,0.16006280440703236,0.05401173916629393,-0.8737788163370415,0.9818022946696294,0.30926351850111183,0.3429148893950683,10.0,,,,charted,5574260.32,0.0,0.0,2014-2023
v2-rolling,Timor-Leste,2025,-0.09144357479097262,0.13705109939523316,-0.4713858496190537,0.7454880484095201,0.20281231633809563,-1.1266311549112071,10.0,,,,charted,5066410.66,0.0,0.0,2015-2024
v2-rolling,Timor-Leste,2026,0.6371088640484159,0.05393310914062452,-0.708044967558164,0.8159111858394131,0.25399269223292953,2.296033597584679,10.0,,,,charted,9806322.08,0.0,0.0,2016-2025
v2-rolling,Togo,2020,1.0165610132885168,-0.010704863121288344,-2.5450781295359928,2.5236684032934162,0.8447910888049015,1.2159998963330032,9.0,,,,charted,217500910.7,0.0,0.0,2011-2019
v2-rolling,Togo,2021,-0.4095983444808864,0.12622217988426518,-2.5463503843455553,2.7987947441140855,0.8908575214099401,-0.6014660161561195,10.0,,,,charted,143721594.8,0.0,0.0,2011-2020
v2-rolling,Togo,2022,0.20574922019217132,-0.20998255272852,-2.1841602313238955,1.7641951258668556,0.6580592261984585,0.6317543412047144,10.0,,,,charted,177046528.2,0.0,0.0,2012-2021
v2-rolling,Togo,2023,-0.17572950218530575,0.09754197666611801,-2.248300505298402,2.443384458630638,0.7819474939881734,-0.3494754839070523,10.0,,,,charted,148167181.3,0.0,0.0,2013-2022
v2-rolling,Togo,2024,0.5961611677908643,-0.09217287151969188,-1.6849934849259565,1.5006477418865727,0.5309402044687549,1.296443617411278,10.0,,,,charted,272102993.5,0.0,0.0,2014-2023
v2-rolling,Togo,2025,0.30302464667170376,0.09654541707056111,-2.130282307965751,2.323373142106873,0.7422759083454373,0.27817045828874215,10.0,,,,charted,369800160.5,0.0,0.0,2015-2024
v2-rolling,Togo,2026,-0.1493066910650679,0.09474795336461428,-2.088335296655598,2.2778312033848267,0.7276944166734042,-0.3353806746867155,10.0,,,,charted,317514023.7,0.0,0.0,2016-2025
v2-rolling,Tonga,2020,-0.36388251772102903,0.05565236695007545,-1.3161829571687342,1.4274876910688852,0.45727844137293655,-0.9174604501613711,9.0,,,,charted,15846898.47,0.0,0.0,2011-2019
v2-rolling,Tonga,2021,1.10365181891909,-0.015738899325827886,-1.631955858897733,1.6004780602460773,0.5387389865239683,2.0777978691822714,10.0,,,,charted,49079897.67,0.0,0.0,2011-2020
v2-rolling,Tonga,2022,-0.407718022267603,-0.01559240642602076,-1.6241893450520337,1.5930045321999924,0.5361989795420044,-0.7313061583528512,10.0,,,,charted,32403664.74,0.0,0.0,2012-2021
v2-rolling,Tonga,2023,-0.12904269411970737,-0.09833189834531564,-1.3682304147429114,1.1715666180522801,0.42329950546586526,-0.07255098429796829,10.0,,,,charted,28384837.61,0.0,0.0,2013-2022
v2-rolling,Tonga,2024,-0.20361839214168412,-0.10719159523649549,-1.3334384734527476,1.1190552829797566,0.4087489594054174,-0.23590713734282018,10.0,,,,charted,22997154.94,0.0,0.0,2014-2023
v2-rolling,Tonga,2025,0.5905600270365338,-0.14915605254055958,-1.1855728286393943,0.8872607235582752,0.34547225869961157,2.1411735991811636,10.0,,,,charted,42243236.16,0.0,0.0,2015-2024
v2-rolling,Tonga,2026,-0.43688250706564025,-0.14678239599820858,-1.179036670907384,0.8854718789109668,0.3440847583030585,-0.8431065429870656,10.0,,,,charted,26884134.84,0.0,0.0,2016-2025
v2-rolling,Tunisia,2020,,,,,,,0.0,,,,dormant,0.0,0.0,9.0,
v2-rolling,Tunisia,2021,,,,,,,0.0,,,,dormant,0.0,0.0,10.0,
v2-rolling,Tunisia,2022,,,,,,,0.0,,,,dormant,0.0,0.0,11.0,
v2-rolling,Tunisia,2023,,,,,,,0.0,,,,dormant,0.0,0.0,12.0,
v2-rolling,Turkiye,2020,,,,,,,0.0,,,,dormant,0.0,0.0,9.0,
v2-rolling,Turkiye,2021,,,,,,,0.0,,,,dormant,0.0,0.0,10.0,
v2-rolling,Turkiye,2022,,,,,,,0.0,,,,dormant,0.0,0.0,11.0,
v2-rolling,Turkiye,2023,,,,,,,0.0,,,,dormant,0.0,0.0,12.0,
v2-rolling,Tuvalu,2020,,,,,,,7.0,,,,insufficient_history: only 7 baseline years (<8),17081753.73,0.0,0.0,2013-2019
v2-rolling,Tuvalu,2021,-0.9901908922041124,0.5007772863761479,-0.4458301162968201,1.447384689049116,0.31553580089098937,-4.725194967956606,8.0,beyond_limits,medium,"Tuvalu FY2021: year-over-year change of -63% is below the expected range -36% to +325% (learned from FY2013-2020, where a typical year was +65%); that is 4.7 robust sigmas from the typical year (limits sit at 3), so 1.7 beyond the -36% limit.",charted,6174768.92,0.0,0.0,2013-2020
v2-rolling,Tuvalu,2022,0.5808558898942234,0.5007772863761479,-0.4458301162968201,1.447384689049116,0.31553580089098937,0.25378611014013236,8.0,,,,charted,11252350.24,1.0,0.0,2013-2020
v2-rolling,Tuvalu,2023,-0.9872933090206369,0.4858157197551244,-0.45721373403308374,1.4288451735433325,0.31434315126273604,-4.68630864982485,10.0,beyond_limits,medium,"Tuvalu FY2023: year-over-year change of -63% is below the expected range -37% to +317% (learned from FY2013-2022, where a typical year was +63%); that is 4.7 robust sigmas from the typical year (limits sit at 3), so 1.7 beyond the -37% limit.",charted,3998735.87,0.0,0.0,2013-2022
v2-rolling,Tuvalu,2024,1.8604901541784726,0.4858157197551244,-0.45721373403308374,1.4288451735433325,0.31434315126273604,4.3731648960735905,10.0,beyond_limits,medium,"Tuvalu FY2024: year-over-year change of +543% is above the expected range -37% to +317% (learned from FY2013-2022, where a typical year was +63%); that is 4.4 robust sigmas from the typical year (limits sit at 3), so 1.4 beyond the +317% limit. Baseline: 10 years, 1 flagged year(s) held out, 0 zero-period year(s) skipped.",charted,27374908.64,1.0,0.0,2013-2022
v2-rolling,Tuvalu,2025,0.4073560064389841,0.4858157197551244,-0.45721373403308374,1.4288451735433325,0.31434315126273604,-0.24959892716276053,10.0,,,,charted,41295326.91,2.0,0.0,2013-2022
v2-rolling,Tuvalu,2026,-0.10817525216279765,0.4612387560145609,-0.4713019469553612,1.393779458984483,0.31084690098997403,-1.8318149750372588,10.0,,,,charted,37018620.79,2.0,0.0,2014-2025
v2-rolling,Uganda,2020,-0.05868681274873867,0.027978144203256526,-1.0112655297961677,1.0672218182026807,0.3464145579998081,-0.2501770059907332,9.0,,,,charted,330392341.7,0.0,0.0,2011-2019
v2-rolling,Uganda,2021,0.7840759226719151,-0.0009209411340042068,-0.9314129901753921,0.9295711079073837,0.3101640163471293,2.5309088818587084,10.0,,,,charted,738595956.9,0.0,0.0,2011-2020
v2-rolling,Uganda,2022,-0.29048145740063974,0.06239972530452372,-0.853238261963244,0.9780377125722916,0.30521266242258926,-1.1561813324002057,10.0,,,,charted,549240701.4,0.0,0.0,2012-2021
v2-rolling,Uganda,2023,-0.4189661229291832,0.03345087983008828,-1.0078691873630992,1.0747709470232758,0.34710668906439585,-1.303394653611352,10.0,,,,charted,356740860.2,0.0,0.0,2013-2022
v2-rolling,Uganda,2024,0.32458498284977433,-0.043608517229991366,-1.2865530921857626,1.19933605772578,0.41431485831859044,0.8886804146344195,10.0,,,,charted,499845671.7,0.0,0.0,2014-2023
v2-rolling,Uganda,2025,0.32598952279184173,0.033097420232626726,-1.0258092961951837,1.092004136660437,0.3529689054759368,0.829795763919444,10.0,,,,charted,698853294.8,0.0,0.0,2015-2024
v2-rolling,Uganda,2026,0.015315774906987024,0.18193213916500786,-0.6063883629433792,0.9702526412733948,0.26277350070279565,-0.634068366149556,10.0,,,,charted,709910105.1,0.0,0.0,2016-2025
v2-rolling,Ukraine,2022,,,,,,,0.0,,,,no_prior_year,25930932.18,0.0,0.0,
v2-rolling,Ukraine,2023,,,,,,,0.0,,,,insufficient_history: no eligible baseline years,984373206.4,0.0,0.0,
v2-rolling,Ukraine,2024,,,,,,,1.0,,,,insufficient_history: only 1 baseline years (<8),107990.0,0.0,0.0,2023-2023
v2-rolling,Ukraine,2025,,,,,,,2.0,,,,insufficient_history: only 2 baseline years (<8),4853109375.0,0.0,0.0,2023-2024
v2-rolling,Ukraine,2026,,,,,,,3.0,,,,insufficient_history: only 3 baseline years (<8),729496712.1,0.0,0.0,2023-2025
v2-rolling,Uzbekistan,2020,-1.4036680464726865,0.18812793832503405,-0.449342162609079,0.8255980392591471,0.21249003364470434,-7.491155973269295,9.0,beyond_limits,high,"Uzbekistan FY2020: year-over-year change of -75% is below the expected range -36% to +128% (learned from FY2011-2019, where a typical year was +21%); that is 7.5 robust sigmas from the typical year (limits sit at 3), so 4.5 beyond the -36% limit.",charted,169284560.0,0.0,0.0,2011-2019
v2-rolling,Uzbekistan,2021,1.0344814219844194,0.18812793832503405,-0.449342162609079,0.8255980392591471,0.21249003364470434,3.983026729030207,9.0,beyond_limits,medium,"Uzbekistan FY2021: year-over-year change of +181% is above the expected range -36% to +128% (learned from FY2011-2019, where a typical year was +21%); that is 4.0 robust sigmas from the typical year (limits sit at 3), so 1.0 beyond the +128% limit. Baseline: 9 years, 1 flagged year(s) held out, 0 zero-period year(s) skipped.",charted,483052903.6,1.0,0.0,2011-2019
v2-rolling,Uzbekistan,2022,-0.07767980810819342,0.18812793832503405,-0.449342162609079,0.8255980392591471,0.21249003364470434,-1.2509186519198046,9.0,,,,charted,446671842.0,2.0,0.0,2011-2019
v2-rolling,Uzbekistan,2023,0.5654224419493695,0.15343752737070326,-0.543335873375738,0.8502109281171445,0.23225780024881376,1.7738259560596628,10.0,,,,charted,789243072.2,2.0,0.0,2011-2022
v2-rolling,Uzbekistan,2024,-0.11799666804693143,0.2148467185712345,-0.6847846907725452,1.1144781279150142,0.2998771364479266,-1.1099325229016381,10.0,,,,charted,700902864.5,2.0,0.0,2012-2023
v2-rolling,Uzbekistan,2025,0.19492079550429856,0.15095151086877318,-0.9548116143258303,1.2567146360633765,0.36858770839820115,0.11929123959831962,10.0,,,,charted,852866824.5,2.0,0.0,2013-2024
v2-rolling,Uzbekistan,2026,-0.10541001405995848,0.13533901928936867,-0.8947701471514842,1.1654481857302215,0.34336972214695094,-0.701136465510184,10.0,,,,charted,766141576.8,2.0,0.0,2014-2025
v2-rolling,Vanuatu,2020,,,,,,,3.0,,,,insufficient_history: only 3 baseline years (<8),25551376.63,0.0,6.0,2017-2019
v2-rolling,Vanuatu,2021,,,,,,,4.0,,,,insufficient_history: only 4 baseline years (<8),11361728.59,0.0,6.0,2017-2020
v2-rolling,Vanuatu,2022,,,,,,,5.0,,,,insufficient_history: only 5 baseline years (<8),19695074.27,0.0,6.0,2017-2021
v2-rolling,Vanuatu,2023,,,,,,,6.0,,,,insufficient_history: only 6 baseline years (<8),22549822.58,0.0,6.0,2017-2022
v2-rolling,Vanuatu,2024,,,,,,,7.0,,,,insufficient_history: only 7 baseline years (<8),7993970.71,0.0,6.0,2017-2023
v2-rolling,Vanuatu,2025,1.9897770858218653,0.055392504746179475,-2.405209080044088,2.5159940895364468,0.8202005282634225,2.358428840775414,8.0,,,,charted,64684767.65,0.0,6.0,2017-2024
v2-rolling,Vanuatu,2026,-0.44755630552897563,0.1288946702597738,-2.378366260379547,2.6361556008990945,0.8357536435464403,-0.6897379152816314,9.0,,,,charted,40964680.44,0.0,6.0,2017-2025
v2-rolling,Viet Nam,2024,,,,,,,0.0,,,,no_prior_year,495577713.3,0.0,0.0,
v2-rolling,Viet Nam,2025,,,,,,,0.0,,,,insufficient_history: no eligible baseline years,141861952.3,0.0,0.0,
v2-rolling,Viet Nam,2026,,,,,,,1.0,,,,insufficient_history: only 1 baseline years (<8),82013200.53,0.0,0.0,2025-2025
v2-rolling,Vietnam,2020,0.4248730287074912,-0.11214875731445446,-0.6498662115362006,0.42556869690729165,0.1792391514072487,2.996118770958585,9.0,,,,charted,897497860.0,0.0,0.0,2011-2019
v2-rolling,Vietnam,2021,-0.3884862161026231,-0.1091225161101324,-0.6888785903964776,0.4706335581762127,0.19325202476211503,-1.4455926158412853,10.0,,,,charted,593106612.7,0.0,0.0,2011-2020
v2-rolling,Vietnam,2022,0.1412540289689849,-0.10940546383384103,-0.8517891737137926,0.6329782460461104,0.24746123662665048,1.0129242713718463,10.0,,,,charted,690011262.7,0.0,0.0,2012-2021
v2-rolling,Vietnam,2023,-0.039692707775857476,-0.10949106422168883,-0.8524059739964122,0.6334238455530344,0.2476383032582411,0.2818560599369175,10.0,,,,charted,661412967.8,0.0,0.0,2013-2022
v2-rolling,Western Africa,2020,,,,,,,5.0,,,,insufficient_history: only 5 baseline years (<8),16391428.14,0.0,4.0,2011-2019
v2-rolling,Western Africa,2021,,,,,,,6.0,,,,insufficient_history: only 6 baseline years (<8),131344931.8,0.0,4.0,2011-2020
v2-rolling,Western and Central Africa,2022,,,,,,,0.0,,,,no_prior_year,85403994.23,0.0,0.0,
v2-rolling,Western and Central Africa,2023,,,,,,,0.0,,,,insufficient_history: no eligible baseline years,110743241.6,0.0,0.0,
v2-rolling,Western and Central Africa,2024,,,,,,,1.0,,,,insufficient_history: only 1 baseline years (<8),56718468.99,0.0,0.0,2023-2023
v2-rolling,Western and Central Africa,2025,,,,,,,2.0,,,,insufficient_history: only 2 baseline years (<8),90847386.95,0.0,0.0,2023-2024
v2-rolling,Western and Central Africa,2026,,,,,,,3.0,,,,insufficient_history: only 3 baseline years (<8),86889053.18,0.0,0.0,2023-2025
v2-rolling,"Yemen, Republic of",2020,-2.252424600532286,0.22311741911266678,-1.655165716524994,2.1014005547503274,0.6260943785458869,-3.953943853312394,9.0,beyond_limits,medium,"Yemen, Republic of FY2020: year-over-year change of -89% is below the expected range -81% to +718% (learned from FY2011-2019, where a typical year was +25%); that is 4.0 robust sigmas from the typical year (limits sit at 3), so 1.0 beyond the -81% limit.",charted,56597971.3,0.0,0.0,2011-2019
v2-rolling,"Yemen, Republic of",2021,1.5673825913478046,0.22311741911266678,-1.655165716524994,2.1014005547503274,0.6260943785458869,2.1470647530124976,9.0,,,,charted,298800130.0,1.0,0.0,2011-2019
v2-rolling,"Yemen, Republic of",2022,0.49121585495642067,0.2486600173665348,-4.239832127851232,4.737152162584302,1.4961640484059222,0.16211847748133992,10.0,,,,charted,492935189.3,0.0,0.0,2012-2021
v2-rolling,"Yemen, Republic of",2023,0.0054835639440538875,0.398311586266353,-2.105239850492366,2.9018630230250717,0.8345171455862397,-0.47072492686335576,10.0,,,,charted,495694817.7,0.0,0.0,2013-2022
v2-rolling,"Yemen, Republic of",2024,-0.032840696218638624,0.23929906774284815,-1.2554422676273462,1.7340404031130425,0.4982471117900648,-0.5461943632422944,10.0,,,,charted,479197587.5,0.0,0.0,2014-2023
v2-rolling,"Yemen, Republic of",2025,-0.14027013934275492,0.07195794007318566,-1.6446234228580912,1.7885393030044623,0.5721937876437589,-0.3709024529781705,10.0,,,,charted,414319162.9,0.0,0.0,2015-2024
v2-rolling,"Yemen, Republic of",2026,-1.0453700743526915,0.07143453637669143,-1.6269308404789198,1.7697999132323028,0.5661217922852038,-1.9727285293528383,10.0,,,,charted,132225724.8,0.0,0.0,2016-2025
v2-rolling,Zambia,2020,0.10730065864570748,-0.06533578444645158,-1.216415817299204,1.085744248406301,0.38369334428425084,0.4499333795174334,9.0,,,,charted,125500963.5,0.0,0.0,2011-2019
v2-rolling,Zambia,2021,0.18671571067381015,0.020987315867174755,-1.1567740069534334,1.1987486386877828,0.3925871076068694,0.4221442619878217,10.0,,,,charted,152188009.8,0.0,0.0,2011-2020
v2-rolling,Zambia,2022,0.8979310333700097,0.020991281667056903,-1.0737016297580348,1.1156841930921488,0.36489763714169726,2.403248644118841,10.0,,,,charted,380819752.7,0.0,0.0,2012-2021
v2-rolling,Zambia,2023,0.43930560380906697,0.14608992433700232,-1.2059473088038783,1.4981271574778832,0.4506790777136269,0.6506085903956282,10.0,,,,charted,593736299.2,0.0,0.0,2013-2022
v2-rolling,Zambia,2024,-0.15405813627206558,0.22967191923907876,-0.8885621004025259,1.3479059388806836,0.3727446732138682,-1.0294716010360612,10.0,,,,charted,508162072.7,0.0,0.0,2014-2023
v2-rolling,Zambia,2025,-0.23924116970641524,0.14489503995643843,-1.0946368903231243,1.384426970236001,0.4131773100931876,-0.929712741428652,10.0,,,,charted,398702716.7,0.0,0.0,2015-2024
v2-rolling,Zambia,2026,0.21559631874186133,0.14426396888494117,-1.0907649797362207,1.379292917506103,0.41167631620705397,0.17327290166734616,10.0,,,,charted,496284747.6,0.0,0.0,2016-2025
v2-rolling,Zimbabwe,2020,,,,,,,0.0,,,,insufficient_history: no eligible baseline years,44709511.49,0.0,3.0,
v2-rolling,Zimbabwe,2021,,,,,,,0.0,,,,insufficient_history: no eligible baseline years,6316627.0,0.0,4.0,
v2-rolling,Zimbabwe,2022,,,,,,,1.0,,,,insufficient_history: only 1 baseline years (<8),18878385.0,0.0,4.0,2021-2021
v2-rolling,Zimbabwe,2023,,,,,,,2.0,,,,insufficient_history: only 2 baseline years (<8),2584541.33,0.0,4.0,2021-2022
v2-rolling,Zimbabwe,2024,,,,,,,3.0,,,,insufficient_history: only 3 baseline years (<8),0.0,0.0,4.0,2021-2023
v2-rolling,Zimbabwe,2025,,,,,,,3.0,,,,dormant,0.0,0.0,5.0,2021-2023
v2-rolling,Zimbabwe,2026,,,,,,,3.0,,,,dormant,-2173382.2,0.0,6.0,2021-2023
v2-rolling-naive,Afghanistan,2020,0.5063472078931146,-0.05711499076590529,-2.2020371877659053,2.087807206234095,0.7149740656666667,0.7880876044554542,9.0,,,,charted,541841779.4,0.0,0.0,2011-2019
v2-rolling-naive,Afghanistan,2021,-0.14907750269025807,-0.0016035862715930889,-2.3078367562206368,2.30462958367745,0.7687443899830145,-0.19183738878656847,10.0,,,,charted,465789168.6,0.0,0.0,2011-2020
v2-rolling-naive,Afghanistan,2022,-1.0273305934271417,-0.0016035862715930889,-2.0100583268188053,2.0068511542756187,0.6694849135157374,-1.5321136988271167,10.0,,,,charted,162057958.9,0.0,0.0,2012-2021
v2-rolling-naive,Afghanistan,2023,-3.044522437723423,-0.10278175206344022,-2.4190238762191765,2.213460372092296,0.7720807080519121,-3.810146601230956,10.0,beyond_limits,medium,"Afghanistan FY2023: year-over-year change of -95% is below the expected range -91% to +815% (learned from FY2013-2022, where a typical year was -10%); that is 3.8 robust sigmas from the typical year (limits sit at 3), so 0.8 beyond the -91% limit.",charted,-2594221.8,0.0,0.0,2013-2022
v2-rolling-naive,Afghanistan,2024,2.533742935800557,-0.18721171520684549,-3.31166527927099,2.9372418488572993,1.0414845213547148,2.6125732982263727,10.0,,,,charted,93998325.15,0.0,0.0,2014-2023
v2-rolling-naive,Afghanistan,2025,0.5774167500624545,-0.18721171520684549,-3.444715282665374,3.0702918522516836,1.0858345224861763,0.7041850755661846,10.0,,,,charted,173783345.3,0.0,0.0,2015-2024
v2-rolling-naive,Afghanistan,2026,-0.8620466109534264,0.1781439081482384,-1.9985266817668124,2.354814498063289,0.7255568633050169,-1.4336443795231235,10.0,,,,charted,68707102.33,0.0,0.0,2016-2025
v2-rolling-naive,Africa,2020,0.2693830637881586,-0.09305489655518671,-0.9969754594610648,0.8108656663506913,0.30130685430195936,1.202886542966336,9.0,,,,charted,31149681.83,0.0,0.0,2011-2019
v2-rolling-naive,Africa,2021,-0.838436898746622,-0.08862574682815805,-1.3233567856481954,1.1461052919918795,0.4115770129400125,-1.8218003638306914,10.0,,,,charted,12584631.92,0.0,0.0,2011-2020
v2-rolling-naive,Albania,2020,-0.2664069144293287,-0.3629328226953257,-1.5827619840506435,0.8568963386599922,0.4066097204517726,0.23739203322229918,9.0,,,,charted,402529.74,0.0,0.0,2011-2019
v2-rolling-naive,Albania,2021,-0.5277978516119447,-0.34211181822998504,-1.6908603615852869,1.006636725125317,0.44958284778510066,-0.4130184999199904,10.0,,,,charted,32506.63,0.0,0.0,2011-2020
v2-rolling-naive,Albania,2022,-0.10868633646689592,-0.47413399550849633,-1.882863453389477,0.9345954623724843,0.46957648596032686,0.7782494864371808,10.0,,,,charted,0.0,0.0,0.0,2012-2021
v2-rolling-naive,Albania,2023,0.0,-0.5369757133332311,-2.2817975900762217,1.2078461634097597,0.5816072922476636,0.9232616586667087,10.0,,,,charted,0.0,0.0,0.0,2013-2022
v2-rolling-naive,Albania,2024,0.0,-0.5376132159632295,-2.284746480336544,1.2095200484100852,0.5823777547911049,0.9231348751568781,10.0,,,,charted,0.0,0.0,0.0,2014-2023
v2-rolling-naive,Albania,2025,0.0,-0.5376132159632295,-2.6042534302770073,1.5290269983505484,0.688880071437926,0.7804162701949684,10.0,,,,charted,0.0,0.0,0.0,2015-2024
v2-rolling-naive,Albania,2026,0.0,-0.39801340739608065,-2.168297440812368,1.3722706260202067,0.5900946778054291,0.6744907594765952,10.0,,,,charted,0.0,0.0,0.0,2016-2025
v2-rolling-naive,Angola,2020,-0.9453557209114176,-0.06315682291163119,-1.189538337905329,1.0632246920820665,0.3754605049978993,-2.3496449992915296,9.0,,,,charted,10340932.95,0.0,0.0,2011-2019
v2-rolling-naive,Angola,2021,-0.7387811901603121,-0.1178809838069725,-2.0284119611037963,1.7926499934898512,0.6368436590989413,-0.9749648873505943,10.0,,,,charted,3710856.74,0.0,0.0,2011-2020
v2-rolling-naive,Angola,2022,0.1887486937092163,-0.1178809838069725,-2.0284119611037963,1.7926499934898512,0.6368436590989413,0.48148344281237515,10.0,,,,charted,4970539.22,0.0,0.0,2012-2021
v2-rolling-naive,Angola,2023,-1.1354128309814073,-0.1178809838069725,-1.4850398229605952,1.2492778553466501,0.45571961305120756,-2.2328024031304934,10.0,,,,charted,-42362.35,0.0,0.0,2013-2022
v2-rolling-naive,Angola,2024,0.0,-0.18078285579634532,-2.102784244795733,1.7412185332030423,0.6406671296664626,0.28217907151013444,10.0,,,,charted,0.0,0.0,0.0,2014-2023
v2-rolling-naive,Angola,2025,0.0,-0.18282642360329987,-1.905131795443753,1.5394789482371531,0.5741017906134843,0.31845645945108764,10.0,,,,charted,0.0,0.0,0.0,2015-2024
v2-rolling-naive,Angola,2026,0.0,-0.09723408494323772,-1.5465782544645488,1.3521100845780731,0.4831147231737703,0.20126500038017645,10.0,,,,charted,0.0,0.0,0.0,2016-2025
v2-rolling-naive,Armenia,2020,-0.04785113574714983,-0.22589267173833788,-2.667572314544249,2.2157869710675735,0.8138932142686371,0.21875294310098878,9.0,,,,charted,7113788.01,0.0,0.0,2011-2019
v2-rolling-naive,Armenia,2021,0.06386610873208043,-0.2122275661212301,-2.3357704097787257,1.9113152775362654,0.7078476145524986,0.3900467687919765,10.0,,,,charted,7631248.55,0.0,0.0,2011-2020
v2-rolling-naive,Armenia,2022,-0.6122557384901416,-0.1230352049489739,-1.4906411809475242,1.2445707710495766,0.4558686586661835,-1.0731611490304416,10.0,,,,charted,3808745.4,0.0,0.0,2012-2021
v2-rolling-naive,Armenia,2023,-0.49467098813448024,-0.2137572931232012,-1.7406460923297735,1.313131506083371,0.5089629330688574,-0.5519335039144675,10.0,,,,charted,2079024.89,0.0,0.0,2013-2022
v2-rolling-naive,Armenia,2024,0.10362614597053589,-0.21435049032497966,-1.4727307074179636,1.0440297267680045,0.41946007236432803,0.7580617494847814,10.0,,,,charted,2369584.14,0.0,0.0,2014-2023
v2-rolling-naive,Armenia,2025,-1.9754985631074877,-0.21724976367364288,-1.5496613675553308,1.1151618402080452,0.444137201293896,-3.95879650322372,10.0,beyond_limits,medium,"Armenia FY2025: year-over-year change of -86% is below the expected range -79% to +205% (learned from FY2015-2024, where a typical year was -20%); that is 4.0 robust sigmas from the typical year (limits sit at 3), so 1.0 beyond the -79% limit.",charted,-634432.06,0.0,0.0,2015-2024
v2-rolling-naive,Armenia,2026,0.0,-0.21734399390517267,-1.5522817560395852,1.1175937682292398,0.4449792540448042,0.4884362404079375,10.0,,,,charted,0.0,0.0,0.0,2016-2025
v2-rolling-naive,Azerbaijan,2020,0.0,0.07303256643804977,-2.8884048794681574,3.034470012344257,0.9871458153020691,-0.07398356484518108,9.0,,,,charted,0.0,0.0,0.0,2011-2019
v2-rolling-naive,Azerbaijan,2021,0.0,0.03664042201058422,-2.1771521208804057,2.2504329649015737,0.7379308476303299,-0.04965292090477754,10.0,,,,charted,0.0,0.0,0.0,2011-2020
v2-rolling-naive,Azerbaijan,2022,0.0,0.0,-2.2597263369777196,2.2597263369777196,0.7532421123259065,0.0,10.0,,,,charted,0.0,0.0,0.0,2012-2021
v2-rolling-naive,Azerbaijan,2023,0.0,0.0,-2.291051358458758,2.291051358458758,0.7636837861529193,0.0,10.0,,,,charted,0.0,0.0,0.0,2013-2022
v2-rolling-naive,Azerbaijan,2024,0.0,0.0,-2.336741437052494,2.336741437052494,0.7789138123508313,0.0,10.0,,,,charted,0.0,0.0,0.0,2014-2023
v2-rolling-naive,Azerbaijan,2025,0.0,0.0,-0.9594588225031144,0.9594588225031144,0.31981960750103816,0.0,10.0,,,,charted,0.0,0.0,0.0,2015-2024
v2-rolling-naive,Azerbaijan,2026,,,,,,,10.0,,,,zero_mad: zero baseline variation (MAD = 0),0.0,0.0,0.0,2016-2025
v2-rolling-naive,Bangladesh,2020,-0.33634480994625193,0.1491668559813844,-0.20948871833922295,0.5078224303019918,0.11955185810686912,-4.0610967793878245,9.0,beyond_limits,medium,"Bangladesh FY2020: year-over-year change of -29% is below the expected range -19% to +66% (learned from FY2011-2019, where a typical year was +16%); that is 4.1 robust sigmas from the typical year (limits sit at 3), so 1.1 beyond the -19% limit.",charted,1369681205.0,0.0,0.0,2011-2019
v2-rolling-naive,Bangladesh,2021,0.13335419486498848,0.14274167379346936,-0.2438467846928004,0.5293301322797391,0.12886281949542325,-0.07284862278536665,10.0,,,,charted,1571275693.0,0.0,0.0,2011-2020
v2-rolling-naive,Bangladesh,2022,0.07529101354383295,0.14027217642151318,-0.24428036049236262,0.5248247133353889,0.12818417897129195,-0.5069359058127866,10.0,,,,charted,1698119812.0,0.0,0.0,2012-2021
v2-rolling-naive,Bangladesh,2023,0.12525723200303293,0.13857423031928318,-0.24200308956356736,0.5191515502021338,0.12685910662761685,-0.10497471305186674,10.0,,,,charted,1933435969.0,0.0,0.0,2013-2022
v2-rolling-naive,Bangladesh,2024,0.12017393829386563,0.128252877164377,-0.1280640730331521,0.3845698273619061,0.08543898339917637,-0.09455799389332675,10.0,,,,charted,2188835158.0,0.0,0.0,2014-2023
v2-rolling-naive,Bangladesh,2025,-0.089725238371724,0.1225594676720729,-0.10890822014987275,0.35402715549401853,0.07715589594064855,-2.751373740862201,10.0,,,,charted,1995117289.0,0.0,0.0,2015-2024
v2-rolling-naive,Bangladesh,2026,0.01577275972945267,0.12194242786932265,-0.2135191711348456,0.45740402687349085,0.1118205330013894,-0.9494648727756537,10.0,,,,charted,2028084269.0,0.0,0.0,2016-2025
v2-rolling-naive,Belize,2025,,,,,,,0.0,,,,no_prior_year,0.0,0.0,0.0,
v2-rolling-naive,Belize,2026,,,,,,,0.0,,,,insufficient_history: no eligible baseline years,4832084.08,0.0,0.0,
v2-rolling-naive,Benin,2020,0.6134306532961354,0.2104514908959672,-0.5986691150582062,1.0195720968501405,0.2697068686513911,1.4941375591032422,9.0,,,,charted,276698103.2,0.0,0.0,2011-2019
v2-rolling-naive,Benin,2021,-0.043662708714854996,0.26162781650633427,-0.9839822568942828,1.5072378899069512,0.4152033578002057,-0.7352795190256962,10.0,,,,charted,264649325.9,0.0,0.0,2011-2020
v2-rolling-naive,Benin,2022,0.11414880051694738,0.13059724490238037,-1.01434471631614,1.275539206120901,0.38164732040617355,-0.043098545452716644,10.0,,,,charted,297349754.3,0.0,0.0,2012-2021
v2-rolling-naive,Benin,2023,0.48945670507281686,0.16029617556559564,-0.9809594419398624,1.3015517930710536,0.380418539168486,0.865258907272753,10.0,,,,charted,489649129.2,0.0,0.0,2013-2022
v2-rolling-naive,Benin,2024,0.21406408861455717,0.2576071387022806,-0.9267666491744456,1.441980926579007,0.3947912626255754,-0.1102938545248914,10.0,,,,charted,608290413.1,0.0,0.0,2014-2023
v2-rolling-naive,Benin,2025,-0.3121406514160293,0.21021580953896474,-0.6788445969292987,1.0992762160072282,0.2963534688227545,-1.7626129467288578,10.0,,,,charted,443165747.6,0.0,0.0,2015-2024
v2-rolling-naive,Benin,2026,0.3375355833662976,0.20501380201530311,-0.6374835792905877,1.047511183321194,0.28083246043529697,0.4718891154732703,10.0,,,,charted,626404827.9,0.0,0.0,2016-2025
v2-rolling-naive,Bhutan,2020,0.5306014588284095,0.15404480234978368,-5.169080096082918,5.477169700782485,1.7743749661442338,0.21221932436123908,9.0,,,,charted,56759408.59,0.0,0.0,2011-2019
v2-rolling-naive,Bhutan,2021,-0.4395215364907223,0.2773083706716375,-4.764382827749994,5.31899956909327,1.6805637328072107,-0.4265413403661689,10.0,,,,charted,36093195.95,0.0,0.0,2011-2020
v2-rolling-naive,Bhutan,2022,0.5090546300177414,-0.029017269709530003,-3.3505329077456785,3.2924983683266187,1.1071718793453829,0.48598768607219983,10.0,,,,charted,61139878.51,0.0,0.0,2012-2021
v2-rolling-naive,Bhutan,2023,-2.353679451538547,0.2747403145999662,-2.3850100807093617,2.934490709909294,0.8865834651031093,-2.964661387896321,10.0,,,,charted,4321872.49,0.0,0.0,2013-2022
v2-rolling-naive,Bhutan,2024,2.271746261669699,-0.029017269709530003,-2.4596303052374697,2.40159576581841,0.81020434517598,2.8397324021750254,10.0,,,,charted,56200910.12,0.0,0.0,2014-2023
v2-rolling-naive,Bhutan,2025,-2.6003144167259804,0.2747403145999662,-2.3850100807093617,2.934490709909294,0.8865834651031093,-3.242847227013848,10.0,beyond_limits,medium,"Bhutan FY2025: year-over-year change of -93% is below the expected range -91% to +1781% (learned from FY2015-2024, where a typical year was +32%); that is 3.2 robust sigmas from the typical year (limits sit at 3), so 0.2 beyond the -91% limit.",charted,2651220.18,0.0,0.0,2015-2024
v2-rolling-naive,Bhutan,2026,2.799169313202571,0.2747403145999662,-2.3850100807093617,2.934490709909294,0.8865834651031093,2.8473675609425166,10.0,,,,charted,68927022.45,0.0,0.0,2016-2025
v2-rolling-naive,Bolivia,2020,-1.2067317728521039,0.07881650990866788,-1.506328516980425,1.663961536797761,0.5283816756296976,-2.43299179750835,9.0,,,,charted,15159598.76,0.0,0.0,2011-2019
v2-rolling-naive,Bolivia,2021,1.163002070999583,0.006443915887896723,-2.146432646372794,2.159320478148587,0.7176255207535635,1.611645798071965,10.0,,,,charted,53917826.95,0.0,0.0,2011-2020
v2-rolling-naive,Bolivia,2022,-0.6770750956486241,0.00641465314128755,-3.138523956717278,3.1513532629998533,1.0483128699528552,-0.6519902296159443,10.0,,,,charted,26069593.71,0.0,0.0,2012-2021
v2-rolling-naive,Bolivia,2023,0.4825425058730272,-0.0992388453177452,-2.7949635454251265,2.596485854789636,0.8985749000357937,0.6474489229196118,10.0,,,,charted,43909616.99,0.0,0.0,2013-2022
v2-rolling-naive,Bolivia,2024,-0.1366607410394988,-0.09291630023796155,-2.816762416351204,2.630929815875281,0.9079487053710809,-0.04817941866402991,10.0,,,,charted,37956513.65,0.0,0.0,2014-2023
v2-rolling-naive,Bolivia,2025,-0.44018666415045604,-0.20689045075086615,-2.9113886606605637,2.4976077591588317,0.9014994033032325,-0.2587868750048604,10.0,,,,charted,23480851.36,0.0,0.0,2015-2024
v2-rolling-naive,Bolivia,2026,-0.7351742940715554,-0.3631431647644804,-1.9250002636768513,1.1987139341478903,0.5206190329707903,-0.7145937926705576,10.0,,,,charted,10114314.9,0.0,0.0,2016-2025
v2-rolling-naive,Bosnia and Herzegovina,2020,0.030960171085852042,-0.0027466047678624365,-1.6042093265073658,1.598716116971641,0.5338209072465011,0.06314247980203179,9.0,,,,charted,26299014.29,0.0,0.0,2011-2019
v2-rolling-naive,Bosnia and Herzegovina,2021,-1.4014483350220595,0.014114446558845022,-1.1673923283140288,1.1956212214317188,0.39383559162429127,-3.594298767520519,10.0,beyond_limits,medium,"Bosnia and Herzegovina FY2021: year-over-year change of -75% is below the expected range -69% to +231% (learned from FY2011-2020, where a typical year was +1%); that is 3.6 robust sigmas from the typical year (limits sit at 3), so 0.6 beyond the -69% limit.",charted,5378099.04,0.0,0.0,2011-2020
v2-rolling-naive,Bosnia and Herzegovina,2022,-1.6272704524426447,-0.06571581479760921,-1.2528336706882068,1.1214020410929886,0.39570595196353253,-3.946250062442693,10.0,beyond_limits,medium,"Bosnia and Herzegovina FY2022: year-over-year change of -80% is below the expected range -71% to +207% (learned from FY2012-2021, where a typical year was -6%); that is 3.9 robust sigmas from the typical year (limits sit at 3), so 0.9 beyond the -71% limit.",charted,0.0,0.0,0.0,2012-2021
v2-rolling-naive,Bosnia and Herzegovina,2023,0.0,-0.06581378338834791,-1.2546219199118738,1.122994353135178,0.3962693788411753,0.16608344450133772,10.0,,,,charted,0.0,0.0,0.0,2013-2022
v2-rolling-naive,Bosnia and Herzegovina,2024,0.0,-0.0013897099364467728,-0.7026545242053858,0.6998751043324921,0.2337549380896463,0.005945157556046202,10.0,,,,charted,0.0,0.0,0.0,2014-2023
v2-rolling-naive,Bosnia and Herzegovina,2025,0.0,-0.0013897099364467728,-0.6654535519139524,0.6626741320410587,0.22135461399250186,0.006278206319629044,10.0,,,,charted,0.0,0.0,0.0,2015-2024
v2-rolling-naive,Bosnia and Herzegovina,2026,0.0,0.0,-0.6641272527851512,0.6641272527851512,0.2213757509283837,0.0,10.0,,,,charted,0.0,0.0,0.0,2016-2025
v2-rolling-naive,Botswana,2020,,,,,,,9.0,,,,zero_mad: zero baseline variation (MAD = 0),0.0,0.0,0.0,2011-2019
v2-rolling-naive,Botswana,2021,,,,,,,10.0,,,,zero_mad: zero baseline variation (MAD = 0),0.0,0.0,0.0,2011-2020
v2-rolling-naive,Botswana,2022,,,,,,,10.0,,,,zero_mad: zero baseline variation (MAD = 0),0.0,0.0,0.0,2012-2021
v2-rolling-naive,Botswana,2023,,,,,,,10.0,,,,zero_mad: zero baseline variation (MAD = 0),0.0,0.0,0.0,2013-2022
v2-rolling-naive,Botswana,2024,,,,,,,10.0,,,,zero_mad: zero baseline variation (MAD = 0),0.0,0.0,0.0,2014-2023
v2-rolling-naive,Burkina Faso,2020,0.33594255688884633,-0.015452748120811087,-1.6113513837951297,1.5804458875535075,0.5319662118914396,0.6605594437290466,9.0,,,,charted,437290840.5,0.0,0.0,2011-2019
v2-rolling-naive,Burkina Faso,2021,0.044156929847261106,0.039307479664435166,-1.3408837086619383,1.4194986679908088,0.4600637294421245,0.010540822656692383,10.0,,,,charted,457728169.3,0.0,0.0,2011-2020
v2-rolling-naive,Burkina Faso,2022,-0.16088429175088353,0.06907638311038852,-1.0123947156364912,1.150547481857268,0.3604903662489599,-0.6379107360179991,10.0,,,,charted,387412961.8,0.0,0.0,2012-2021
v2-rolling-naive,Burkina Faso,2023,0.3949173365676131,0.014363216585890516,-0.7428800377608294,0.7716064709326106,0.25241441811557336,1.507656031786099,10.0,,,,charted,582851618.4,0.0,0.0,2013-2022
v2-rolling-naive,Burkina Faso,2024,-0.0965294706089989,0.0688356777323504,-1.0296527724171038,1.1673241278818047,0.36616281671648476,-0.4516164416262655,10.0,,,,charted,527680718.6,0.0,0.0,2014-2023
v2-rolling-naive,Burkina Faso,2025,0.129860356519866,0.01434192798061687,-0.620527490628819,0.6492113465900526,0.2116231395364786,0.5458686077159185,10.0,,,,charted,603210344.5,0.0,0.0,2015-2024
v2-rolling-naive,Burkina Faso,2026,-0.07583616595653388,0.06834902725692675,-0.618519716084072,0.7552177705979254,0.22895624778033288,-0.6297499832884927,10.0,,,,charted,557742048.7,0.0,0.0,2016-2025
v2-rolling-naive,Burundi,2020,0.059140072897283444,0.017748565232931324,-1.3035546183637523,1.3390517488296148,0.4404343945322279,0.09397882676332033,9.0,,,,charted,110073213.7,0.0,0.0,2011-2019
v2-rolling-naive,Burundi,2021,-0.28449159219067444,0.038429598668136056,-0.9836443315984704,1.0605035289347424,0.3406913100888688,-0.9478409965155171,10.0,,,,charted,81731842.56,0.0,0.0,2011-2020
v2-rolling-naive,Burundi,2022,0.36466305886819544,-0.034864629852621815,-1.321052757935119,1.2513234982298753,0.42872937602749905,0.9318878319529735,10.0,,,,charted,119592085.3,0.0,0.0,2012-2021
v2-rolling-naive,Burundi,2023,0.062119452406321364,0.038459050831055865,-1.405714606109766,1.4826327077718777,0.481391218980274,0.04915004811551212,10.0,,,,charted,127532808.1,0.0,0.0,2013-2022
v2-rolling-naive,Burundi,2024,0.45389285410758706,0.06064055492168312,-1.3835331020191388,1.504814211862505,0.481391218980274,0.8169079195481093,10.0,,,,charted,203266344.9,0.0,0.0,2014-2023
v2-rolling-naive,Burundi,2025,-0.045931884824265176,0.1883793053103469,-0.9416800780323675,1.3184386886530612,0.37668646111423815,-0.6220324177341544,10.0,,,,charted,193944050.4,0.0,0.0,2015-2024
v2-rolling-naive,Burundi,2026,0.32625092477435963,0.18685502900254009,-0.8621093977569436,1.235819455762024,0.3496548089198279,0.3986671775012868,10.0,,,,charted,270756870.0,0.0,0.0,2016-2025
v2-rolling-naive,Cabo Verde,2020,0.9725557668165515,-0.3080992562312846,-6.464159567532268,5.847961055069699,2.0520201037669943,0.6240947740701345,9.0,,,,charted,68032485.26,0.0,0.0,2011-2019
v2-rolling-naive,Cabo Verde,2021,-0.010387664456095564,0.33163279381270483,-4.4515899343875684,5.114855522012979,1.5944075760667578,-0.2145125646683957,10.0,,,,charted,67321138.85,0.0,0.0,2011-2020
v2-rolling-naive,Cabo Verde,2022,-0.37967666229504277,0.4788502643001031,-3.7580190941957836,4.71571962279599,1.4122897861652957,-0.6078971433520395,10.0,,,,charted,45781127.05,0.0,0.0,2012-2021
v2-rolling-naive,Cabo Verde,2023,0.510230004704953,0.4659853422293263,-3.120568911882269,4.052539596340922,1.1955180847038651,0.03700877723366798,10.0,,,,charted,76963672.98,0.0,0.0,2013-2022
v2-rolling-naive,Cabo Verde,2024,-0.4739902632401887,0.2494315009892043,-2.7953605395740437,3.2942235415524523,1.0149306801877493,-0.712779481743097,10.0,,,,charted,47463893.1,0.0,0.0,2014-2023
v2-rolling-naive,Cabo Verde,2025,0.3056610988875259,0.24909364573397813,-2.7447438283451437,3.2429311198131,0.9979458246930406,0.05668389180439472,10.0,,,,charted,64885648.7,0.0,0.0,2015-2024
v2-rolling-naive,Cabo Verde,2026,0.1779541950968327,0.14502993994384858,-2.1971034708263413,2.4871633507140385,0.7807111369233967,0.04217213460375503,10.0,,,,charted,77969305.88,0.0,0.0,2016-2025
v2-rolling-naive,Cambodia,2020,0.34318508390588737,0.04595082477344958,-2.291194114746284,2.383095764293183,0.7790483131732444,0.38153507825687183,9.0,,,,charted,78345915.25,0.0,0.0,2011-2019
v2-rolling-naive,Cambodia,2021,-0.11864077595123405,0.12620635345700054,-1.5577041071475988,1.8101168140616,0.5613034868681998,-0.43621166648075255,10.0,,,,charted,69337894.67,0.0,0.0,2011-2020
v2-rolling-naive,Cambodia,2022,1.3227480356587562,0.07225967788713511,-1.6116507827174642,1.7561701384917345,0.5613034868681998,2.2278293062969152,10.0,,,,charted,266261774.0,0.0,0.0,2012-2021
v2-rolling-naive,Cambodia,2023,0.38558336657798287,0.27439914713697805,-1.653228883995212,2.202027178269168,0.6425426770440633,0.1730378750132113,10.0,,,,charted,392553254.6,0.0,0.0,2013-2022
v2-rolling-naive,Cambodia,2024,-1.0465166526676106,0.36380758597150886,-1.2892713673229113,2.016886539265929,0.5510263177648067,-2.5594498723037127,10.0,,,,charted,136427085.0,0.0,0.0,2014-2023
v2-rolling-naive,Cambodia,2025,1.1247889529603814,0.36206832155394686,-2.0128383717567995,2.736975014864693,0.7916355644369154,0.9634744390860612,10.0,,,,charted,425856733.8,0.0,0.0,2015-2024
v2-rolling-naive,Cambodia,2026,-0.635637523120259,0.43495045953824196,-1.8947459852513555,2.764646904327839,0.7765654815965325,-1.3786190708058397,10.0,,,,charted,223901932.9,0.0,0.0,2016-2025
v2-rolling-naive,Cameroon,2020,1.0216553412724194,-0.037046733729382796,-0.3137117083026979,0.23961824084393232,0.09222165819110505,11.479972229602742,9.0,beyond_limits,high,"Cameroon FY2020: year-over-year change of +178% is above the expected range -27% to +27% (learned from FY2011-2019, where a typical year was -4%); that is 11.5 robust sigmas from the typical year (limits sit at 3), so 8.5 beyond the +27% limit.",charted,314896362.1,0.0,0.0,2011-2019
v2-rolling-naive,Cameroon,2021,-0.6238081919398928,-0.015807291145506563,-0.4300762592254839,0.3984616769344708,0.13808965602665912,-4.402943118903907,10.0,beyond_limits,medium,"Cameroon FY2021: year-over-year change of -46% is below the expected range -35% to +49% (learned from FY2011-2020, where a typical year was -2%); that is 4.4 robust sigmas from the typical year (limits sit at 3), so 1.4 beyond the -35% limit.",charted,165938707.0,0.0,0.0,2011-2020
v2-rolling-naive,Cameroon,2022,0.35175094397489515,-0.01578562017319249,-0.7110759504837273,0.6795047101373423,0.23176344343684493,1.585826300722187,10.0,,,,charted,238541175.0,0.0,0.0,2012-2021
v2-rolling-naive,Cameroon,2023,0.17913234241845266,0.024931214471518588,-1.075055450587909,1.1249178795309462,0.3666622216864759,0.4205536289985931,10.0,,,,charted,286657687.8,0.0,0.0,2013-2022
v2-rolling-naive,Cameroon,2024,0.05583707462338183,0.024874664267929492,-0.691984275264459,0.741733603800318,0.23895297984412953,0.1295753263911976,10.0,,,,charted,303520647.9,0.0,0.0,2014-2023
v2-rolling-naive,Cameroon,2025,0.4357973000506191,0.07087101354110309,-0.5778036956752364,0.7195457227574424,0.21622490307211312,1.6877162682219335,10.0,,,,charted,473508357.0,0.0,0.0,2015-2024
v2-rolling-naive,Cameroon,2026,0.2627590239738391,0.13186250016290765,-0.7578983153554575,1.0216233156812728,0.2965869385061217,0.44134284695827786,10.0,,,,charted,618297249.9,0.0,0.0,2016-2025
v2-rolling-naive,Caribbean,2020,2.0526356846322065,-0.559695794258641,-5.888881286244504,4.769489697727223,1.7763951639952877,1.470580156847228,9.0,,,,charted,1750102.07,0.0,0.0,2011-2019
v2-rolling-naive,Caribbean,2021,0.18576611450079558,-0.3914196832030922,-6.064963450442156,5.282124084035972,1.8911812557463548,0.3051985609259338,10.0,,,,charted,2127783.01,0.0,0.0,2011-2020
v2-rolling-naive,Caribbean,2022,-0.3290643517637751,-0.018688728823373857,-5.33121381735204,5.293836359705292,1.770841696176222,-0.175270112292135,10.0,,,,charted,1503105.32,0.0,0.0,2012-2021
v2-rolling-naive,Caribbean,2023,0.8743186201365184,-0.018688728823373857,-3.3472806389165206,3.3099031812697732,1.1095306366977156,0.8048514564841045,10.0,,,,charted,3743030.29,0.0,0.0,2013-2022
v2-rolling-naive,Caribbean,2024,-1.12655267106312,-0.018688728823373857,-3.3472806389165206,3.3099031812697732,1.1095306366977156,-0.9984978382724699,10.0,,,,charted,1145713.58,0.0,0.0,2014-2023
v2-rolling-naive,Caribbean,2025,0.3847572748066103,-0.018688728823373857,-3.3472806389165206,3.3099031812697732,1.1095306366977156,0.3636186242055977,10.0,,,,charted,1730274.21,0.0,0.0,2015-2024
v2-rolling-naive,Caribbean,2026,0.8420748247968077,-0.018688728823373857,-2.7446208433133688,2.7072433856666214,0.9086440381633317,0.9473055646302019,10.0,,,,charted,4148392.27,0.0,0.0,2016-2025
v2-rolling-naive,Central Africa,2020,0.25669289306023474,0.14160434422851303,-7.617752732745214,7.900961421202241,2.5864523589912425,0.04449668227278235,9.0,,,,charted,4710102.23,0.0,0.0,2011-2019
v2-rolling-naive,Central Africa,2021,-0.5424381657977669,0.18815486231398812,-4.714699770434075,5.0910094950620515,1.6342848775826877,-0.44704141740110437,10.0,,,,charted,2652478.61,0.0,0.0,2011-2020
v2-rolling-naive,Central Africa,2022,0.7496236134313682,0.18896722420274153,-2.47830886487907,2.856243313284553,0.8890920296939371,0.6305943260132792,10.0,,,,charted,5814113.6,0.0,0.0,2012-2021
v2-rolling-naive,Central Africa,2023,-0.23040258403841057,0.18815486231398812,-2.079244231053725,2.4555539556817014,0.7557996977892377,-0.5537941435762754,10.0,,,,charted,4575554.72,0.0,0.0,2013-2022
v2-rolling-naive,Central Africa,2024,0.04677287182893216,0.0025184147781816407,-2.2293875554697045,2.234424385026068,0.7439686567492955,0.059484303067438904,10.0,,,,charted,4805605.27,0.0,0.0,2014-2023
v2-rolling-naive,Central Africa,2025,-0.0035939020347245296,-0.09118443777836074,-1.852690618400137,1.6703217428434154,0.5871687268739254,0.14917438844191597,10.0,,,,charted,4787520.53,0.0,0.0,2015-2024
v2-rolling-naive,Central Africa,2026,-3.060055130450701,-0.11633587508157081,-1.8778420557033468,1.6451703055402052,0.5871687268739253,-5.013412875446268,10.0,beyond_limits,high,"Central Africa FY2026: year-over-year change of -95% is below the expected range -85% to +418% (learned from FY2016-2025, where a typical year was -11%); that is 5.0 robust sigmas from the typical year (limits sit at 3), so 2.0 beyond the -85% limit.",charted,-2317592.54,0.0,0.0,2016-2025
v2-rolling-naive,Central African Republic,2020,-0.7189908920104587,0.3482762131861815,-1.1948118284165758,1.8913642547889387,0.5143626805342524,-2.0749310663209535,9.0,,,,charted,75333621.16,0.0,0.0,2011-2019
v2-rolling-naive,Central African Republic,2021,0.7741530896604251,0.17382473971056867,-2.0203351980436364,2.3679846774647735,0.7313866459180683,0.8208084647160848,10.0,,,,charted,165919853.5,0.0,0.0,2011-2020
v2-rolling-naive,Central African Republic,2022,-0.3878276604760972,0.17380822853802572,-2.2119999891082744,2.5596164461843256,0.7952694058820999,-0.706220916912006,10.0,,,,charted,111881936.0,0.0,0.0,2012-2021
v2-rolling-naive,Central African Republic,2023,0.05012145063742751,0.05905551285809951,-2.1082028790429668,2.2263139047591656,0.7224194639670221,-0.012366862558785979,10.0,,,,charted,117761040.9,0.0,0.0,2013-2022
v2-rolling-naive,Central African Republic,2024,0.16540501648204495,0.1897675624749823,-2.0569207867036186,2.4364559116535833,0.748896116392867,-0.0325312756464568,10.0,,,,charted,139620340.3,0.0,0.0,2014-2023
v2-rolling-naive,Central African Republic,2025,-0.1650807508188425,0.10733720036911301,-2.1305920007943797,2.345266401532606,0.745976400387831,-0.3651830688562349,10.0,,,,charted,117771611.2,0.0,0.0,2015-2024
v2-rolling-naive,Central African Republic,2026,0.7038897550751207,0.10598859495164133,-1.6609851580108745,1.872962347914157,0.5889912509875053,1.0151274048995391,10.0,,,,charted,243802137.7,0.0,0.0,2016-2025
v2-rolling-naive,Central Asia,2020,0.15183537347002327,-0.01282853451158933,-1.6978856073922348,1.6722285383690563,0.5616856909602151,0.29316023290555204,9.0,,,,charted,3294818.75,0.0,0.0,2011-2019
v2-rolling-naive,Central Asia,2021,0.3862130074801331,0.06950341947921697,-1.1050600822118617,1.2440669211702957,0.39152116723035957,0.8089207289642492,10.0,,,,charted,4895129.71,0.0,0.0,2011-2020
v2-rolling-naive,Central Asia,2022,-0.49679344440523804,0.2589293236206628,-1.1391309684677506,1.656989615709076,0.4660200973628044,-1.62165274052024,10.0,,,,charted,2939429.81,0.0,0.0,2012-2021
v2-rolling-naive,Central Asia,2023,-0.0015952021992986288,0.2589293236206628,-1.1391309684677506,1.656989615709076,0.4660200973628044,-0.5590413960562279,10.0,,,,charted,2934585.17,0.0,0.0,2013-2022
v2-rolling-naive,Central Asia,2024,-3.0836452097067366,0.253456006391141,-1.0407994626111379,1.54771147539342,0.4314184896674263,-7.73518357701914,10.0,beyond_limits,high,"Central Asia FY2024: year-over-year change of -95% is below the expected range -65% to +370% (learned from FY2014-2023, where a typical year was +29%); that is 7.7 robust sigmas from the typical year (limits sit at 3), so 4.7 beyond the -65% limit.",charted,-1411.79,0.0,0.0,2014-2023
v2-rolling-naive,Central Asia,2026,,,,,,,10.0,,,,no_prior_year,0.0,0.0,0.0,2015-2024
v2-rolling-naive,Chad,2020,0.3386482195891908,0.13357231528656344,-0.0583505646166525,0.3254951951897794,0.06397429330107197,3.205598588444134,9.0,beyond_limits,medium,"Chad FY2020: year-over-year change of +40% is above the expected range -6% to +38% (learned from FY2011-2019, where a typical year was +14%); that is 3.2 robust sigmas from the typical year (limits sit at 3), so 0.2 beyond the +38% limit.",charted,181040152.2,0.0,0.0,2011-2019
v2-rolling-naive,Chad,2021,-0.6965651166698417,0.14941287514863363,-0.35165653544098396,0.6504822857382513,0.16702313686320586,-5.065034747319722,10.0,beyond_limits,high,"Chad FY2021: year-over-year change of -50% is below the expected range -30% to +92% (learned from FY2011-2020, where a typical year was +16%); that is 5.1 robust sigmas from the typical year (limits sit at 3), so 2.1 beyond the -30% limit.",charted,89549419.38,0.0,0.0,2011-2020
v2-rolling-naive,Chad,2022,0.12003110747703735,0.14527928879488905,-0.5785579838348875,0.8691165614246656,0.24127909087659222,-0.10464305558398122,10.0,,,,charted,101478567.1,0.0,0.0,2012-2021
v2-rolling-naive,Chad,2023,0.5576718216925658,0.12410473554763618,-0.43846553591378884,0.6866750070090613,0.18752342382047502,2.3120689528365466,10.0,,,,charted,180585489.6,0.0,0.0,2013-2022
v2-rolling-naive,Chad,2024,0.6789110572438699,0.14441316860811348,-0.4183646602383404,0.7071909974545674,0.18759260961548463,2.849248111273339,10.0,,,,charted,360504654.0,0.0,0.0,2014-2023
v2-rolling-naive,Chad,2025,0.14629078089085568,0.16354740336601342,-0.40031560955208695,0.7274104162841137,0.18795433763936678,-0.09181284503403432,10.0,,,,charted,418095245.2,0.0,0.0,2015-2024
v2-rolling-naive,Chad,2026,0.11476747293889701,0.16307513600777307,-0.3069652993793505,0.6331155713948966,0.1566801451290412,-0.3083202599097036,10.0,,,,charted,469597771.1,0.0,0.0,2016-2025
v2-rolling-naive,China,2020,,,,,,,9.0,,,,zero_mad: zero baseline variation (MAD = 0),0.0,0.0,0.0,2011-2019
v2-rolling-naive,China,2021,,,,,,,10.0,,,,zero_mad: zero baseline variation (MAD = 0),0.0,0.0,0.0,2011-2020
v2-rolling-naive,China,2022,,,,,,,10.0,,,,zero_mad: zero baseline variation (MAD = 0),0.0,0.0,0.0,2012-2021
v2-rolling-naive,China,2023,,,,,,,10.0,,,,zero_mad: zero baseline variation (MAD = 0),0.0,0.0,0.0,2013-2022
v2-rolling-naive,China,2024,,,,,,,10.0,,,,zero_mad: zero baseline variation (MAD = 0),0.0,0.0,0.0,2014-2023
v2-rolling-naive,China,2025,,,,,,,10.0,,,,zero_mad: zero baseline variation (MAD = 0),0.0,0.0,0.0,2015-2024
v2-rolling-naive,China,2026,,,,,,,10.0,,,,zero_mad: zero baseline variation (MAD = 0),0.0,0.0,0.0,2016-2025
v2-rolling-naive,Comoros,2020,0.9289517864934177,0.021147864944341146,-2.975567456774175,3.017863186662857,0.9989051072395053,0.908798958949976,9.0,,,,charted,16877484.34,0.0,0.0,2011-2019
v2-rolling-naive,Comoros,2021,0.7575245131591501,0.1664082674696667,-2.657311632142413,2.990128167081746,0.9412399665373599,0.6280186421153428,10.0,,,,charted,36366190.73,0.0,0.0,2011-2020
v2-rolling-naive,Comoros,2022,-0.21024826409953257,0.16592796829526577,-2.315575687789109,2.6474316243796405,0.8271678853614582,-0.4547761573582076,10.0,,,,charted,29404963.85,0.0,0.0,2012-2021
v2-rolling-naive,Comoros,2023,0.08645437998273883,0.16576134896201922,-1.9269779083903962,2.2585006063144344,0.6975797524508051,-0.1136887484200214,10.0,,,,charted,32092209.53,0.0,0.0,2013-2022
v2-rolling-naive,Comoros,2024,0.8557040379440395,0.05352218989956994,-1.2209327538654904,1.3279771336646302,0.4248183145883534,1.8882939376608077,10.0,,,,charted,76102937.53,0.0,0.0,2014-2023
v2-rolling-naive,Comoros,2025,-0.23279977851915704,0.052421394544333005,-2.11720491248025,2.222047701568916,0.7232087690081944,-0.3943829019864364,10.0,,,,charted,60122023.14,0.0,0.0,2015-2024
v2-rolling-naive,Comoros,2026,0.533668667325357,0.05208189534578628,-2.1057568776915163,2.2099206683830888,0.7192795910124342,0.6695404374002953,10.0,,,,charted,103206502.5,0.0,0.0,2016-2025
v2-rolling-naive,"Congo, Democratic Republic of",2020,-0.019250825434661275,-0.028563259704404115,-0.48741582329205935,0.43028930388325115,0.15295085452921842,0.06088514051396734,9.0,,,,charted,448537952.9,0.0,0.0,2011-2019
v2-rolling-naive,"Congo, Democratic Republic of",2021,0.40244576988108166,-0.02388888993054172,-0.3093336775906174,0.26155589772953397,0.09514826255335856,4.48074035584767,10.0,beyond_limits,medium,"Congo, Democratic Republic of FY2021: year-over-year change of +50% is above the expected range -27% to +30% (learned from FY2011-2020, where a typical year was -2%); that is 4.5 robust sigmas from the typical year (limits sit at 3), so 1.5 beyond the +30% limit.",charted,680598472.5,0.0,0.0,2011-2020
v2-rolling-naive,"Congo, Democratic Republic of",2022,0.14213662952517578,0.027460546178662615,-0.43731045841980354,0.49223155077712877,0.15492366819948872,0.7402102253275438,10.0,,,,charted,787974444.5,0.0,0.0,2012-2021
v2-rolling-naive,"Congo, Democratic Republic of",2023,0.7007944111034138,0.0274498888387872,-0.40746635277374743,0.4623661304513218,0.14497208053751154,4.644649644042314,10.0,beyond_limits,medium,"Congo, Democratic Republic of FY2023: year-over-year change of +102% is above the expected range -33% to +59% (learned from FY2013-2022, where a typical year was +3%); that is 4.6 robust sigmas from the typical year (limits sit at 3), so 1.6 beyond the +59% limit.",charted,1610969043.0,0.0,0.0,2013-2022
v2-rolling-naive,"Congo, Democratic Republic of",2024,-0.6734188007875737,0.10806649650197492,-0.5016533211037444,0.7177863141076941,0.20323993920190642,-3.8451364449247882,10.0,beyond_limits,medium,"Congo, Democratic Republic of FY2024: year-over-year change of -49% is below the expected range -39% to +105% (learned from FY2014-2023, where a typical year was +11%); that is 3.8 robust sigmas from the typical year (limits sit at 3), so 0.8 beyond the -39% limit.",charted,810470263.0,0.0,0.0,2014-2023
v2-rolling-naive,"Congo, Democratic Republic of",2025,0.5851726005317289,0.02742799762451432,-0.5885326314288678,0.6433886266778964,0.2053202096844607,2.7164622701504406,10.0,,,,charted,1473235791.0,0.0,0.0,2015-2024
v2-rolling-naive,"Congo, Democratic Republic of",2026,-0.33497356621045526,0.10800964234250618,-0.5776511593794362,0.7936704440644486,0.2285536005739808,-1.938202712363622,10.0,,,,charted,1047376406.0,0.0,0.0,2016-2025
v2-rolling-naive,"Congo, Republic of",2020,0.23214024551729037,-0.027340850313599525,-1.4358716291120739,1.381189928484875,0.4695102595994915,0.5526633135817656,9.0,,,,charted,36440055.27,0.0,0.0,2011-2019
v2-rolling-naive,"Congo, Republic of",2021,0.7160271222422341,0.06941958462632716,-1.2445467340527074,1.383385903305362,0.4379887728930116,1.4763107587094593,10.0,,,,charted,75811775.33,0.0,0.0,2011-2020
v2-rolling-naive,"Congo, Republic of",2022,-0.3244287538580214,0.0689450268894835,-1.2383280483207544,1.3762181020997215,0.43575769173674594,-0.902735139750909,10.0,,,,charted,54455114.04,0.0,0.0,2012-2021
v2-rolling-naive,"Congo, Republic of",2023,0.9480195223030445,-0.12476339025165262,-1.2931553510589593,1.0436285705556538,0.38946398693576884,2.7545111962601636,10.0,,,,charted,142793066.2,0.0,0.0,2013-2022
v2-rolling-naive,"Congo, Republic of",2024,-0.16702557693364628,0.06801749018359687,-1.7896185710507575,1.9256535514179511,0.6192120204114514,-0.3795841478675797,10.0,,,,charted,120607769.2,0.0,0.0,2014-2023
v2-rolling-naive,"Congo, Republic of",2025,-0.76646417898715,0.06778631010724118,-1.4480870377775923,1.5836596579920745,0.5052911159616111,-1.6510294021432435,10.0,,,,charted,55251062.15,0.0,0.0,2015-2024
v2-rolling-naive,"Congo, Republic of",2026,0.8796808022648953,0.06589544427611514,-1.424952509486824,1.5567433980390541,0.4969493179209797,1.637562078550193,10.0,,,,charted,135731518.9,0.0,0.0,2016-2025
v2-rolling-naive,Cote d'Ivoire,2020,0.4424405086021292,0.2188341693390644,-0.5028404595453305,0.9405087982234593,0.24055820962813163,0.9295311085359672,9.0,,,,charted,455657102.4,0.0,0.0,2011-2019
v2-rolling-naive,Cote d'Ivoire,2021,0.42823037772834527,0.2375610077756535,-0.5605879608788013,1.0357099764301083,0.2660496562181516,0.7166683568136222,10.0,,,,charted,704703325.7,0.0,0.0,2011-2020
v2-rolling-naive,Cote d'Ivoire,2022,-0.5407546261807521,0.2603576144106313,-0.504957815766121,1.0256730445873836,0.25510514339225077,-3.1403217902180427,10.0,beyond_limits,medium,"Cote d'Ivoire FY2022: year-over-year change of -42% is below the expected range -40% to +179% (learned from FY2012-2021, where a typical year was +30%); that is 3.1 robust sigmas from the typical year (limits sit at 3), so 0.1 beyond the -40% limit.",charted,405439660.6,0.0,0.0,2012-2021
v2-rolling-naive,Cote d'Ivoire,2023,0.8429651470397609,0.23395304223758318,-0.5299000881955174,0.9978061726706837,0.25461771014436685,2.391868595695371,10.0,,,,charted,959416579.8,0.0,0.0,2013-2022
v2-rolling-naive,Cote d'Ivoire,2024,0.04457670062672564,0.25846516754980675,-0.5053396150330998,1.0222699501327133,0.25460159419430217,-0.8400908391793087,10.0,,,,charted,1003756127.0,0.0,0.0,2014-2023
v2-rolling-naive,Cote d'Ivoire,2025,0.23859835564318768,0.23246775743499026,-0.6139185727644523,1.0788540876344328,0.2821287767331475,0.0217297869405079,10.0,,,,charted,1278132295.0,0.0,0.0,2015-2024
v2-rolling-naive,Cote d'Ivoire,2026,-0.5111966622931713,0.2232858937870822,-0.614244200181269,1.0608159877554333,0.2791766979894504,-2.6308877544930644,10.0,,,,charted,758481582.6,0.0,0.0,2016-2025
v2-rolling-naive,Djibouti,2020,0.4586782859656708,0.14575678227076122,-1.1159562467260347,1.4074698112675572,0.4205710096655987,0.7440396425414995,9.0,,,,charted,27011223.62,0.0,0.0,2011-2019
v2-rolling-naive,Djibouti,2021,0.4978989699135894,0.2518220617571727,-0.9022915335113988,1.4059356570257442,0.3847045317561905,0.6396517010939966,10.0,,,,charted,44711403.19,0.0,0.0,2011-2020
v2-rolling-naive,Djibouti,2022,-0.28327458499035524,0.38347650707798664,-0.34002684442878595,1.1069798585847592,0.24116778383559087,-2.76467727763705,10.0,,,,charted,33519788.36,0.0,0.0,2012-2021
v2-rolling-naive,Djibouti,2023,0.5079604960604236,0.24442794996360434,-0.7751084495774412,1.26396434950465,0.33984546651368186,0.7754481729601348,10.0,,,,charted,56158930.37,0.0,0.0,2013-2022
v2-rolling-naive,Djibouti,2024,-0.00012062831373529847,0.28027593173924237,-0.6991595929006911,1.2597114563791758,0.32647850821331115,-0.8588515108926406,10.0,,,,charted,56152068.56,0.0,0.0,2014-2023
v2-rolling-naive,Djibouti,2025,-0.11553187203526587,0.27759129239820124,-0.7070949037383639,1.2622774885347665,0.3282287320455217,-1.1977110047116328,10.0,,,,charted,49933133.53,0.0,0.0,2015-2024
v2-rolling-naive,Djibouti,2026,0.397073099702379,0.1164124950295814,-1.22334850988018,1.456173499939343,0.44658700163658716,0.6284567254404481,10.0,,,,charted,74932122.3,0.0,0.0,2016-2025
v2-rolling-naive,Dominica,2020,1.3203683617787612,0.10007377452740845,-1.5250582135627266,1.7252057626175437,0.5417106626967118,2.252668576203678,9.0,,,,charted,16209385.34,0.0,0.0,2011-2019
v2-rolling-naive,Dominica,2021,1.0407386768383997,0.11344154104531942,-1.7672864490450848,1.9941695311357235,0.6269093300301347,1.4791566999784582,10.0,,,,charted,46076887.7,0.0,0.0,2011-2020
v2-rolling-naive,Dominica,2022,0.297328335470169,0.21474892002928617,-2.1093401162125827,2.538837956271155,0.7746963454139563,0.1065958500123772,10.0,,,,charted,62065969.89,0.0,0.0,2012-2021
v2-rolling-naive,Dominica,2023,-0.7198666080820555,0.30000843398275545,-1.6574229403880736,2.2574398083535843,0.6524771247902763,-1.563081682584085,10.0,,,,charted,30163462.72,0.0,0.0,2013-2022
v2-rolling-naive,Dominica,2024,-0.4981020291080711,0.19041025333316391,-2.8619607141761914,3.242781220842519,1.017456989169785,-0.6766991526620116,10.0,,,,charted,18246351.88,0.0,0.0,2014-2023
v2-rolling-naive,Dominica,2025,1.6091506908342776,0.14789322552848824,-3.1902002498747097,3.485986700931686,1.1126978251343993,1.3132563327597848,10.0,,,,charted,93204841.48,0.0,0.0,2015-2024
v2-rolling-naive,Dominica,2026,-1.8226778288836016,0.23310418775930553,-3.595101826075567,4.061310201594178,1.276068671278291,-1.611027731433564,10.0,,,,charted,14381695.52,0.0,0.0,2016-2025
v2-rolling-naive,Dominican Republic,2020,,,,,,,9.0,,,,zero_mad: zero baseline variation (MAD = 0),0.0,0.0,0.0,2011-2019
v2-rolling-naive,Dominican Republic,2021,,,,,,,10.0,,,,zero_mad: zero baseline variation (MAD = 0),0.0,0.0,0.0,2011-2020
v2-rolling-naive,Dominican Republic,2022,,,,,,,10.0,,,,zero_mad: zero baseline variation (MAD = 0),0.0,0.0,0.0,2012-2021
v2-rolling-naive,Dominican Republic,2023,,,,,,,10.0,,,,zero_mad: zero baseline variation (MAD = 0),0.0,0.0,0.0,2013-2022
v2-rolling-naive,East Asia and Pacific,2025,,,,,,,0.0,,,,no_prior_year,990680.01,0.0,0.0,
v2-rolling-naive,East Asia and Pacific,2026,,,,,,,0.0,,,,insufficient_history: no eligible baseline years,1168999.99,0.0,0.0,
v2-rolling-naive,Eastern Africa,2020,,,,,,,3.0,,,,insufficient_history: only 3 baseline years (<8),3258465.6,0.0,0.0,2017-2019
v2-rolling-naive,Eastern Africa,2021,,,,,,,4.0,,,,insufficient_history: only 4 baseline years (<8),40951048.47,0.0,0.0,2017-2020
v2-rolling-naive,Eastern and Southern Africa,2022,,,,,,,0.0,,,,no_prior_year,28253402.03,0.0,0.0,
v2-rolling-naive,Eastern and Southern Africa,2023,,,,,,,0.0,,,,insufficient_history: no eligible baseline years,96807083.24,0.0,0.0,
v2-rolling-naive,Eastern and Southern Africa,2024,,,,,,,1.0,,,,insufficient_history: only 1 baseline years (<8),32248946.8,0.0,0.0,2023-2023
v2-rolling-naive,Eastern and Southern Africa,2025,,,,,,,2.0,,,,insufficient_history: only 2 baseline years (<8),126789167.4,0.0,0.0,2023-2024
v2-rolling-naive,Eastern and Southern Africa,2026,,,,,,,3.0,,,,insufficient_history: only 3 baseline years (<8),428751472.1,0.0,0.0,2023-2025
v2-rolling-naive,Ecuador,2020,,,,,,,9.0,,,,zero_mad: zero baseline variation (MAD = 0),0.0,0.0,0.0,2011-2019
v2-rolling-naive,Ecuador,2021,,,,,,,10.0,,,,zero_mad: zero baseline variation (MAD = 0),0.0,0.0,0.0,2011-2020
v2-rolling-naive,Ecuador,2022,,,,,,,10.0,,,,zero_mad: zero baseline variation (MAD = 0),0.0,0.0,0.0,2012-2021
v2-rolling-naive,Ecuador,2023,,,,,,,10.0,,,,zero_mad: zero baseline variation (MAD = 0),0.0,0.0,0.0,2013-2022
v2-rolling-naive,"Egypt, Arab Republic of",2020,,,,,,,9.0,,,,zero_mad: zero baseline variation (MAD = 0),0.0,0.0,0.0,2011-2019
v2-rolling-naive,"Egypt, Arab Republic of",2021,,,,,,,10.0,,,,zero_mad: zero baseline variation (MAD = 0),0.0,0.0,0.0,2011-2020
v2-rolling-naive,"Egypt, Arab Republic of",2022,,,,,,,10.0,,,,zero_mad: zero baseline variation (MAD = 0),0.0,0.0,0.0,2012-2021
v2-rolling-naive,"Egypt, Arab Republic of",2023,,,,,,,10.0,,,,zero_mad: zero baseline variation (MAD = 0),0.0,0.0,0.0,2013-2022
v2-rolling-naive,"Egypt, Arab Republic of",2024,,,,,,,10.0,,,,zero_mad: zero baseline variation (MAD = 0),0.0,0.0,0.0,2014-2023
v2-rolling-naive,"Egypt, Arab Republic of",2025,,,,,,,10.0,,,,zero_mad: zero baseline variation (MAD = 0),0.0,0.0,0.0,2015-2024
v2-rolling-naive,"Egypt, Arab Republic of",2026,,,,,,,10.0,,,,zero_mad: zero baseline variation (MAD = 0),0.0,0.0,0.0,2016-2025
v2-rolling-naive,El Salvador,2020,,,,,,,9.0,,,,zero_mad: zero baseline variation (MAD = 0),0.0,0.0,0.0,2011-2019
v2-rolling-naive,El Salvador,2021,,,,,,,10.0,,,,zero_mad: zero baseline variation (MAD = 0),0.0,0.0,0.0,2011-2020
v2-rolling-naive,El Salvador,2022,,,,,,,10.0,,,,zero_mad: zero baseline variation (MAD = 0),0.0,0.0,0.0,2012-2021
v2-rolling-naive,El Salvador,2023,,,,,,,10.0,,,,zero_mad: zero baseline variation (MAD = 0),0.0,0.0,0.0,2013-2022
v2-rolling-naive,El Salvador,2024,,,,,,,10.0,,,,zero_mad: zero baseline variation (MAD = 0),0.0,0.0,0.0,2014-2023
v2-rolling-naive,El Salvador,2025,,,,,,,10.0,,,,zero_mad: zero baseline variation (MAD = 0),0.0,0.0,0.0,2015-2024
v2-rolling-naive,El Salvador,2026,,,,,,,10.0,,,,zero_mad: zero baseline variation (MAD = 0),0.0,0.0,0.0,2016-2025
v2-rolling-naive,Equatorial Guinea,2020,,,,,,,9.0,,,,zero_mad: zero baseline variation (MAD = 0),0.0,0.0,0.0,2011-2019
v2-rolling-naive,Equatorial Guinea,2021,,,,,,,10.0,,,,zero_mad: zero baseline variation (MAD = 0),0.0,0.0,0.0,2011-2020
v2-rolling-naive,Equatorial Guinea,2022,,,,,,,10.0,,,,zero_mad: zero baseline variation (MAD = 0),0.0,0.0,0.0,2012-2021
v2-rolling-naive,Equatorial Guinea,2023,,,,,,,10.0,,,,zero_mad: zero baseline variation (MAD = 0),0.0,0.0,0.0,2013-2022
v2-rolling-naive,Equatorial Guinea,2024,,,,,,,10.0,,,,zero_mad: zero baseline variation (MAD = 0),0.0,0.0,0.0,2014-2023
v2-rolling-naive,Equatorial Guinea,2025,,,,,,,10.0,,,,zero_mad: zero baseline variation (MAD = 0),0.0,0.0,0.0,2015-2024
v2-rolling-naive,Equatorial Guinea,2026,,,,,,,10.0,,,,zero_mad: zero baseline variation (MAD = 0),0.0,0.0,0.0,2016-2025
v2-rolling-naive,Eswatini,2020,,,,,,,9.0,,,,zero_mad: zero baseline variation (MAD = 0),0.0,0.0,0.0,2011-2019
v2-rolling-naive,Eswatini,2021,,,,,,,10.0,,,,zero_mad: zero baseline variation (MAD = 0),0.0,0.0,0.0,2011-2020
v2-rolling-naive,Eswatini,2022,,,,,,,10.0,,,,zero_mad: zero baseline variation (MAD = 0),0.0,0.0,0.0,2012-2021
v2-rolling-naive,Eswatini,2023,,,,,,,10.0,,,,zero_mad: zero baseline variation (MAD = 0),0.0,0.0,0.0,2013-2022
v2-rolling-naive,Eswatini,2024,,,,,,,10.0,,,,zero_mad: zero baseline variation (MAD = 0),0.0,0.0,0.0,2014-2023
v2-rolling-naive,Eswatini,2025,,,,,,,10.0,,,,zero_mad: zero baseline variation (MAD = 0),0.0,0.0,0.0,2015-2024
v2-rolling-naive,Eswatini,2026,,,,,,,10.0,,,,zero_mad: zero baseline variation (MAD = 0),5494317.35,0.0,0.0,2016-2025
v2-rolling-naive,Ethiopia,2020,-0.015215603341828424,0.035505692830694095,-0.666098392855653,0.7371097785170411,0.23386802856211567,-0.21687999203812025,9.0,,,,charted,2202062392.0,0.0,0.0,2011-2019
v2-rolling-naive,Ethiopia,2021,-0.5637124646135973,0.03170226669165671,-0.5101197027663693,0.5735242361496828,0.18060732315267536,-3.296736372101167,10.0,beyond_limits,medium,"Ethiopia FY2021: year-over-year change of -43% is below the expected range -40% to +77% (learned from FY2011-2020, where a typical year was +3%); that is 3.3 robust sigmas from the typical year (limits sit at 3), so 0.3 beyond the -40% limit.",charted,1233278829.0,0.0,0.0,2011-2020
v2-rolling-naive,Ethiopia,2022,-0.0003858063737955835,0.010767756262864985,-0.8669925779359103,0.8885280904616403,0.29258677806625843,-0.03812052858429154,10.0,,,,charted,1232782930.0,0.0,0.0,2012-2021
v2-rolling-naive,Ethiopia,2023,0.4038875512837578,0.0173789169395214,-0.8575230011438406,0.8922808350228835,0.291633972694454,1.3253210206383703,10.0,,,,charted,1873709548.0,0.0,0.0,2013-2022
v2-rolling-naive,Ethiopia,2024,-0.07127100273658264,0.017262296282788827,-1.0518252386645255,1.0863498312301032,0.35636251164910476,-0.24843606194623105,10.0,,,,charted,1740575939.0,0.0,0.0,2014-2023
v2-rolling-naive,Ethiopia,2025,0.6364206870629228,-0.007744839860915688,-1.0768077762128783,1.061318096491047,0.3563543121173209,1.8076546432017435,10.0,,,,charted,3344037618.0,0.0,0.0,2015-2024
v2-rolling-naive,Ethiopia,2026,0.041068769050745246,0.13878340434300623,-0.8311056114410837,1.1086724201270963,0.3232963385946967,-0.3022447941013084,10.0,,,,charted,3487176014.0,0.0,0.0,2016-2025
v2-rolling-naive,Fiji,2020,,,,,,,0.0,,,,no_prior_year,57730092.5,0.0,0.0,
v2-rolling-naive,Fiji,2021,,,,,,,0.0,,,,insufficient_history: no eligible baseline years,121853666.2,0.0,0.0,
v2-rolling-naive,Fiji,2022,,,,,,,1.0,,,,insufficient_history: only 1 baseline years (<8),72233933.67,0.0,0.0,2021-2021
v2-rolling-naive,Fiji,2023,,,,,,,2.0,,,,insufficient_history: only 2 baseline years (<8),50781248.58,0.0,0.0,2021-2022
v2-rolling-naive,Fiji,2024,,,,,,,3.0,,,,insufficient_history: only 3 baseline years (<8),7298721.64,0.0,0.0,2021-2023
v2-rolling-naive,Fiji,2025,,,,,,,4.0,,,,insufficient_history: only 4 baseline years (<8),101398923.8,0.0,0.0,2021-2024
v2-rolling-naive,Fiji,2026,,,,,,,5.0,,,,insufficient_history: only 5 baseline years (<8),58862992.27,0.0,0.0,2021-2025
v2-rolling-naive,"Gambia, The",2020,0.25507842740770353,-0.1558129765981901,-2.3200138599157736,2.0083879067193937,0.7214002944391945,0.5695747661502055,9.0,,,,charted,30483964.77,0.0,0.0,2011-2019
v2-rolling-naive,"Gambia, The",2021,1.1282883709902134,0.0402194057973273,-2.6108529258728996,2.6912917374675542,0.8836907772234089,1.2312779461291217,10.0,,,,charted,96068014.0,0.0,0.0,2011-2020
v2-rolling-naive,"Gambia, The",2022,-0.1840959787447635,0.24329750224521268,-2.867304813165468,3.3538998176558934,1.036867438470227,-0.41219683937663604,10.0,,,,charted,79728329.83,0.0,0.0,2012-2021
v2-rolling-naive,"Gambia, The",2023,0.3235170911096235,0.04004687879461781,-1.918532775380267,1.9986265329695025,0.6528598847249616,0.43419762639333664,10.0,,,,charted,110630293.5,0.0,0.0,2013-2022
v2-rolling-naive,"Gambia, The",2024,0.2920451969327907,0.24266173616164857,-1.5856621131383424,2.0709855854616395,0.609441283099997,0.08103071147387185,10.0,,,,charted,148549265.8,0.0,0.0,2014-2023
v2-rolling-naive,"Gambia, The",2025,-0.023533530780204835,0.27024009097726837,-1.3776698983662117,1.9181500803207485,0.54930332978116,-0.5348112888274521,10.0,,,,charted,145058740.6,0.0,0.0,2015-2024
v2-rolling-naive,"Gambia, The",2026,0.011931982662687935,0.2575108002822519,-0.8503237136887598,1.3653453142532637,0.3692781713236706,-0.6650239215041911,10.0,,,,charted,146847797.1,0.0,0.0,2016-2025
v2-rolling-naive,Georgia,2020,-0.16344948407533164,-0.2866282881689661,-1.652358222118004,1.0791016457800717,0.45524331131634593,0.27057795475887453,9.0,,,,charted,2203233.36,0.0,0.0,2011-2019
v2-rolling-naive,Georgia,2021,1.0096443889336701,-0.27422956241260066,-1.4859438343603943,0.9374847095351929,0.4039047573159312,3.1786551856383176,10.0,beyond_limits,medium,"Georgia FY2021: year-over-year change of +174% is above the expected range -77% to +155% (learned from FY2011-2020, where a typical year was -24%); that is 3.2 robust sigmas from the typical year (limits sit at 3), so 0.2 beyond the +155% limit.",charted,10227193.39,0.0,0.0,2011-2020
v2-rolling-naive,Georgia,2022,-0.5735175666092684,-0.2260968034290457,-1.741598142328039,1.2894045354699477,0.5051671129663311,-0.6877343244697285,10.0,,,,charted,4904742.24,0.0,0.0,2012-2021
v2-rolling-naive,Georgia,2023,-0.10531799911329201,-0.28031861760587956,-2.35748344380991,1.7968462085981507,0.6923882754013434,0.25274925169862,10.0,,,,charted,4363339.3,0.0,0.0,2013-2022
v2-rolling-naive,Georgia,2024,-2.5222891653895796,-0.2869378232941048,-1.6954809575433476,1.1216053109551383,0.469514378083081,-4.760985917453474,10.0,beyond_limits,medium,"Georgia FY2024: year-over-year change of -92% is below the expected range -82% to +207% (learned from FY2014-2023, where a typical year was -25%); that is 4.8 robust sigmas from the typical year (limits sit at 3), so 1.8 beyond the -82% limit.",charted,8232.7,0.0,0.0,2014-2023
v2-rolling-naive,Georgia,2025,-0.03301918452152224,-0.2934893102793266,-2.4666159197312796,1.8796372991726262,0.7243755364839842,0.35957885466713757,10.0,,,,charted,0.0,0.0,0.0,2015-2024
v2-rolling-naive,Georgia,2026,0.0,-0.24318716845735408,-2.6470137018991133,2.160639364984405,0.801275511147253,0.3035000634290729,10.0,,,,charted,0.0,0.0,0.0,2016-2025
v2-rolling-naive,Ghana,2020,0.7454868030446641,-0.018789661982350537,-0.96907538363667,0.9314960596719689,0.3167619072181065,2.412778959879074,9.0,,,,charted,331199939.6,0.0,0.0,2011-2019
v2-rolling-naive,Ghana,2021,0.186682876696693,0.004719237687972031,-0.8645671164409586,0.8740055918169026,0.28976211804297686,0.6279759419129196,10.0,,,,charted,402696451.9,0.0,0.0,2011-2020
v2-rolling-naive,Ghana,2022,0.09744442671800045,0.08393339357095478,-0.781180364452977,0.9490471515948865,0.2883712526746439,0.04685291277036395,10.0,,,,charted,445667524.2,0.0,0.0,2012-2021
v2-rolling-naive,Ghana,2023,0.09861934053662103,0.14206365170734672,-0.6073765275674514,0.8915038309821448,0.24981339309159936,-0.17390705371347293,10.0,,,,charted,493636467.8,0.0,0.0,2013-2022
v2-rolling-naive,Ghana,2024,0.7048855184659835,0.14230488748878362,-0.37905902699605604,0.6636688019736232,0.17378797149494654,3.2371666815476856,10.0,beyond_limits,medium,"Ghana FY2024: year-over-year change of +102% is above the expected range -32% to +94% (learned from FY2014-2023, where a typical year was +15%); that is 3.2 robust sigmas from the typical year (limits sit at 3), so 0.2 beyond the +94% limit.",charted,1017509419.0,0.0,0.0,2014-2023
v2-rolling-naive,Ghana,2025,-0.3821644439368134,0.18989067419731653,-0.29737105323750435,0.6771524016321374,0.16242057581160696,-3.5220606457993457,10.0,beyond_limits,medium,"Ghana FY2025: year-over-year change of -32% is below the expected range -26% to +97% (learned from FY2015-2024, where a typical year was +21%); that is 3.5 robust sigmas from the typical year (limits sit at 3), so 0.5 beyond the -26% limit.",charted,688202091.9,0.0,0.0,2015-2024
v2-rolling-naive,Ghana,2026,-0.38103863272051064,0.14162526214322352,-1.408542241602463,1.69179276588891,0.5167225012485622,-1.0114982289349035,10.0,,,,charted,463766601.0,0.0,0.0,2016-2025
v2-rolling-naive,Grenada,2020,-0.2745403561049767,0.07307193452161025,-2.402579293255548,2.548723162298769,0.8252170759257195,-0.4212373940961404,9.0,,,,charted,24327713.3,0.0,0.0,2011-2019
v2-rolling-naive,Grenada,2021,0.3391025383891911,-0.10071670544459417,-2.0484781585382654,1.847044747649077,0.6492538176978904,0.677422653274934,10.0,,,,charted,34255972.66,0.0,0.0,2011-2020
v2-rolling-naive,Grenada,2022,-0.27846441673307726,-0.100024405021862,-1.9101261448043898,1.710077334760666,0.603367246594176,-0.29574030197770046,10.0,,,,charted,25782929.98,0.0,0.0,2012-2021
v2-rolling-naive,Grenada,2023,-1.7628205207259096,-0.09992791631843734,-1.8929853477155385,1.693129515078664,0.5976858104657005,-2.7822186427879085,10.0,,,,charted,3883624.66,0.0,0.0,2013-2022
v2-rolling-naive,Grenada,2024,2.2147054180622567,-0.27439077326414396,-2.396726695461208,1.8479451489329202,0.7074453073990215,3.5184291496366833,10.0,beyond_limits,medium,"Grenada FY2024: year-over-year change of +816% is above the expected range -91% to +535% (learned from FY2014-2023, where a typical year was -24%); that is 3.5 robust sigmas from the typical year (limits sit at 3), so 0.5 beyond the +535% limit.",charted,40884137.33,0.0,0.0,2014-2023
v2-rolling-naive,Grenada,2025,-0.4266716667089467,-0.09922868145779663,-4.608887414127434,4.41043005121184,1.5032195775565456,-0.217827781210382,10.0,,,,charted,26340796.17,0.0,0.0,2015-2024
v2-rolling-naive,Grenada,2026,-0.5200427828696346,-0.2692152607489887,-2.3480296734466095,1.8095991519486323,0.6929381375658736,-0.36197678915717224,10.0,,,,charted,15166224.27,0.0,0.0,2016-2025
v2-rolling-naive,Guinea,2020,0.13770871765369427,-0.20838864224278095,-4.460219217298105,4.043441932812543,1.4172768583517747,0.2441988365625118,9.0,,,,charted,170461990.9,0.0,0.0,2011-2019
v2-rolling-naive,Guinea,2021,0.41435166173231874,-0.035149468959561,-2.5995330688447775,2.5292341309256554,0.8547945332950722,0.5258586867175407,10.0,,,,charted,259730093.0,0.0,0.0,2011-2020
v2-rolling-naive,Guinea,2022,-1.2011062732648248,-0.0344266900510595,-1.8393623377477593,1.7705089576456403,0.6016452158989,-1.9391487746988307,10.0,,,,charted,75173465.77,0.0,0.0,2012-2021
v2-rolling-naive,Guinea,2023,0.40337926759951725,-0.03485015906348837,-2.7569016081043687,2.6872012899773923,0.9073504830136268,0.4829770136976102,10.0,,,,charted,114392832.9,0.0,0.0,2013-2022
v2-rolling-naive,Guinea,2024,0.34920340929787247,0.26908154587115907,-1.8367758302526498,2.3749389219949677,0.7019524587079362,0.1141414385444157,10.0,,,,charted,163976876.3,0.0,0.0,2014-2023
v2-rolling-naive,Guinea,2025,0.26470049624637937,0.37044151576714324,-1.2019709494002044,1.942853980934491,0.5241374883891159,-0.2017429049880563,10.0,,,,charted,215401819.7,0.0,0.0,2015-2024
v2-rolling-naive,Guinea,2026,-0.297008128264771,0.3020217125968952,-0.9528051331396914,1.5568485583334817,0.41827561524552886,-1.4321414374348218,10.0,,,,charted,158155890.2,0.0,0.0,2016-2025
v2-rolling-naive,Guinea-Bissau,2020,-0.4594484477397175,0.528617007121462,-1.503367945066801,2.560601959309725,0.6773283173960877,-1.4587688562316214,9.0,,,,charted,37159677.4,0.0,0.0,2011-2019
v2-rolling-naive,Guinea-Bissau,2021,-0.034756402545105404,0.3000245998921628,-1.1811629074378867,1.7812121072222125,0.4937291691100165,-0.6780660803183571,10.0,,,,charted,35872108.08,0.0,0.0,2011-2020
v2-rolling-naive,Guinea-Bissau,2022,0.11891077605605814,0.29393978154108746,-1.1734710094346958,1.761350572516871,0.4891369303252611,-0.3578323259473382,10.0,,,,charted,40500420.17,0.0,0.0,2012-2021
v2-rolling-naive,Guinea-Bissau,2023,0.04813079888776555,0.09373989134942118,-2.1115985508814465,2.299078333580289,0.735112814076956,-0.062043664031247586,10.0,,,,charted,42543558.91,0.0,0.0,2013-2022
v2-rolling-naive,Guinea-Bissau,2024,0.022455240295006236,0.09373989134942118,-1.8883374236937114,2.0758172063925535,0.6606924383477109,-0.10789385032570796,10.0,,,,charted,43530945.59,0.0,0.0,2014-2023
v2-rolling-naive,Guinea-Bissau,2025,0.4738131982207937,0.055560495894358894,-1.0849816319745569,1.1961026237632748,0.3801807092896386,1.1001418328350565,10.0,,,,charted,71002470.29,0.0,0.0,2015-2024
v2-rolling-naive,Guinea-Bissau,2026,-0.15008736666039657,0.05534938591310834,-1.071799235366087,1.1824980071923035,0.3757162070930651,-0.5467870395130922,10.0,,,,charted,60848111.53,0.0,0.0,2016-2025
v2-rolling-naive,Guyana,2020,-1.5124248639045503,0.2994305144382892,-1.7131768930063422,2.312037921882921,0.6708691358148772,-2.7007582874446197,9.0,,,,charted,8477961.16,0.0,0.0,2011-2019
v2-rolling-naive,Guyana,2021,-0.2339070965258305,0.20166033990050442,-2.457798199410108,2.861118879211117,0.8864861797702042,-0.4913414854806232,10.0,,,,charted,6650620.14,0.0,0.0,2011-2020
v2-rolling-naive,Guyana,2022,0.49309676591229556,0.19857635043513377,-1.931854830660594,2.329007531530862,0.7101437270319093,0.4147335310671947,10.0,,,,charted,11091231.67,0.0,0.0,2012-2021
v2-rolling-naive,Guyana,2023,1.201594666799494,0.1981354799715489,-1.4155501320912531,1.811821092034351,0.537895204020934,1.8655291575882724,10.0,,,,charted,37629778.2,0.0,0.0,2013-2022
v2-rolling-naive,Guyana,2024,0.49698849164492226,0.28115729696826247,-2.471488337572031,3.0338029315085557,0.9175485448467645,0.23522591353758263,10.0,,,,charted,62068531.1,0.0,0.0,2014-2023
v2-rolling-naive,Guyana,2025,-2.5848155957423464,0.47036146443177307,-2.2192894924608155,3.1600124213243617,0.8965503189641961,-3.407702831118092,10.0,beyond_limits,medium,"Guyana FY2025: year-over-year change of -92% is below the expected range -89% to +2257% (learned from FY2015-2024, where a typical year was +60%); that is 3.4 robust sigmas from the typical year (limits sit at 3), so 0.4 beyond the -89% limit.",charted,4288655.04,0.0,0.0,2015-2024
v2-rolling-naive,Guyana,2026,1.9063147564257419,0.2779229836076746,-2.4465324988970254,3.0023784661123747,0.9081518275015668,1.79308318664949,10.0,,,,charted,31283327.06,0.0,0.0,2016-2025
v2-rolling-naive,Haiti,2020,-0.022857670207492766,0.11136283993049326,-0.319108190155441,0.5418338700164275,0.14349034336197808,-0.9353975117293617,9.0,,,,charted,114959858.7,0.0,0.0,2011-2019
v2-rolling-naive,Haiti,2021,0.018808696848181334,0.07541171301045267,-0.4492161715313807,0.6000395975522861,0.17487596151394447,-0.3236752248407673,10.0,,,,charted,117215565.2,0.0,0.0,2011-2020
v2-rolling-naive,Haiti,2022,0.19550089688558564,0.029135435205639125,-0.5005379205860148,0.558808790997293,0.17655778526388463,0.9422720240361839,10.0,,,,charted,143382162.3,0.0,0.0,2012-2021
v2-rolling-naive,Haiti,2023,-0.6048627364269235,0.07525490286166472,-0.38785410422074784,0.5383639099440772,0.15436966902747085,-4.405772478319934,10.0,beyond_limits,medium,"Haiti FY2023: year-over-year change of -45% is below the expected range -32% to +71% (learned from FY2013-2022, where a typical year was +8%); that is 4.4 robust sigmas from the typical year (limits sit at 3), so 1.4 beyond the -32% limit.",charted,76505822.7,0.0,0.0,2013-2022
v2-rolling-naive,Haiti,2024,0.769490415995935,0.06490837627783809,-0.4935137146722237,0.6233304672278999,0.18614069698335392,3.785212213861571,10.0,beyond_limits,medium,"Haiti FY2024: year-over-year change of +116% is above the expected range -39% to +87% (learned from FY2014-2023, where a typical year was +7%); that is 3.8 robust sigmas from the typical year (limits sit at 3), so 0.8 beyond the +87% limit.",charted,169751619.7,0.0,0.0,2014-2023
v2-rolling-naive,Haiti,2025,-0.05014221422435341,0.06417226262257159,-0.8012317192832105,0.9295762445283536,0.288467993968594,-0.3962813179869466,10.0,,,,charted,161221460.0,0.0,0.0,2015-2024
v2-rolling-naive,Haiti,2026,-0.03339195792278494,0.06306642957150164,-0.47680168585946936,0.6029345450024727,0.17995603847699032,-0.5360108408177702,10.0,,,,charted,155738082.9,0.0,0.0,2016-2025
v2-rolling-naive,Honduras,2020,2.20128320379601,-0.1493331468281519,-1.76468663029365,1.4660203366373463,0.538451161155166,4.365514498253226,9.0,beyond_limits,medium,"Honduras FY2020: year-over-year change of +804% is above the expected range -83% to +333% (learned from FY2011-2019, where a typical year was -14%); that is 4.4 robust sigmas from the typical year (limits sit at 3), so 1.4 beyond the +333% limit.",charted,138463560.8,0.0,0.0,2011-2019
v2-rolling-naive,Honduras,2021,-1.2657321062725946,-0.1180928478735993,-1.8730448539289046,1.6368591581817062,0.5849840020184351,-1.9618301602080885,10.0,,,,charted,36249483.86,0.0,0.0,2011-2020
v2-rolling-naive,Honduras,2022,0.41945415439242756,-0.19125147125454667,-2.0362502316295323,1.6537472891204388,0.6149995867916619,0.9930179446671039,10.0,,,,charted,57173860.71,0.0,0.0,2012-2021
v2-rolling-naive,Honduras,2023,-0.7643369552284246,-0.19239605326385503,-2.2147981826680243,1.830006076140314,0.674134043134723,-0.8484082769430314,10.0,,,,charted,24802752.56,0.0,0.0,2013-2022
v2-rolling-naive,Honduras,2024,1.399095283202801,-0.19367240533271085,-2.5433408346325823,2.1559960239671607,0.7832228097666238,2.0336073830767356,10.0,,,,charted,109212561.6,0.0,0.0,2014-2023
v2-rolling-naive,Honduras,2025,0.6847828332989607,-0.1218967099684803,-2.798144184063551,2.55435076412659,0.8920824913650235,0.9042656380724357,10.0,,,,charted,219416829.4,0.0,0.0,2015-2024
v2-rolling-naive,Honduras,2026,-0.005485387493370737,-0.1218967099684803,-3.367968362693754,3.124174942756793,1.0820238842417578,0.10758664773530974,10.0,,,,charted,218200900.0,0.0,0.0,2016-2025
v2-rolling-naive,IFC,2020,,,,,,,0.0,,,,no_prior_year,5425000.0,0.0,0.0,
v2-rolling-naive,IFC,2021,,,,,,,0.0,,,,insufficient_history: no eligible baseline years,5776750.0,0.0,0.0,
v2-rolling-naive,IFC,2022,,,,,,,1.0,,,,insufficient_history: only 1 baseline years (<8),41452507.43,0.0,0.0,2021-2021
v2-rolling-naive,IFC,2023,,,,,,,2.0,,,,insufficient_history: only 2 baseline years (<8),53160488.48,0.0,0.0,2021-2022
v2-rolling-naive,IFC,2024,,,,,,,3.0,,,,insufficient_history: only 3 baseline years (<8),136857649.8,0.0,0.0,2021-2023
v2-rolling-naive,IFC,2025,,,,,,,4.0,,,,insufficient_history: only 4 baseline years (<8),92890089.15,0.0,0.0,2021-2024
v2-rolling-naive,IFC,2026,,,,,,,5.0,,,,insufficient_history: only 5 baseline years (<8),114796017.8,0.0,0.0,2021-2025
v2-rolling-naive,India,2020,0.5825996956930878,-0.07226966962325158,-0.7292684545700319,0.5847291153235288,0.2189995949822601,2.990276604709641,9.0,,,,charted,1412601152.0,0.0,0.0,2011-2019
v2-rolling-naive,India,2021,-0.3577086820661155,-0.005464410185670666,-0.6905399837957499,0.6796111634244085,0.22835852453669306,-1.5425054641384566,10.0,,,,charted,968505566.5,0.0,0.0,2011-2020
v2-rolling-naive,India,2022,-0.6041826158445611,-0.04197859234728238,-0.8527156766063635,0.7687584919117987,0.270245694753027,-2.080344051405028,10.0,,,,charted,501392030.8,0.0,0.0,2012-2021
v2-rolling-naive,India,2023,-0.5288035321916633,-0.15767951674822223,-1.0913559678547253,0.775996934358281,0.31122548370216774,-1.192460241458229,10.0,,,,charted,270192701.4,0.0,0.0,2013-2022
v2-rolling-naive,India,2024,-0.3945499496346293,-0.15839854266488235,-1.3226212766668906,1.0058241913371258,0.3880742446673361,-0.6085212049363905,10.0,,,,charted,164052590.7,0.0,0.0,2014-2023
v2-rolling-naive,India,2025,-0.46333593911264465,-0.2622457669177522,-1.1665645354221554,0.6420730015866511,0.30143958950146776,-0.6670994096278562,10.0,,,,charted,82685173.94,0.0,0.0,2015-2024
v2-rolling-naive,India,2026,-0.8739489801688852,-0.35926632134176406,-1.1905314439675205,0.4719988012839923,0.27708837420858545,-1.8574675328661767,10.0,,,,charted,6287163.26,0.0,0.0,2016-2025
v2-rolling-naive,Indonesia,2020,,,,,,,9.0,,,,zero_mad: zero baseline variation (MAD = 0),0.0,0.0,0.0,2011-2019
v2-rolling-naive,Indonesia,2021,,,,,,,10.0,,,,zero_mad: zero baseline variation (MAD = 0),0.0,0.0,0.0,2011-2020
v2-rolling-naive,Indonesia,2022,,,,,,,10.0,,,,zero_mad: zero baseline variation (MAD = 0),0.0,0.0,0.0,2012-2021
v2-rolling-naive,Indonesia,2023,,,,,,,10.0,,,,zero_mad: zero baseline variation (MAD = 0),0.0,0.0,0.0,2013-2022
v2-rolling-naive,Indonesia,2024,,,,,,,10.0,,,,zero_mad: zero baseline variation (MAD = 0),0.0,0.0,0.0,2014-2023
v2-rolling-naive,Indonesia,2025,,,,,,,10.0,,,,zero_mad: zero baseline variation (MAD = 0),0.0,0.0,0.0,2015-2024
v2-rolling-naive,Indonesia,2026,,,,,,,10.0,,,,zero_mad: zero baseline variation (MAD = 0),0.0,0.0,0.0,2016-2025
v2-rolling-naive,Iraq,2020,0.0,0.0,-1.6978943131211106,1.6978943131211106,0.5659647710403702,0.0,9.0,,,,charted,0.0,0.0,0.0,2011-2019
v2-rolling-naive,Iraq,2021,0.0,0.0,-1.5471923575908713,1.5471923575908713,0.5157307858636238,0.0,10.0,,,,charted,0.0,0.0,0.0,2011-2020
v2-rolling-naive,Iraq,2022,0.0,0.0,-1.1861118451205845,1.1861118451205845,0.3953706150401949,0.0,10.0,,,,charted,0.0,0.0,0.0,2012-2021
v2-rolling-naive,Iraq,2023,0.0,0.0,-0.48895801165676395,0.48895801165676395,0.16298600388558798,0.0,10.0,,,,charted,0.0,0.0,0.0,2013-2022
v2-rolling-naive,Iraq,2024,,,,,,,10.0,,,,zero_mad: zero baseline variation (MAD = 0),0.0,0.0,0.0,2014-2023
v2-rolling-naive,Iraq,2025,,,,,,,10.0,,,,zero_mad: zero baseline variation (MAD = 0),0.0,0.0,0.0,2015-2024
v2-rolling-naive,Iraq,2026,,,,,,,10.0,,,,zero_mad: zero baseline variation (MAD = 0),0.0,0.0,0.0,2016-2025
v2-rolling-naive,Jordan,2020,,,,,,,9.0,,,,zero_mad: zero baseline variation (MAD = 0),9781557.0,0.0,0.0,2011-2019
v2-rolling-naive,Jordan,2021,,,,,,,10.0,,,,zero_mad: zero baseline variation (MAD = 0),28708460.65,0.0,0.0,2011-2020
v2-rolling-naive,Jordan,2022,0.1408457308242463,0.0,-2.3795708342147557,2.3795708342147557,0.7931902780715853,0.17756865498486987,10.0,,,,charted,33065654.83,0.0,0.0,2012-2021
v2-rolling-naive,Jordan,2023,-4.3796627317279455,0.0,-2.6433432377339714,2.6433432377339714,0.8811144125779905,-4.970594816300643,10.0,beyond_limits,medium,"Jordan FY2023: year-over-year change of -99% is below the expected range -93% to +1306% (learned from FY2013-2022, where a typical year was +0%); that is 5.0 robust sigmas from the typical year (limits sit at 3), so 2.0 beyond the -93% limit.",charted,0.0,0.0,0.0,2013-2022
v2-rolling-naive,Jordan,2024,4.614619393907931,0.0,-4.747395456823288,4.747395456823288,1.5824651522744293,2.9160954269833232,10.0,,,,charted,41934345.17,0.0,0.0,2014-2023
v2-rolling-naive,Jordan,2025,-4.4629342391464135,0.06954675459037293,-5.062112973677082,5.201206482857828,1.7105532427558183,-2.6497164077948545,10.0,,,,charted,0.0,0.0,0.0,2015-2024
v2-rolling-naive,Jordan,2026,0.0,0.06954675459037293,-6.448373473353435,6.587466982534181,2.172640075981269,-0.032010251195869276,10.0,,,,charted,0.0,0.0,0.0,2016-2025
v2-rolling-naive,Kenya,2020,0.3035517075227205,0.11834422869059924,-0.20283268825044737,0.43952114563164585,0.10705897231368221,1.7299575629164863,9.0,,,,charted,1911309871.0,0.0,0.0,2011-2019
v2-rolling-naive,Kenya,2021,-0.2800514608143541,0.12649579966736854,-0.44597730723973195,0.6989689065744691,0.19082436896903351,-2.130478736432746,10.0,,,,charted,1438320244.0,0.0,0.0,2011-2020
v2-rolling-naive,Kenya,2022,-0.30325110135962624,0.12599805498032113,-0.6987113772716261,0.9507074872322684,0.2749031440839824,-1.5614559730492297,10.0,,,,charted,1055140135.0,0.0,0.0,2012-2021
v2-rolling-naive,Kenya,2023,0.09401156228782101,0.08403992555567001,-0.7621803455632945,0.9302601966746344,0.2820734237063215,0.03535120962878406,10.0,,,,charted,1161798453.0,0.0,0.0,2013-2022
v2-rolling-naive,Kenya,2024,-0.05743217575696347,0.0719495169845967,-0.5691782678580124,0.7130773018272059,0.21370926161420303,-0.6054098533882235,10.0,,,,charted,1095342791.0,0.0,0.0,2014-2023
v2-rolling-naive,Kenya,2025,-0.2982347864529539,-0.004160199983361788,-0.5636489252769958,0.5553285253102722,0.18649624176454466,-1.5768392096655082,10.0,,,,charted,799278941.3,0.0,0.0,2015-2024
v2-rolling-naive,Kenya,2026,0.5207636368362408,-0.060481372258531535,-1.0097833710950892,0.8888206265780261,0.3164339996121859,1.8368601661235289,10.0,,,,charted,1381485839.0,0.0,0.0,2016-2025
v2-rolling-naive,Kiribati,2020,-2.07411941139899,0.2666642279007106,-1.8045544692935127,2.337882925094934,0.6904062323980744,-3.390443958144995,8.0,beyond_limits,medium,"Kiribati FY2020: year-over-year change of -87% is below the expected range -84% to +936% (learned from FY2012-2019, where a typical year was +31%); that is 3.4 robust sigmas from the typical year (limits sit at 3), so 0.4 beyond the -84% limit.",charted,1361796.25,0.0,0.0,2012-2019
v2-rolling-naive,Kiribati,2021,0.27619312408653723,0.1654907603366545,-1.7149326554118238,2.045914176085133,0.6268078052494928,0.17661293114532786,9.0,,,,charted,1933778.79,0.0,0.0,2012-2020
v2-rolling-naive,Kiribati,2022,1.0611488179910575,0.22325750634907982,-1.6604810617100587,2.1069960744082183,0.6279128560197128,1.3344070018780962,10.0,,,,charted,6351157.19,0.0,0.0,2012-2021
v2-rolling-naive,Kiribati,2023,0.2953394676662738,0.22325750634907982,-1.6604810617100587,2.1069960744082183,0.6279128560197128,0.11479612278384536,10.0,,,,charted,8672056.38,0.0,0.0,2013-2022
v2-rolling-naive,Kiribati,2024,0.9085076402515424,0.2210407658259883,-1.2805301912169385,1.722611722868915,0.5005236523476423,1.3734952807945808,10.0,,,,charted,22154057.43,0.0,0.0,2014-2023
v2-rolling-naive,Kiribati,2025,-0.039592490746095374,0.21849656869024717,-1.2700105053739634,1.7070036427544577,0.49616902468807017,-0.5201635865894633,10.0,,,,charted,21275862.6,0.0,0.0,2015-2024
v2-rolling-naive,Kiribati,2026,0.8976188653724065,0.21849656869024717,-1.156019495892539,1.5930126332730332,0.45817202152759534,1.4822430545145289,10.0,,,,charted,52887212.32,0.0,0.0,2016-2025
v2-rolling-naive,Kosovo,2020,-0.16324323194615256,-0.1298309914075522,-0.9132492108160568,0.6535872280009525,0.26113940646950157,-0.12794790717464,9.0,,,,charted,12030964.9,0.0,0.0,2011-2019
v2-rolling-naive,Kosovo,2021,2.0177444088280714,-0.1459745246039784,-0.6816770707121641,0.38972802150420727,0.17856751536939522,12.117091560332538,10.0,beyond_limits,high,"Kosovo FY2021: year-over-year change of +652% is above the expected range -49% to +48% (learned from FY2011-2020, where a typical year was -14%); that is 12.1 robust sigmas from the typical year (limits sit at 3), so 9.1 beyond the +48% limit.",charted,94198813.57,0.0,0.0,2011-2020
v2-rolling-naive,Kosovo,2022,-1.1082809054004437,-0.10179941329761355,-1.1829280797491677,0.9793292531539405,0.360376222150518,-2.7928632086121756,10.0,,,,charted,30694515.18,0.0,0.0,2012-2021
v2-rolling-naive,Kosovo,2023,1.034381383684847,-0.14543233501632113,-1.0309467176506586,0.7400820476180163,0.29517146087811247,3.9970453620120074,10.0,beyond_limits,medium,"Kosovo FY2023: year-over-year change of +181% is above the expected range -64% to +110% (learned from FY2013-2022, where a typical year was -14%); that is 4.0 robust sigmas from the typical year (limits sit at 3), so 1.0 beyond the +110% limit.",charted,87463987.48,0.0,0.0,2013-2022
v2-rolling-naive,Kosovo,2024,-1.1839173626088686,-0.14543233501632113,-1.8107136355229838,1.5198489654903415,0.5550937668355542,-1.870828118846806,10.0,,,,charted,26346325.42,0.0,0.0,2014-2023
v2-rolling-naive,Kosovo,2025,-0.20792193114684843,-0.14543233501632113,-2.9363295549665507,2.645464884933909,0.9302990733167432,-0.06717151282085732,10.0,,,,charted,21285521.04,0.0,0.0,2015-2024
v2-rolling-naive,Kosovo,2026,1.7507031214589297,-0.14416480897907472,-2.9087310055714948,2.620401387613345,0.9215220655308067,2.0562371768564653,10.0,,,,charted,125968171.2,0.0,0.0,2016-2025
v2-rolling-naive,Kyrgyz Republic,2020,-0.1605949440523756,0.014774098122750356,-0.5823649008641136,0.6119130971096143,0.19904633299562133,-0.8810463349705807,9.0,,,,charted,45958788.91,0.0,0.0,2011-2019
v2-rolling-naive,Kyrgyz Republic,2021,0.007282825910538878,-0.0055785217358335455,-0.6948683034229312,0.6837112599512641,0.22976326056236587,0.05597651954839576,10.0,,,,charted,46314620.09,0.0,0.0,2011-2020
v2-rolling-naive,Kyrgyz Republic,2022,0.5106923459819687,-0.00933247454885169,-0.5339707607054934,0.5153058116077901,0.1748794287188806,2.9736191634452465,10.0,,,,charted,78995111.62,0.0,0.0,2012-2021
v2-rolling-naive,Kyrgyz Republic,2023,0.6346877063384357,-0.00933247454885169,-0.5339707607054934,0.5153058116077901,0.1748794287188806,3.6826525887304475,10.0,beyond_limits,medium,"Kyrgyz Republic FY2023: year-over-year change of +89% is above the expected range -41% to +67% (learned from FY2013-2022, where a typical year was -1%); that is 3.7 robust sigmas from the typical year (limits sit at 3), so 0.7 beyond the +67% limit.",charted,151432253.5,0.0,0.0,2013-2022
v2-rolling-naive,Kyrgyz Republic,2024,0.08982232442920215,0.011036778723557024,-0.5293600960108493,0.5514336534579634,0.18013229157813543,0.4373760252279396,10.0,,,,charted,165919696.5,0.0,0.0,2014-2023
v2-rolling-naive,Kyrgyz Republic,2025,-0.04014579483903757,0.03905133377956056,-0.5013455409548457,0.579448208513967,0.18013229157813543,-0.43966091767752274,10.0,,,,charted,159283521.8,0.0,0.0,2015-2024
v2-rolling-naive,Kyrgyz Republic,2026,0.4021680549742137,0.03905133377956056,-0.3819985943462148,0.4601012619053359,0.14034997604192512,2.5872232502995476,10.0,,,,charted,239486616.1,0.0,0.0,2016-2025
v2-rolling-naive,Lao People's Democratic Republic,2020,-0.30419471904823675,0.20751607921038867,-1.2401411406220637,1.6551732990428412,0.4825524066108175,-1.0604253367061216,9.0,,,,charted,62510019.98,0.0,0.0,2011-2019
v2-rolling-naive,Lao People's Democratic Republic,2021,-0.0668381837937397,0.04470006853897867,-1.0647830105881526,1.15418314766611,0.3698276930423771,-0.3015951872482887,10.0,,,,charted,58279351.62,0.0,0.0,2011-2020
v2-rolling-naive,Lao People's Democratic Republic,2022,0.3507338571852346,-0.09234941875762824,-1.2292810377167902,1.044582200201534,0.3789772063197207,1.1691554757228846,10.0,,,,charted,83992313.09,0.0,0.0,2012-2021
v2-rolling-naive,Lao People's Democratic Republic,2023,0.21623430182725376,0.06985974865672517,-1.0509382883350895,1.1906577856485399,0.3735993456639382,0.39179552873787976,10.0,,,,charted,105021961.5,0.0,0.0,2013-2022
v2-rolling-naive,Lao People's Democratic Republic,2024,-0.04773788885737518,0.06979867759926325,-1.0476861827589936,1.18728353795752,0.3724949534527523,-0.31553868144296054,10.0,,,,charted,99978896.9,0.0,0.0,2014-2023
v2-rolling-naive,Lao People's Democratic Republic,2025,0.31141762558950176,0.07922553675883727,-0.9963305394294664,1.1547816129471409,0.3585186920627679,0.6476429094804723,10.0,,,,charted,137661779.2,0.0,0.0,2015-2024
v2-rolling-naive,Lao People's Democratic Republic,2026,-0.044713231271036595,0.20771440887935497,-0.6639614625912275,1.0793902803499373,0.2905586238235275,-0.868766642781544,10.0,,,,charted,131458417.5,0.0,0.0,2016-2025
v2-rolling-naive,Lebanon,2020,,,,,,,2.0,,,,insufficient_history: only 2 baseline years (<8),57331266.08,0.0,0.0,2018-2019
v2-rolling-naive,Lebanon,2021,,,,,,,3.0,,,,insufficient_history: only 3 baseline years (<8),7348455.5,0.0,0.0,2018-2020
v2-rolling-naive,Lebanon,2022,,,,,,,4.0,,,,insufficient_history: only 4 baseline years (<8),0.0,0.0,0.0,2018-2021
v2-rolling-naive,Lebanon,2023,,,,,,,5.0,,,,insufficient_history: only 5 baseline years (<8),0.0,0.0,0.0,2018-2022
v2-rolling-naive,Lebanon,2024,,,,,,,6.0,,,,insufficient_history: only 6 baseline years (<8),9544600.84,0.0,0.0,2018-2023
v2-rolling-naive,Lebanon,2025,,,,,,,7.0,,,,insufficient_history: only 7 baseline years (<8),0.0,0.0,0.0,2018-2024
v2-rolling-naive,Lebanon,2026,0.0,-1.0212910823957744,-18.96898673182329,16.926404567031742,5.982565216475839,0.1707112326303044,8.0,,,,charted,0.0,0.0,0.0,2018-2025
v2-rolling-naive,Lesotho,2020,0.36180348214393293,0.11875721402783773,-2.140934125198497,2.3784485532541724,0.7532304464087782,0.3226718586255792,9.0,,,,charted,45694162.86,0.0,0.0,2011-2019
v2-rolling-naive,Lesotho,2021,-0.24876998901853825,0.23979309647665395,-2.2193404526329554,2.6989266455862633,0.8197111830365365,-0.5960185680099668,10.0,,,,charted,35349417.42,0.0,0.0,2011-2020
v2-rolling-naive,Lesotho,2022,0.219930563586415,-0.05946327370964867,-2.2132400520492643,2.094313504629967,0.7179255927798719,0.38916823707903464,10.0,,,,charted,44431912.98,0.0,0.0,2012-2021
v2-rolling-naive,Lesotho,2023,0.06740134294341664,0.16840465781616742,-1.5531888189487724,1.8899981345811074,0.5738644922549799,-0.17600551390775526,10.0,,,,charted,47639576.24,0.0,0.0,2013-2022
v2-rolling-naive,Lesotho,2024,0.10655725351831513,0.16739617275315985,-1.3575417430151624,1.6923340885214821,0.5083126385894408,-0.11968799242071124,10.0,,,,charted,53194984.45,0.0,0.0,2014-2023
v2-rolling-naive,Lesotho,2025,0.3412302881930583,0.11056264372760032,-1.1978895527689755,1.4190148402241762,0.43615073216552525,0.5288713911362102,10.0,,,,charted,75624304.08,0.0,0.0,2015-2024
v2-rolling-naive,Lesotho,2026,-0.004610075418874028,0.16614848126861187,-0.6414413932943952,0.973738355831619,0.2691966248543357,-0.6343265142342874,10.0,,,,charted,75267218.96,0.0,0.0,2016-2025
v2-rolling-naive,Liberia,2020,0.2721182828623969,0.0361600948639303,-1.4398812190513455,1.512201408779206,0.4920137713050919,0.47957638944246495,9.0,,,,charted,134637493.3,0.0,0.0,2011-2019
v2-rolling-naive,Liberia,2021,-0.32540990282781057,0.03658555902621011,-1.2156950281584489,1.288866146210869,0.41742686239488636,-0.8672069156669953,10.0,,,,charted,96054066.73,0.0,0.0,2011-2020
v2-rolling-naive,Liberia,2022,0.393251528220268,-0.034190626189329554,-1.252775890360446,1.1843946379817871,0.40619508805703886,1.052307541320084,10.0,,,,charted,144466999.1,0.0,0.0,2012-2021
v2-rolling-naive,Liberia,2023,-0.0071117956580856335,0.03626315680839335,-1.478964550702094,1.5514908643188807,0.5050759025034958,-0.08587808733595001,10.0,,,,charted,143409189.4,0.0,0.0,2013-2022
v2-rolling-naive,Liberia,2024,0.26496528315525136,0.03609610465766079,-1.2714153619993067,1.3436075713146285,0.43583715555232255,0.5251254409632697,10.0,,,,charted,188459986.4,0.0,0.0,2014-2023
v2-rolling-naive,Liberia,2025,-0.07663574523370693,0.0818194798347516,-1.0048978087897276,1.1685367684592307,0.3622390962081597,-0.4374326977047301,10.0,,,,charted,174073525.9,0.0,0.0,2015-2024
v2-rolling-naive,Liberia,2026,-0.33668075862579533,0.013980658847415629,-1.0976010265148939,1.1255623442097251,0.3705272284541032,-0.9463850171989371,10.0,,,,charted,122387912.9,0.0,0.0,2016-2025
v2-rolling-naive,MIGA,2020,,,,,,,0.0,,,,insufficient_history: no eligible baseline years,0.0,0.0,0.0,
v2-rolling-naive,MIGA,2021,,,,,,,1.0,,,,insufficient_history: only 1 baseline years (<8),0.0,0.0,0.0,2020-2020
v2-rolling-naive,MIGA,2022,,,,,,,2.0,,,,insufficient_history: only 2 baseline years (<8),0.0,0.0,0.0,2020-2021
v2-rolling-naive,MIGA,2023,,,,,,,3.0,,,,insufficient_history: only 3 baseline years (<8),0.0,0.0,0.0,2020-2022
v2-rolling-naive,MIGA,2024,,,,,,,4.0,,,,insufficient_history: only 4 baseline years (<8),0.0,0.0,0.0,2020-2023
v2-rolling-naive,MIGA,2025,,,,,,,5.0,,,,insufficient_history: only 5 baseline years (<8),0.0,0.0,0.0,2020-2024
v2-rolling-naive,MIGA,2026,,,,,,,6.0,,,,insufficient_history: only 6 baseline years (<8),0.0,0.0,0.0,2020-2025
v2-rolling-naive,Madagascar,2020,0.7598637680638938,0.17977757059134222,-0.4772648443824381,0.8368199855651226,0.21901413832459343,2.648624430870419,9.0,,,,charted,355473589.7,0.0,0.0,2011-2019
v2-rolling-naive,Madagascar,2021,-0.08019199022363072,0.197648636914978,-0.5823909916748959,0.977688265504852,0.260013209529958,-1.0685635073728694,10.0,,,,charted,327627821.3,0.0,0.0,2011-2020
v2-rolling-naive,Madagascar,2022,0.06900301902881852,0.16471900556141944,-0.7183081631693509,1.0477461742921896,0.29434238957692344,-0.3251858716992121,10.0,,,,charted,351476670.8,0.0,0.0,2012-2021
v2-rolling-naive,Madagascar,2023,0.2467186402837076,0.16135170806261412,-0.43422678935130243,0.7569302054765307,0.19852616580463886,0.4300034299010209,10.0,,,,charted,452003948.3,0.0,0.0,2013-2022
v2-rolling-naive,Madagascar,2024,0.32877863130845475,0.19349710744120077,-0.40033449037784463,0.7873287052602461,0.19794386593968177,0.6834337766671562,10.0,,,,charted,631138639.2,0.0,0.0,2014-2023
v2-rolling-naive,Madagascar,2025,-0.2509535555711776,0.22646797723369938,-0.49263304560818344,0.9455690000755822,0.23970034094729425,-1.9917432362345004,10.0,,,,charted,488446100.3,0.0,0.0,2015-2024
v2-rolling-naive,Madagascar,2026,0.43490820288855525,0.13474410086664956,-0.7585829644407799,1.0280711661740791,0.2977756884358098,1.008020848171461,10.0,,,,charted,763486841.3,0.0,0.0,2016-2025
v2-rolling-naive,Malawi,2020,-0.35887031978598766,-0.07966444616227368,-1.7163896556453813,1.5570607633208338,0.5455750698277025,-0.5117643548336798,9.0,,,,charted,127777782.8,0.0,0.0,2011-2019
v2-rolling-naive,Malawi,2021,0.4261005088054102,-0.11427678190944557,-1.7610672121964668,1.5325136483775759,0.5489301434290071,0.9844190507361754,10.0,,,,charted,199917041.9,0.0,0.0,2011-2020
v2-rolling-naive,Malawi,2022,0.5082869112808629,0.09210179389322604,-1.33587636127087,1.520079949057322,0.475992718388032,0.8743518573079523,10.0,,,,charted,338152502.2,0.0,0.0,2012-2021
v2-rolling-naive,Malawi,2023,0.36259856523637823,0.10384579856347834,-1.5023975476434808,1.7100891447704376,0.535414448735653,0.48327565175711645,10.0,,,,charted,490021933.3,0.0,0.0,2013-2022
v2-rolling-naive,Malawi,2024,0.2481983806019632,0.10350748595052266,-1.2594859283542377,1.4665009002552831,0.4543311381015868,0.3184701256797595,10.0,,,,charted,630884030.8,0.0,0.0,2014-2023
v2-rolling-naive,Malawi,2025,-0.20704267257029055,0.2671677356635527,-0.6061160107027888,1.140451482029894,0.2910945821221138,-1.62905954750787,10.0,,,,charted,511029852.0,0.0,0.0,2015-2024
v2-rolling-naive,Malawi,2026,-0.3358580090213471,0.26637468822112426,-0.6017697676652984,1.134519144107547,0.28938148529547425,-2.081103069284336,10.0,,,,charted,362139406.4,0.0,0.0,2016-2025
v2-rolling-naive,Maldives,2020,2.053353145565148,-0.24328062878948226,-2.300915960168685,1.8143547025897204,0.6858784437930675,3.3484559766213247,9.0,beyond_limits,medium,"Maldives FY2020: year-over-year change of +679% is above the expected range -90% to +514% (learned from FY2011-2019, where a typical year was -22%); that is 3.3 robust sigmas from the typical year (limits sit at 3), so 0.3 beyond the +514% limit.",charted,39682817.75,0.0,0.0,2011-2019
v2-rolling-naive,Maldives,2021,-0.011048449117941514,-0.18049092794791158,-2.7714942513070766,2.4105123954112533,0.863667774453055,0.19618941894326775,10.0,,,,charted,39243277.38,0.0,0.0,2011-2020
v2-rolling-naive,Maldives,2022,-0.8466189531819562,-0.06467610651545999,-2.493349950024707,2.3639977369937872,0.8095579478364158,-0.9658886664707298,10.0,,,,charted,16647005.79,0.0,0.0,2012-2021
v2-rolling-naive,Maldives,2023,-0.2637856286497077,-0.06467610651545999,-2.493349950024707,2.3639977369937872,0.8095579478364158,-0.24594844960311726,10.0,,,,charted,12712924.0,0.0,0.0,2013-2022
v2-rolling-naive,Maldives,2024,0.31328282520735046,-0.17817935478261324,-2.066436173323359,1.7100774637581329,0.629418939513582,0.7808188618692791,10.0,,,,charted,17541963.91,0.0,0.0,2014-2023
v2-rolling-naive,Maldives,2025,-0.7114153365494504,-0.17640966689503218,-2.0388479390477867,1.6860286052577225,0.6208127573842516,-0.8617826603767373,10.0,,,,charted,8365256.95,0.0,0.0,2015-2024
v2-rolling-naive,Maldives,2026,1.7033948231287033,-0.1880963481435191,-2.3290002989699836,1.9528076026829453,0.7136346502754882,2.6505035462362145,10.0,,,,charted,48126116.85,0.0,0.0,2016-2025
v2-rolling-naive,Mali,2020,0.5990733586524836,-0.08263330695641445,-0.6786706490099309,0.513404035097102,0.1986791140178388,3.43119441104257,9.0,beyond_limits,medium,"Mali FY2020: year-over-year change of +82% is above the expected range -49% to +67% (learned from FY2011-2019, where a typical year was -8%); that is 3.4 robust sigmas from the typical year (limits sit at 3), so 0.4 beyond the +67% limit.",charted,420931189.5,0.0,0.0,2011-2019
v2-rolling-naive,Mali,2021,-0.6353410595427615,-0.06515674239615896,-0.9484348354735821,0.8181213506812641,0.2944260310258077,-1.9365961466111787,10.0,,,,charted,219171653.6,0.0,0.0,2011-2020
v2-rolling-naive,Mali,2022,-0.45995091351647527,-0.09964524785467924,-1.364750330172866,1.1654598344635076,0.4217016941060623,-0.854408864601752,10.0,,,,charted,135372339.5,0.0,0.0,2012-2021
v2-rolling-naive,Mali,2023,0.7209422279116497,-0.09964524785467924,-1.6960874293996675,1.496796933690309,0.5321473938483294,1.5420304322681877,10.0,,,,charted,286953917.8,0.0,0.0,2013-2022
v2-rolling-naive,Mali,2024,-0.12434862752632396,0.10340809184886662,-1.901626330156366,2.1084425138540994,0.6683448073350776,-0.3407772707673687,10.0,,,,charted,252210395.6,0.0,0.0,2014-2023
v2-rolling-naive,Mali,2025,0.06939485344991105,-0.08558819743447361,-1.7247487508138235,1.5535723559448762,0.5463868511264499,0.28365076971538805,10.0,,,,charted,271121548.1,0.0,0.0,2015-2024
v2-rolling-naive,Mali,2026,0.17954897029124847,-0.08545416018520095,-1.3863513580400482,1.2154430376696461,0.43363239928494907,0.6111239172013764,10.0,,,,charted,326683356.7,0.0,0.0,2016-2025
v2-rolling-naive,Marshall Islands,2020,,,,,,,4.0,,,,insufficient_history: only 4 baseline years (<8),8814230.26,0.0,0.0,2016-2019
v2-rolling-naive,Marshall Islands,2021,,,,,,,5.0,,,,insufficient_history: only 5 baseline years (<8),9663384.91,0.0,0.0,2016-2020
v2-rolling-naive,Marshall Islands,2022,,,,,,,6.0,,,,insufficient_history: only 6 baseline years (<8),8115347.74,0.0,0.0,2016-2021
v2-rolling-naive,Marshall Islands,2023,,,,,,,7.0,,,,insufficient_history: only 7 baseline years (<8),18343029.21,0.0,0.0,2016-2022
v2-rolling-naive,Marshall Islands,2024,0.3180938237198871,0.6594409851284222,-1.2769132555773306,2.595795225834175,0.6454514135685843,-0.5288502809549805,8.0,,,,charted,25273826.56,0.0,0.0,2016-2023
v2-rolling-naive,Marshall Islands,2025,0.7301806565960511,0.5016093209759844,-1.3325991766015914,2.3358178185535605,0.6114028325258586,0.3738473612818919,9.0,,,,charted,52760821.76,0.0,0.0,2016-2024
v2-rolling-naive,Marshall Islands,2026,0.23683520696264604,0.5764654038461656,-0.7689141605940621,1.9218449682863934,0.4484598548134092,-0.7573257522121564,10.0,,,,charted,66968650.04,0.0,0.0,2016-2025
v2-rolling-naive,Mauritania,2020,0.9080437492028611,-0.14619289631739796,-1.0929440438014753,0.8005582511666793,0.31558371582802575,3.340592662565501,9.0,beyond_limits,medium,"Mauritania FY2020: year-over-year change of +148% is above the expected range -66% to +123% (learned from FY2011-2019, where a typical year was -14%); that is 3.3 robust sigmas from the typical year (limits sit at 3), so 0.3 beyond the +123% limit.",charted,105278107.1,0.0,0.0,2011-2019
v2-rolling-naive,Mauritania,2021,0.43779925082283844,-0.04623806241228144,-1.4902353858814827,1.39775926105692,0.48133244115640045,1.0056195507458858,10.0,,,,charted,164199868.5,0.0,0.0,2011-2020
v2-rolling-naive,Mauritania,2022,-0.2569036200488157,0.05991298695155013,-1.6257183787073652,1.7455443526104657,0.5618771218863051,-0.5638539008969885,10.0,,,,charted,126548329.4,0.0,0.0,2012-2021
v2-rolling-naive,Mauritania,2023,-0.009887819630931024,-0.04602435574711697,-1.7271405112084242,1.6350917997141903,0.5603720518204357,0.06448668522777337,10.0,,,,charted,125282884.3,0.0,0.0,2013-2022
v2-rolling-naive,Mauritania,2024,-0.029583960289666866,0.021384586793976434,-1.4541052718484675,1.4968744454364202,0.4918299528808146,-0.10363042507904055,10.0,,,,charted,121551434.1,0.0,0.0,2014-2023
v2-rolling-naive,Mauritania,2025,0.16414623931027794,0.021321464292129035,-1.446047825953234,1.4886907545374921,0.48912309674845433,0.29200169848368596,10.0,,,,charted,143747861.0,0.0,0.0,2015-2024
v2-rolling-naive,Mauritania,2026,0.2100974313589603,0.10585846896379952,-1.381613462143359,1.593330400070958,0.4958239770357195,0.21023380720382415,10.0,,,,charted,178586553.4,0.0,0.0,2016-2025
v2-rolling-naive,Mauritius,2020,,,,,,,9.0,,,,zero_mad: zero baseline variation (MAD = 0),0.0,0.0,0.0,2011-2019
v2-rolling-naive,Mauritius,2021,,,,,,,10.0,,,,zero_mad: zero baseline variation (MAD = 0),0.0,0.0,0.0,2011-2020
v2-rolling-naive,Mauritius,2022,,,,,,,10.0,,,,zero_mad: zero baseline variation (MAD = 0),0.0,0.0,0.0,2012-2021
v2-rolling-naive,Mauritius,2023,,,,,,,10.0,,,,zero_mad: zero baseline variation (MAD = 0),0.0,0.0,0.0,2013-2022
v2-rolling-naive,Mauritius,2024,,,,,,,10.0,,,,zero_mad: zero baseline variation (MAD = 0),0.0,0.0,0.0,2014-2023
v2-rolling-naive,Mauritius,2026,,,,,,,10.0,,,,no_prior_year,0.0,0.0,0.0,2015-2024
v2-rolling-naive,Mekong,2020,,,,,,,7.0,,,,insufficient_history: only 7 baseline years (<8),689.62,0.0,0.0,2013-2019
v2-rolling-naive,"Micronesia, Federated States of",2020,,,,,,,5.0,,,,insufficient_history: only 5 baseline years (<8),15902095.56,0.0,0.0,2015-2019
v2-rolling-naive,"Micronesia, Federated States of",2021,,,,,,,6.0,,,,insufficient_history: only 6 baseline years (<8),8006933.54,0.0,0.0,2015-2020
v2-rolling-naive,"Micronesia, Federated States of",2022,,,,,,,7.0,,,,insufficient_history: only 7 baseline years (<8),9810770.97,0.0,0.0,2015-2021
v2-rolling-naive,"Micronesia, Federated States of",2023,-0.15849607151052303,0.21069549771798213,-3.2355777610730727,3.656968756509037,1.1487577529303516,-0.3213833101772232,8.0,,,,charted,8310021.5,0.0,0.0,2015-2022
v2-rolling-naive,"Micronesia, Federated States of",2024,0.4583261717180608,0.19392929448559912,-2.839226910411057,3.2270854993822553,1.0110520682988853,0.26150668746201616,9.0,,,,charted,13386919.68,0.0,0.0,2015-2023
v2-rolling-naive,"Micronesia, Federated States of",2025,0.8624200937260165,0.21069549771798213,-2.267122861142092,2.6885138565780564,0.8259394529533581,0.7890706681677768,10.0,,,,charted,32298120.32,0.0,0.0,2015-2024
v2-rolling-naive,"Micronesia, Federated States of",2026,0.3185141438484258,0.20965131284375776,-2.1572919271396214,2.5765945528271366,0.7889810799944597,0.13797901339463362,10.0,,,,charted,44596591.15,0.0,0.0,2016-2025
v2-rolling-naive,"Mid East,NorthAfrica, Afghan, Pakistan",2026,,,,,,,0.0,,,,no_prior_year,1802160.37,0.0,0.0,
v2-rolling-naive,Middle East and North Africa,2022,,,,,,,0.0,,,,no_prior_year,0.0,0.0,0.0,
v2-rolling-naive,Middle East and North Africa,2023,,,,,,,0.0,,,,insufficient_history: no eligible baseline years,428762.33,0.0,0.0,
v2-rolling-naive,Middle East and North Africa,2024,,,,,,,1.0,,,,insufficient_history: only 1 baseline years (<8),468074.11,0.0,0.0,2023-2023
v2-rolling-naive,Middle East and North Africa,2025,,,,,,,2.0,,,,insufficient_history: only 2 baseline years (<8),973058.35,0.0,0.0,2023-2024
v2-rolling-naive,Moldova,2020,-0.5670431537965711,-0.17140388894867362,-2.995336101831954,2.652528323934607,0.9413107376277602,-0.4203067584727291,9.0,,,,charted,23082432.5,0.0,0.0,2011-2019
v2-rolling-naive,Moldova,2021,1.3456351728261942,-0.18359869295712233,-2.5750504825023435,2.207853096588099,0.7971505965150738,1.9183751131451348,10.0,,,,charted,94671254.32,0.0,0.0,2011-2020
v2-rolling-naive,Moldova,2022,-0.7452290751123644,-0.18290287335992345,-2.5589743285415816,2.193168581821735,0.792023818393886,-0.709986478554092,10.0,,,,charted,43717410.7,0.0,0.0,2012-2021
v2-rolling-naive,Moldova,2023,1.0975824074885696,-0.18336091406044064,-2.823694730835509,2.456972902714628,0.8801112722583562,1.455433377488875,10.0,,,,charted,135382221.4,0.0,0.0,2013-2022
v2-rolling-naive,Moldova,2024,-0.8081235031900494,-0.18336091406044064,-3.835525881515027,3.4688040533941455,1.217388322484862,-0.5131990980941725,10.0,,,,charted,59127351.0,0.0,0.0,2014-2023
v2-rolling-naive,Moldova,2025,-0.1624555514473712,-0.38140470367121393,-3.154596784717731,2.391787377375303,0.924397360348839,0.23685609848692998,10.0,,,,charted,49933670.9,0.0,0.0,2015-2024
v2-rolling-naive,Moldova,2026,0.7351816729029717,-0.17884495484570584,-2.975863801148948,2.6181738914575363,0.9323396154344141,0.9803580290029789,10.0,,,,charted,106528243.2,0.0,0.0,2016-2025
v2-rolling-naive,Mongolia,2020,2.1072552095416515,-0.1513241970695434,-1.5858674417651613,1.2832190476260745,0.47818108156520595,4.72327219474744,9.0,beyond_limits,medium,"Mongolia FY2020: year-over-year change of +723% is above the expected range -80% to +261% (learned from FY2011-2019, where a typical year was -14%); that is 4.7 robust sigmas from the typical year (limits sit at 3), so 1.7 beyond the +261% limit.",charted,116661280.6,0.0,0.0,2011-2019
v2-rolling-naive,Mongolia,2021,-0.43701838864608006,-0.1393870251129933,-1.951720446726818,1.6729463965008313,0.6041111405379416,-0.49267650198944446,10.0,,,,charted,74937268.54,0.0,0.0,2011-2020
v2-rolling-naive,Mongolia,2022,-0.017897380453891817,-0.19138162312199547,-1.8010072861276312,1.4182440398836405,0.5365418876685453,0.32333774241178254,10.0,,,,charted,73586915.25,0.0,0.0,2012-2021
v2-rolling-naive,Mongolia,2023,-0.56711542932267,-0.10291306053941783,-1.6614081792236381,1.4555820581448027,0.5194983728947401,-0.8935588502359142,10.0,,,,charted,41220539.39,0.0,0.0,2013-2022
v2-rolling-naive,Mongolia,2024,0.0304859133909433,-0.10291306053941783,-1.9152464821532427,1.7094203610744072,0.6041111405379417,0.2208185960808033,10.0,,,,charted,42533363.77,0.0,0.0,2014-2023
v2-rolling-naive,Mongolia,2025,-0.691435510676911,-0.0456947581931349,-1.7345955883280715,1.6432060719418018,0.5629669433783122,-1.147031384487242,10.0,,,,charted,20274366.52,0.0,0.0,2015-2024
v2-rolling-naive,Mongolia,2026,-0.19411529364746088,-0.06891035107186279,-2.0365981341503168,1.898777432006591,0.6558959276928179,-0.1908914772744809,10.0,,,,charted,16333575.52,0.0,0.0,2016-2025
v2-rolling-naive,Montenegro,2020,0.0,0.0,-0.20020956827864744,0.20020956827864744,0.06673652275954915,0.0,9.0,,,,charted,0.0,0.0,0.0,2011-2019
v2-rolling-naive,Montenegro,2021,0.0,0.0,-0.10010478413932372,0.10010478413932372,0.033368261379774576,0.0,10.0,,,,charted,0.0,0.0,0.0,2011-2020
v2-rolling-naive,Montenegro,2022,,,,,,,10.0,,,,zero_mad: zero baseline variation (MAD = 0),0.0,0.0,0.0,2012-2021
v2-rolling-naive,Montenegro,2023,,,,,,,10.0,,,,zero_mad: zero baseline variation (MAD = 0),0.0,0.0,0.0,2013-2022
v2-rolling-naive,Montenegro,2024,,,,,,,10.0,,,,zero_mad: zero baseline variation (MAD = 0),0.0,0.0,0.0,2014-2023
v2-rolling-naive,Montenegro,2025,,,,,,,10.0,,,,zero_mad: zero baseline variation (MAD = 0),0.0,0.0,0.0,2015-2024
v2-rolling-naive,Montenegro,2026,,,,,,,10.0,,,,zero_mad: zero baseline variation (MAD = 0),0.0,0.0,0.0,2016-2025
v2-rolling-naive,Morocco,2020,,,,,,,9.0,,,,zero_mad: zero baseline variation (MAD = 0),0.0,0.0,0.0,2011-2019
v2-rolling-naive,Morocco,2021,,,,,,,10.0,,,,zero_mad: zero baseline variation (MAD = 0),0.0,0.0,0.0,2011-2020
v2-rolling-naive,Morocco,2022,,,,,,,10.0,,,,zero_mad: zero baseline variation (MAD = 0),0.0,0.0,0.0,2012-2021
v2-rolling-naive,Morocco,2023,,,,,,,10.0,,,,zero_mad: zero baseline variation (MAD = 0),0.0,0.0,0.0,2013-2022
v2-rolling-naive,Morocco,2024,,,,,,,10.0,,,,zero_mad: zero baseline variation (MAD = 0),0.0,0.0,0.0,2014-2023
v2-rolling-naive,Morocco,2025,,,,,,,10.0,,,,zero_mad: zero baseline variation (MAD = 0),0.0,0.0,0.0,2015-2024
v2-rolling-naive,Mozambique,2020,0.202016086950482,0.024700506103957243,-0.6574832475552126,0.7068842597631271,0.2273945845530566,0.779770464609076,9.0,,,,charted,340989915.4,0.0,0.0,2011-2019
v2-rolling-naive,Mozambique,2021,0.4306565230480089,0.057070546895442956,-0.6780683584271979,0.7922094522180839,0.24504630177421363,1.5245525986219093,10.0,,,,charted,531212472.7,0.0,0.0,2011-2020
v2-rolling-naive,Mozambique,2022,0.08206014014685441,0.10329122300767278,-0.621312240137764,0.8278946861531096,0.2415344877151456,-0.08790083379669289,10.0,,,,charted,577824096.1,0.0,0.0,2012-2021
v2-rolling-naive,Mozambique,2023,0.4817534791649068,0.0846908769633326,-0.3309685621082444,0.5003503160349096,0.13855314635719232,2.8657783142501883,10.0,,,,charted,945997692.1,0.0,0.0,2013-2022
v2-rolling-naive,Mozambique,2024,0.21929528437776455,0.10180180296644009,-0.3130923142733774,0.5166959202062575,0.13829803907993918,0.8495672259200345,10.0,,,,charted,1182280745.0,0.0,0.0,2014-2023
v2-rolling-naive,Mozambique,2025,-0.43442691167060826,0.10162677919233101,-0.31267813658925414,0.5159316949739161,0.1381016385938617,-3.8815882006976103,10.0,beyond_limits,medium,"Mozambique FY2025: year-over-year change of -35% is below the expected range -27% to +68% (learned from FY2015-2024, where a typical year was +11%); that is 3.9 robust sigmas from the typical year (limits sit at 3), so 0.9 beyond the -27% limit.",charted,759310454.0,0.0,0.0,2015-2024
v2-rolling-naive,Mozambique,2026,0.21839294112434104,0.1015382053193402,-0.37515546003516625,0.5782318706738466,0.15889788845150216,0.7354077322472824,10.0,,,,charted,949113384.8,0.0,0.0,2016-2025
v2-rolling-naive,Myanmar,2020,,,,,,,6.0,,,,insufficient_history: only 6 baseline years (<8),195518325.3,0.0,0.0,2014-2019
v2-rolling-naive,Myanmar,2021,,,,,,,7.0,,,,insufficient_history: only 7 baseline years (<8),234288336.2,0.0,0.0,2014-2020
v2-rolling-naive,Myanmar,2022,-1.541122499556304,0.14247229856622365,-0.9760321402822021,1.2609767374146494,0.37283481294947524,-4.515658784124003,8.0,beyond_limits,medium,"Myanmar FY2022: year-over-year change of -79% is below the expected range -62% to +253% (learned from FY2014-2021, where a typical year was +15%); that is 4.5 robust sigmas from the typical year (limits sit at 3), so 1.5 beyond the -62% limit.",charted,42488147.67,0.0,0.0,2014-2021
v2-rolling-naive,Myanmar,2023,-1.7057590411491774,0.11214895534799568,-1.0724027384141035,1.296700649110095,0.39485056458736645,-4.604040514408165,9.0,beyond_limits,medium,"Myanmar FY2023: year-over-year change of -82% is below the expected range -66% to +266% (learned from FY2014-2022, where a typical year was +12%); that is 4.6 robust sigmas from the typical year (limits sit at 3), so 1.6 beyond the -66% limit.",charted,-18997029.65,0.0,0.0,2014-2022
v2-rolling-naive,Myanmar,2024,0.0,0.11220286649562196,-1.9990807502077061,2.22348648319895,0.7037612055677761,-0.15943315091530177,10.0,,,,charted,-9961769.09,0.0,0.0,2014-2023
v2-rolling-naive,Myanmar,2025,0.0,0.11370877608149998,-1.0277351077402619,1.2551526599032616,0.3804812946072539,-0.2988551019278731,10.0,,,,charted,-5348463.35,0.0,0.0,2015-2024
v2-rolling-naive,Myanmar,2026,2.051207027186497,0.05674152382021527,-0.6819528282741538,0.7954358759145843,0.24623145069812302,8.0999624447304,10.0,beyond_limits,high,"Myanmar FY2026: year-over-year change of +678% is above the expected range -49% to +122% (learned from FY2016-2025, where a typical year was +6%); that is 8.1 robust sigmas from the typical year (limits sit at 3), so 5.1 beyond the +122% limit.",charted,42452694.53,0.0,0.0,2016-2025
v2-rolling-naive,Nepal,2020,-0.12450466547260725,0.13086756663396099,-0.8277851089759121,1.089520242243834,0.31955089186995767,-0.7991598164917432,9.0,,,,charted,448392325.6,0.0,0.0,2011-2019
v2-rolling-naive,Nepal,2021,0.5883197107340551,0.1196447087621323,-0.8943042256571686,1.1335936431814333,0.33798297813976697,1.386682265927932,10.0,,,,charted,817632928.0,0.0,0.0,2011-2020
v2-rolling-naive,Nepal,2022,-0.5687012021718925,0.11922904900066619,-0.8898847808486556,1.128342878849988,0.3363712766164406,-2.0451515899111556,10.0,,,,charted,456961240.3,0.0,0.0,2012-2021
v2-rolling-naive,Nepal,2023,-0.2138927003269721,0.11858670246731602,-0.8830802206698672,1.1202536256044993,0.33388897437906107,-0.9957783224576542,10.0,,,,charted,365897638.3,0.0,0.0,2013-2022
v2-rolling-naive,Nepal,2024,-0.2922907860832592,0.11784960933153196,-0.9143441228992415,1.1500433415623055,0.3440645774102578,-1.192044814673687,10.0,,,,charted,268524588.7,0.0,0.0,2014-2023
v2-rolling-naive,Nepal,2025,0.6279973944804216,-0.007823978895481705,-1.1773549549398463,1.161706997148883,0.3898436586814549,1.6309650271762897,10.0,,,,charted,519162995.9,0.0,0.0,2015-2024
v2-rolling-naive,Nepal,2026,-0.872655399170689,0.11658315287239568,-1.1417233000093638,1.3748896057541553,0.41943548429391986,-2.358499910202816,10.0,,,,charted,203875555.6,0.0,0.0,2016-2025
v2-rolling-naive,Nicaragua,2020,0.08890656222475143,-0.09726132302810155,-1.1508365161706138,0.9563138701144106,0.351191731047504,0.5301032706481092,9.0,,,,charted,78417903.15,0.0,0.0,2011-2019
v2-rolling-naive,Nicaragua,2021,0.21914658660906958,-0.004171036097931367,-0.8497088890789767,0.841366816883114,0.28184595099368176,0.7923392971219485,10.0,,,,charted,98415463.67,0.0,0.0,2011-2020
v2-rolling-naive,Nicaragua,2022,0.0655008765234331,0.11608601431890386,-0.9797344674148346,1.2119064960526424,0.36527349391124614,-0.1384856515424081,10.0,,,,charted,105310012.6,0.0,0.0,2012-2021
v2-rolling-naive,Nicaragua,2023,-0.4810872571220335,0.07693634581795615,-0.8096121145806694,0.9634848062165817,0.2955161534662085,-1.8883015239429142,10.0,,,,charted,63754021.0,0.0,0.0,2013-2022
v2-rolling-naive,Nicaragua,2024,0.2119014368834528,0.07693634581795615,-0.8096121145806694,0.9634848062165817,0.2955161534662085,0.4567096907646016,10.0,,,,charted,79629355.35,0.0,0.0,2014-2023
v2-rolling-naive,Nicaragua,2025,-0.9215568206719748,0.07687746233018086,-0.6234151599601414,0.7771700846205032,0.2334308740967741,-4.277216057496456,10.0,beyond_limits,medium,"Nicaragua FY2025: year-over-year change of -60% is below the expected range -46% to +118% (learned from FY2015-2024, where a typical year was +8%); that is 4.3 robust sigmas from the typical year (limits sit at 3), so 1.3 beyond the -46% limit.",charted,29532379.97,0.0,0.0,2015-2024
v2-rolling-naive,Nicaragua,2026,-2.225974134687888,0.07687746233018086,-0.6234151599601414,0.7771700846205032,0.2334308740967741,-9.865240002757172,10.0,beyond_limits,high,"Nicaragua FY2026: year-over-year change of -89% is below the expected range -46% to +118% (learned from FY2016-2025, where a typical year was +8%); that is 9.9 robust sigmas from the typical year (limits sit at 3), so 6.9 beyond the -46% limit.",charted,-11139664.39,0.0,0.0,2016-2025
v2-rolling-naive,Niger,2020,0.6760812837794478,0.04417281312167401,-1.1358906253252328,1.224236251568581,0.3933544794823023,1.6064605937357945,9.0,,,,charted,519570899.2,0.0,0.0,2011-2019
v2-rolling-naive,Niger,2021,0.06105831483200252,0.12201492579613639,-1.033108486480763,1.277138338073036,0.3850411374256332,-0.15831194394367024,10.0,,,,charted,552802748.6,0.0,0.0,2011-2020
v2-rolling-naive,Niger,2022,-0.012684042577518807,0.12970985149096145,-0.9165908171849236,1.1760105201668465,0.3487668895586284,-0.40827813170190164,10.0,,,,charted,545711408.8,0.0,0.0,2012-2021
v2-rolling-naive,Niger,2023,0.3546362255618086,0.05198606695520582,-0.610877577011123,0.7148497109215346,0.22095454798877626,1.3697394389998092,10.0,,,,charted,782326976.2,0.0,0.0,2013-2022
v2-rolling-naive,Niger,2024,-1.5950218512884429,0.12790811002391975,-0.7282183245986315,0.984034544646471,0.2853754782075171,-6.037414188963692,10.0,beyond_limits,high,"Niger FY2024: year-over-year change of -80% is below the expected range -52% to +168% (learned from FY2014-2023, where a typical year was +14%); that is 6.0 robust sigmas from the typical year (limits sit at 3), so 3.0 beyond the -52% limit.",charted,148350553.1,0.0,0.0,2014-2023
v2-rolling-naive,Niger,2025,1.3679218106370472,0.12790811002391975,-0.8772556083148896,1.133071828362729,0.3350545727796031,3.700930538944774,10.0,beyond_limits,medium,"Niger FY2025: year-over-year change of +293% is above the expected range -58% to +211% (learned from FY2015-2024, where a typical year was +14%); that is 3.7 robust sigmas from the typical year (limits sit at 3), so 0.7 beyond the +211% limit.",charted,620742935.8,0.0,0.0,2015-2024
v2-rolling-naive,Niger,2026,0.17518166886751013,0.12712622759828443,-0.875274637586592,1.1295270927831609,0.3341336217282921,0.14382102890652235,10.0,,,,charted,742359199.8,0.0,0.0,2016-2025
v2-rolling-naive,Nigeria,2020,-0.18743295789053235,-0.02839727474470185,-0.7119207428865423,0.6551261933971385,0.22784115604728014,-0.6980112193287346,9.0,,,,charted,989880048.7,0.0,0.0,2011-2019
v2-rolling-naive,Nigeria,2021,0.32820220511276244,-0.031267796824767775,-0.7133676476195779,0.6508320539700424,0.22736661693160337,1.5810148683597922,10.0,,,,charted,1390573158.0,0.0,0.0,2011-2020
v2-rolling-naive,Nigeria,2022,0.43293041569244617,-0.02272369460608295,-0.7428260032491593,0.6973786140369934,0.24003410288102545,1.89828905488641,10.0,,,,charted,2166472224.0,0.0,0.0,2012-2021
v2-rolling-naive,Nigeria,2023,-0.16494566955091236,-0.02260023450144854,-0.7386524705193925,0.6934520015164954,0.23868407867264801,-0.596375911795477,10.0,,,,charted,1829965033.0,0.0,0.0,2013-2022
v2-rolling-naive,Nigeria,2024,0.4335300295584479,-0.02257941058778955,-0.7033170963076913,0.6581582751321122,0.22691256190663392,2.0100669452311304,10.0,,,,charted,2848772371.0,0.0,0.0,2014-2023
v2-rolling-naive,Nigeria,2025,-0.667435565123591,-0.022526236163595878,-0.702334920794419,0.6572824484672273,0.22660289487694105,-2.845988923973013,10.0,,,,charted,1437381873.0,0.0,0.0,2015-2024
v2-rolling-naive,Nigeria,2026,0.19414612184294786,-0.03059768992433657,-1.1593674060254657,1.0981720261767927,0.3762565720337097,0.5973153121353295,10.0,,,,charted,1758257037.0,0.0,0.0,2016-2025
v2-rolling-naive,North Macedonia,2020,,,,,,,9.0,,,,zero_mad: zero baseline variation (MAD = 0),0.0,0.0,0.0,2011-2019
v2-rolling-naive,North Macedonia,2021,,,,,,,10.0,,,,zero_mad: zero baseline variation (MAD = 0),0.0,0.0,0.0,2011-2020
v2-rolling-naive,North Macedonia,2022,,,,,,,10.0,,,,zero_mad: zero baseline variation (MAD = 0),0.0,0.0,0.0,2012-2021
v2-rolling-naive,North Macedonia,2023,,,,,,,10.0,,,,zero_mad: zero baseline variation (MAD = 0),0.0,0.0,0.0,2013-2022
v2-rolling-naive,North Macedonia,2024,,,,,,,10.0,,,,zero_mad: zero baseline variation (MAD = 0),0.0,0.0,0.0,2014-2023
v2-rolling-naive,North Macedonia,2025,,,,,,,10.0,,,,zero_mad: zero baseline variation (MAD = 0),0.0,0.0,0.0,2015-2024
v2-rolling-naive,North Macedonia,2026,,,,,,,10.0,,,,zero_mad: zero baseline variation (MAD = 0),0.0,0.0,0.0,2016-2025
v2-rolling-naive,OECS Countries,2022,,,,,,,0.0,,,,no_prior_year,0.0,0.0,0.0,
v2-rolling-naive,OECS Countries,2023,,,,,,,0.0,,,,insufficient_history: no eligible baseline years,1987242.01,0.0,0.0,
v2-rolling-naive,OECS Countries,2024,,,,,,,1.0,,,,insufficient_history: only 1 baseline years (<8),778531.59,0.0,0.0,2023-2023
v2-rolling-naive,OECS Countries,2025,,,,,,,2.0,,,,insufficient_history: only 2 baseline years (<8),251014.0,0.0,0.0,2023-2024
v2-rolling-naive,OECS Countries,2026,,,,,,,3.0,,,,insufficient_history: only 3 baseline years (<8),2333503.37,0.0,0.0,2023-2025
v2-rolling-naive,Pacific 1,2026,,,,,,,0.0,,,,no_prior_year,686450.0,0.0,0.0,
v2-rolling-naive,Pacific Islands,2020,,,,,,,5.0,,,,insufficient_history: only 5 baseline years (<8),2661394.99,0.0,0.0,2015-2019
v2-rolling-naive,Pacific Islands,2021,,,,,,,6.0,,,,insufficient_history: only 6 baseline years (<8),2468196.39,0.0,0.0,2015-2020
v2-rolling-naive,Pacific Islands,2022,,,,,,,7.0,,,,insufficient_history: only 7 baseline years (<8),2306965.31,0.0,0.0,2015-2021
v2-rolling-naive,Pacific Islands,2023,0.2202849646585685,0.27595458698869046,-0.7721230240184792,1.32403219799586,0.34935920366905654,-0.15934780519724642,8.0,,,,charted,2900118.27,0.0,0.0,2015-2022
v2-rolling-naive,Pacific Islands,2024,0.22683234754073825,0.2200214045302648,-1.0026931740459177,1.4427359831064475,0.4075715261920609,0.016711037383077405,9.0,,,,charted,3664824.88,0.0,0.0,2015-2023
v2-rolling-naive,Pacific Islands,2025,-0.1910661257412089,0.22252335393333553,-0.683914428115555,1.128961135982226,0.3021459273496302,-1.3688401604564955,10.0,,,,charted,3007369.46,0.0,0.0,2015-2024
v2-rolling-naive,Pacific Islands,2026,-0.028672347149572997,0.20804248066520076,-1.0200331862469465,1.4361181475773481,0.40935855563738244,-0.578257922192935,10.0,,,,charted,2918877.37,0.0,0.0,2016-2025
v2-rolling-naive,Pakistan,2020,0.8481538989155519,-0.2138872329185757,-0.8740112030544146,0.4462367372172632,0.22004132337861296,4.826553101604157,9.0,beyond_limits,medium,"Pakistan FY2020: year-over-year change of +134% is above the expected range -58% to +56% (learned from FY2011-2019, where a typical year was -19%); that is 4.8 robust sigmas from the typical year (limits sit at 3), so 1.8 beyond the +56% limit.",charted,1179136043.0,0.0,0.0,2011-2019
v2-rolling-naive,Pakistan,2021,0.27214654105030134,-0.13946037698779054,-1.0174329732980252,0.7385122193224442,0.29265753210341156,1.4064456673291743,10.0,,,,charted,1558856391.0,0.0,0.0,2011-2020
v2-rolling-naive,Pakistan,2022,-0.3307928402808807,-0.1385015302071062,-1.2000319507470476,0.9230288903328352,0.3538434735133138,-0.5434360797007587,10.0,,,,charted,1108936273.0,0.0,0.0,2012-2021
v2-rolling-naive,Pakistan,2023,0.4181930263442963,-0.13432910156571382,-1.2565392124706665,0.987881009339239,0.3740700369683176,1.4770552926076963,10.0,,,,charted,1713500150.0,0.0,0.0,2013-2022
v2-rolling-naive,Pakistan,2024,0.10732903191625148,0.057458042735346326,-1.5239478755787692,1.638863961049462,0.5271353061047052,0.09460756774087004,10.0,,,,charted,1914038403.0,0.0,0.0,2014-2023
v2-rolling-naive,Pakistan,2025,-0.3519875966418865,0.022309738975169024,-1.223458832022727,1.268078309973065,0.41525619033263206,-0.9013648545906869,10.0,,,,charted,1328628717.0,0.0,0.0,2015-2024
v2-rolling-naive,Pakistan,2026,0.11531762433697153,0.022309738975169024,-1.297301839735648,1.3419213176859859,0.43987052623693895,0.21144377678013196,10.0,,,,charted,1498233057.0,0.0,0.0,2016-2025
v2-rolling-naive,Papua New Guinea,2020,-1.6530447675554012,0.1065470357800023,-1.1794866955002163,1.3925807670602208,0.42867791042673953,-4.104694365015842,9.0,beyond_limits,medium,"Papua New Guinea FY2020: year-over-year change of -81% is below the expected range -69% to +303% (learned from FY2011-2019, where a typical year was +11%); that is 4.1 robust sigmas from the typical year (limits sit at 3), so 1.1 beyond the -69% limit.",charted,34234610.42,0.0,0.0,2011-2019
v2-rolling-naive,Papua New Guinea,2021,-0.7634200559180659,0.01571694557707335,-1.0520029104969577,1.0834368016511045,0.3559066186913437,-2.18916131529107,10.0,,,,charted,15250625.39,0.0,0.0,2011-2020
v2-rolling-naive,Papua New Guinea,2022,1.9906169437682268,0.01571694557707335,-1.4701798345981554,1.5016137257523021,0.49529892672507625,3.987289072579303,10.0,beyond_limits,medium,"Papua New Guinea FY2022: year-over-year change of +632% is above the expected range -77% to +349% (learned from FY2012-2021, where a typical year was +2%); that is 4.0 robust sigmas from the typical year (limits sit at 3), so 1.0 beyond the +349% limit.",charted,119981351.6,0.0,0.0,2012-2021
v2-rolling-naive,Papua New Guinea,2023,-1.2366441144066826,0.01568270842192035,-1.4571962971662897,1.4885617140101306,0.4909596685294034,-2.550773318264129,10.0,,,,charted,33718082.56,0.0,0.0,2013-2022
v2-rolling-naive,Papua New Guinea,2024,0.12596749474719893,0.015667919923299745,-2.606926151035511,2.6382619908821106,0.874198023652937,0.1261722994556768,10.0,,,,charted,38470901.33,0.0,0.0,2014-2023
v2-rolling-naive,Papua New Guinea,2025,0.40036165052443123,0.01566761502336681,-2.2426927319054624,2.2740279619521964,0.7527867823096098,0.5110265543196607,10.0,,,,charted,58243774.7,0.0,0.0,2015-2024
v2-rolling-naive,Papua New Guinea,2026,1.1409456632293593,0.1156033515741087,-2.4445472488539126,2.67575395200213,0.853383533476007,1.2015023391403161,10.0,,,,charted,185932611.0,0.0,0.0,2016-2025
v2-rolling-naive,Paraguay,2020,,,,,,,9.0,,,,zero_mad: zero baseline variation (MAD = 0),0.0,0.0,0.0,2011-2019
v2-rolling-naive,Paraguay,2021,,,,,,,10.0,,,,zero_mad: zero baseline variation (MAD = 0),0.0,0.0,0.0,2011-2020
v2-rolling-naive,Paraguay,2022,,,,,,,10.0,,,,zero_mad: zero baseline variation (MAD = 0),0.0,0.0,0.0,2012-2021
v2-rolling-naive,Paraguay,2023,,,,,,,10.0,,,,zero_mad: zero baseline variation (MAD = 0),0.0,0.0,0.0,2013-2022
v2-rolling-naive,Paraguay,2024,,,,,,,10.0,,,,zero_mad: zero baseline variation (MAD = 0),0.0,0.0,0.0,2014-2023
v2-rolling-naive,Paraguay,2025,,,,,,,10.0,,,,zero_mad: zero baseline variation (MAD = 0),0.0,0.0,0.0,2015-2024
v2-rolling-naive,Paraguay,2026,,,,,,,10.0,,,,zero_mad: zero baseline variation (MAD = 0),0.0,0.0,0.0,2016-2025
v2-rolling-naive,Philippines,2020,,,,,,,9.0,,,,zero_mad: zero baseline variation (MAD = 0),0.0,0.0,0.0,2011-2019
v2-rolling-naive,Philippines,2021,,,,,,,10.0,,,,zero_mad: zero baseline variation (MAD = 0),0.0,0.0,0.0,2011-2020
v2-rolling-naive,Philippines,2022,,,,,,,10.0,,,,zero_mad: zero baseline variation (MAD = 0),0.0,0.0,0.0,2012-2021
v2-rolling-naive,Philippines,2023,,,,,,,10.0,,,,zero_mad: zero baseline variation (MAD = 0),0.0,0.0,0.0,2013-2022
v2-rolling-naive,Philippines,2024,,,,,,,10.0,,,,zero_mad: zero baseline variation (MAD = 0),0.0,0.0,0.0,2014-2023
v2-rolling-naive,Philippines,2025,,,,,,,10.0,,,,zero_mad: zero baseline variation (MAD = 0),0.0,0.0,0.0,2015-2024
v2-rolling-naive,Philippines,2026,,,,,,,10.0,,,,zero_mad: zero baseline variation (MAD = 0),0.0,0.0,0.0,2016-2025
v2-rolling-naive,Rwanda,2020,0.4805184814651398,0.13134776097792136,-0.38401459565197715,0.6467101176078198,0.17178745220996616,2.0325740675194752,9.0,,,,charted,445994814.3,0.0,0.0,2011-2019
v2-rolling-naive,Rwanda,2021,0.12174460928874396,0.13377932087826755,-0.5854412975640808,0.852999939320616,0.23974020614744945,-0.050198970723007455,10.0,,,,charted,505133231.4,0.0,0.0,2011-2020
v2-rolling-naive,Rwanda,2022,-0.2262804433403772,0.12608204423511116,-0.5900535428821082,0.8422176313523305,0.23871186237240646,-1.4760996126190802,10.0,,,,charted,400466518.5,0.0,0.0,2012-2021
v2-rolling-naive,Rwanda,2023,0.18643079223569803,0.09704692628054123,-0.7267207572001497,0.9208146097612322,0.274589227826897,0.32551847231059267,10.0,,,,charted,485324004.2,0.0,0.0,2013-2022
v2-rolling-naive,Rwanda,2024,0.04134028590364984,0.1253091390978178,-0.4578569490347226,0.7084752272303583,0.19438869604418013,-0.43196366302639194,10.0,,,,charted,506383236.8,0.0,0.0,2014-2023
v2-rolling-naive,Rwanda,2025,0.3048374043127807,0.12487402802099096,-0.19696372116013244,0.44671177720211436,0.10727924972704113,1.6775226966042778,10.0,,,,charted,692105054.7,0.0,0.0,2015-2024
v2-rolling-naive,Rwanda,2026,-0.4860692573687998,0.12279228546427115,-0.19522046752775088,0.44080503845629315,0.10600425099734068,-5.743746473415914,10.0,beyond_limits,high,"Rwanda FY2026: year-over-year change of -38% is below the expected range -18% to +55% (learned from FY2016-2025, where a typical year was +13%); that is 5.7 robust sigmas from the typical year (limits sit at 3), so 2.7 beyond the -18% limit.",charted,417963550.6,0.0,0.0,2016-2025
v2-rolling-naive,Samoa,2020,0.1841037800821728,0.07283600014328004,-1.2036589403932922,1.3493309406798522,0.4254983135121907,0.26149993173992897,9.0,,,,charted,29814915.83,0.0,0.0,2011-2019
v2-rolling-naive,Samoa,2021,-0.43100768908876286,0.10033726903678761,-0.92901418195889,1.1296887200324652,0.34311715033189255,-1.548581752942363,10.0,,,,charted,19133643.05,0.0,0.0,2011-2020
v2-rolling-naive,Samoa,2022,0.43735747406017655,0.10033726903678761,-0.92901418195889,1.1296887200324652,0.34311715033189255,0.9822307182762327,10.0,,,,charted,30009233.51,0.0,0.0,2012-2021
v2-rolling-naive,Samoa,2023,-0.07838343250702404,0.12254196068987452,-1.3112865452463305,1.5563704666260796,0.4779428353120684,-0.42039628665153267,10.0,,,,charted,27674707.96,0.0,0.0,2013-2022
v2-rolling-naive,Samoa,2024,-0.5690161166803814,0.012028098814203077,-1.415444119436048,1.439500317064454,0.4758240727500837,-1.221132449513048,10.0,,,,charted,15201071.06,0.0,0.0,2014-2023
v2-rolling-naive,Samoa,2025,0.08292492492853897,-0.06244027098229517,-1.4099584175428441,1.285077875578254,0.449172715520183,0.3236287309715328,10.0,,,,charted,16608030.02,0.0,0.0,2015-2024
v2-rolling-naive,Samoa,2026,-0.3547407219109269,0.012123067416007265,-0.8649488424787962,0.8891949773108107,0.2923573032982678,-1.2548473569434098,10.0,,,,charted,11362421.22,0.0,0.0,2016-2025
v2-rolling-naive,Sao Tome and Principe,2020,0.2345153127018485,0.006082402108454912,-7.329600203783882,7.341765008000793,2.445227535297446,0.09341989949643122,9.0,,,,charted,16902588.09,0.0,0.0,2011-2019
v2-rolling-naive,Sao Tome and Principe,2021,0.3435952439869481,0.0561959275461574,-6.772267489018327,6.884659344110641,2.2761544721881615,0.12626529523916794,10.0,,,,charted,23954601.42,0.0,0.0,2011-2020
v2-rolling-naive,Sao Tome and Principe,2022,0.3592141229069347,0.16972769112867284,-6.2651617335767185,6.604617115834063,2.144963141568464,0.0883401808199387,10.0,,,,charted,34437089.47,0.0,0.0,2012-2021
v2-rolling-naive,Sao Tome and Principe,2023,-0.4848307356289607,0.1673309195920915,-3.148044442074767,3.48270628125895,1.1051251205556196,-0.5901247226134606,10.0,,,,charted,21075456.43,0.0,0.0,2013-2022
v2-rolling-naive,Sao Tome and Principe,2024,0.6999998439338364,0.1673309195920915,-1.708584128458999,2.0432459676431822,0.6253050160170303,0.8518545520946813,10.0,,,,charted,42786283.37,0.0,0.0,2014-2023
v2-rolling-naive,Sao Tome and Principe,2025,0.11533097610487869,0.2826276559173291,-2.3226784871787736,2.8879337990134317,0.8684353810320342,-0.19264148313906532,10.0,,,,charted,48098122.31,0.0,0.0,2015-2024
v2-rolling-naive,Sao Tome and Principe,2026,0.23538241966924267,0.27989360857770507,-1.0967180344417515,1.6565052515971617,0.4588705476731522,-0.09700162526048013,10.0,,,,charted,61087298.51,0.0,0.0,2016-2025
v2-rolling-naive,Senegal,2020,0.34229939380719293,0.186060942575464,-0.8506020562464556,1.2227239413973836,0.34555433294063986,0.4521385968514768,9.0,,,,charted,534347066.0,0.0,0.0,2011-2019
v2-rolling-naive,Senegal,2021,-0.5072691418300201,0.1895613058701206,-0.6584519066717378,1.0375745184119791,0.28267107084728615,-2.465163646253017,10.0,,,,charted,318403237.9,0.0,0.0,2011-2020
v2-rolling-naive,Senegal,2022,0.7806775746397162,0.13196825028899292,-1.1493686810069443,1.4133051815849302,0.42711231043197906,1.5188260991461993,10.0,,,,charted,705333671.6,0.0,0.0,2012-2021
v2-rolling-naive,Senegal,2023,-0.03780409758568576,0.18846096376346144,-0.9538711305443123,1.3307930580712353,0.38077736476925794,-0.5942187805366489,10.0,,,,charted,678818228.5,0.0,0.0,2013-2022
v2-rolling-naive,Senegal,2024,-0.41996612725249344,0.12979994701620157,-1.131851262784851,1.3914511568172543,0.42055040326701754,-1.3072537084684122,10.0,,,,charted,442067280.9,0.0,0.0,2014-2023
v2-rolling-naive,Senegal,2025,-0.4742846665612371,0.12663822188376805,-1.2375307539100255,1.4908071976775616,0.45472299193126453,-1.3215141945930897,10.0,,,,charted,269099195.8,0.0,0.0,2015-2024
v2-rolling-naive,Senegal,2026,0.7771903837464533,0.07038299728786203,-1.544746419581677,1.685512414157401,0.5383764722898463,1.312849693175423,10.0,,,,charted,604097201.7,0.0,0.0,2016-2025
v2-rolling-naive,Serbia,2020,0.0,0.0,-1.3458253077922258,1.3458253077922258,0.4486084359307419,0.0,9.0,,,,charted,0.0,0.0,0.0,2011-2019
v2-rolling-naive,Serbia,2021,0.0,0.0,-0.6729126538961129,0.6729126538961129,0.22430421796537095,0.0,10.0,,,,charted,0.0,0.0,0.0,2011-2020
v2-rolling-naive,Serbia,2022,,,,,,,10.0,,,,zero_mad: zero baseline variation (MAD = 0),0.0,0.0,0.0,2012-2021
v2-rolling-naive,Serbia,2023,,,,,,,10.0,,,,zero_mad: zero baseline variation (MAD = 0),0.0,0.0,0.0,2013-2022
v2-rolling-naive,Serbia,2024,,,,,,,10.0,,,,zero_mad: zero baseline variation (MAD = 0),0.0,0.0,0.0,2014-2023
v2-rolling-naive,Serbia,2025,,,,,,,10.0,,,,zero_mad: zero baseline variation (MAD = 0),0.0,0.0,0.0,2015-2024
v2-rolling-naive,Serbia,2026,,,,,,,10.0,,,,zero_mad: zero baseline variation (MAD = 0),0.0,0.0,0.0,2016-2025
v2-rolling-naive,Sierra Leone,2020,-0.04116593705163197,0.25172706283713747,-2.376686698612245,2.88014082428652,0.8761379204831274,-0.33430010622900547,9.0,,,,charted,98000185.43,0.0,0.0,2011-2019
v2-rolling-naive,Sierra Leone,2021,0.8559413782424932,0.10498178381272935,-1.567605387565819,1.7775689551912777,0.5575290571261827,1.3469425222438278,10.0,,,,charted,234910175.6,0.0,0.0,2011-2020
v2-rolling-naive,Sierra Leone,2022,-0.328951864349122,0.1034144474527937,-2.533503828790492,2.7403327236960795,0.8789727587477619,-0.4918995583183841,10.0,,,,charted,167971247.0,0.0,0.0,2012-2021
v2-rolling-naive,Sierra Leone,2023,0.3484469560681713,0.1034144474527937,-2.533503828790492,2.7403327236960795,0.8789727587477619,0.27877144789386393,10.0,,,,charted,239611135.1,0.0,0.0,2013-2022
v2-rolling-naive,Sierra Leone,2024,-0.2426066793019604,0.2519212484523762,-2.3575780128305315,2.861420509735284,0.8698330870943025,-0.5685319805507957,10.0,,,,charted,186938555.3,0.0,0.0,2014-2023
v2-rolling-naive,Sierra Leone,2025,0.006371714407122607,0.10992115875532948,-2.496201834925124,2.7160441524357823,0.868707664560151,-0.11919941376439519,10.0,,,,charted,188166155.0,0.0,0.0,2015-2024
v2-rolling-naive,Sierra Leone,2026,-0.396313008546378,-0.016536151504740613,-1.4948410664829643,1.461768763473483,0.4927683049927412,-0.7707006582885475,10.0,,,,charted,124063836.4,0.0,0.0,2016-2025
v2-rolling-naive,Solomon Islands,2020,1.00865003950629,0.4784730967809911,-1.321354799844958,2.27830099340694,0.5999426322086497,0.8837127322882307,9.0,,,,charted,26706239.0,0.0,0.0,2011-2019
v2-rolling-naive,Solomon Islands,2021,-0.36506333048579914,0.5315286863443403,-1.5219987388050606,2.585056111493741,0.6845091417164669,-1.3098320565622483,10.0,,,,charted,18432064.58,0.0,0.0,2011-2020
v2-rolling-naive,Solomon Islands,2022,0.42326592344248093,0.27265963769033824,-2.182794426555336,2.7281137019360124,0.8184846880818913,0.18400623486932496,10.0,,,,charted,28336194.49,0.0,0.0,2012-2021
v2-rolling-naive,Solomon Islands,2023,0.6356597945753946,0.24812204206542046,-2.2058990376430576,2.7021431217738985,0.8180070265694928,0.4737584640748209,10.0,,,,charted,53832807.84,0.0,0.0,2013-2022
v2-rolling-naive,Solomon Islands,2024,0.07969164503070006,0.4463433770605146,-1.026808560825676,1.9194953149467051,0.4910506459620635,-0.7466678540081596,10.0,,,,charted,58330957.66,0.0,0.0,2014-2023
v2-rolling-naive,Solomon Islands,2025,0.17350509628922886,0.2503730475203078,-1.81266757358653,2.313413668627146,0.6876802070356126,-0.11177862972446759,10.0,,,,charted,69473286.84,0.0,0.0,2015-2024
v2-rolling-naive,Solomon Islands,2026,0.19967332680468933,0.2927879249565792,-1.3641104795144765,1.949686329427635,0.5522994681570186,-0.16859440126315203,10.0,,,,charted,85030826.72,0.0,0.0,2016-2025
v2-rolling-naive,Somalia,2020,,,,,,,0.0,,,,insufficient_history: no eligible baseline years,520787157.9,0.0,0.0,
v2-rolling-naive,Somalia,2021,,,,,,,1.0,,,,insufficient_history: only 1 baseline years (<8),138638812.6,0.0,0.0,2020-2020
v2-rolling-naive,Somalia,2022,,,,,,,2.0,,,,insufficient_history: only 2 baseline years (<8),134861844.5,0.0,0.0,2020-2021
v2-rolling-naive,Somalia,2023,,,,,,,3.0,,,,insufficient_history: only 3 baseline years (<8),341841805.0,0.0,0.0,2020-2022
v2-rolling-naive,Somalia,2024,,,,,,,4.0,,,,insufficient_history: only 4 baseline years (<8),485978014.4,0.0,0.0,2020-2023
v2-rolling-naive,Somalia,2025,,,,,,,5.0,,,,insufficient_history: only 5 baseline years (<8),391687811.9,0.0,0.0,2020-2024
v2-rolling-naive,"Somalia, Federal Republic of",2026,,,,,,,0.0,,,,no_prior_year,493443310.6,0.0,0.0,
v2-rolling-naive,South Asia,2020,,,,,,,0.0,,,,no_prior_year,0.0,0.0,0.0,
v2-rolling-naive,South Asia,2021,,,,,,,0.0,,,,insufficient_history: no eligible baseline years,4475138.93,0.0,0.0,
v2-rolling-naive,South Asia,2022,,,,,,,1.0,,,,insufficient_history: only 1 baseline years (<8),1781521.35,0.0,0.0,2021-2021
v2-rolling-naive,South Asia,2023,,,,,,,2.0,,,,insufficient_history: only 2 baseline years (<8),10685449.93,0.0,0.0,2021-2022
v2-rolling-naive,South Asia,2024,,,,,,,3.0,,,,insufficient_history: only 3 baseline years (<8),17556735.39,0.0,0.0,2021-2023
v2-rolling-naive,South Asia,2025,,,,,,,4.0,,,,insufficient_history: only 4 baseline years (<8),26467737.18,0.0,0.0,2021-2024
v2-rolling-naive,South Asia,2026,,,,,,,5.0,,,,insufficient_history: only 5 baseline years (<8),5586481.35,0.0,0.0,2021-2025
v2-rolling-naive,South East Asia,2022,,,,,,,0.0,,,,no_prior_year,0.0,0.0,0.0,
v2-rolling-naive,South East Asia,2023,,,,,,,0.0,,,,insufficient_history: no eligible baseline years,2612909.23,0.0,0.0,
v2-rolling-naive,South East Asia,2024,,,,,,,1.0,,,,insufficient_history: only 1 baseline years (<8),2759436.62,0.0,0.0,2023-2023
v2-rolling-naive,South Sudan,2020,,,,,,,6.0,,,,insufficient_history: only 6 baseline years (<8),78335825.11,0.0,0.0,2014-2019
v2-rolling-naive,South Sudan,2021,,,,,,,7.0,,,,insufficient_history: only 7 baseline years (<8),23887584.79,0.0,0.0,2014-2020
v2-rolling-naive,South Sudan,2022,2.0615593131478316,0.04629211599646625,-3.4596059890067266,3.5521902209996594,1.168632701667731,1.7244658602103295,8.0,,,,charted,197538276.8,0.0,0.0,2014-2021
v2-rolling-naive,South Sudan,2023,0.25709001624392663,0.3253146598308188,-3.9307750798827916,4.58140439954443,1.418696579904537,-0.04808966522741808,9.0,,,,charted,255926899.9,0.0,0.0,2014-2022
v2-rolling-naive,South Sudan,2024,-1.5600211611695525,0.2906152323142762,-3.2828037735194764,3.8640342381480286,1.1911396686112508,-1.5536686773613082,10.0,,,,charted,52334075.17,0.0,0.0,2014-2023
v2-rolling-naive,South Sudan,2025,1.5600921860779082,0.015105466314067173,-3.2497790718826307,3.279990004510765,1.088294846065566,1.4196398387342553,10.0,,,,charted,258908338.3,0.0,0.0,2015-2024
v2-rolling-naive,South Sudan,2026,-0.14552638597057863,0.01560840879437804,-3.235776962131906,3.2669937797206625,1.0837951236420948,-0.1486764345492375,10.0,,,,charted,223463538.4,0.0,0.0,2016-2025
v2-rolling-naive,Sri Lanka,2020,0.5248604937527451,-0.051028027888535624,-0.7904434054088427,0.6883873496317714,0.246471792506769,2.336529124830643,9.0,,,,charted,187301318.8,0.0,0.0,2011-2019
v2-rolling-naive,Sri Lanka,2021,0.3946052711388364,-0.05035214687687534,-0.9442184828691436,0.843514189115393,0.2979554453307561,1.4933689750887784,10.0,,,,charted,282448196.6,0.0,0.0,2011-2020
v2-rolling-naive,Sri Lanka,2022,-0.3595652440444213,-0.003894802173176476,-1.299947786469195,1.2921581821228423,0.4320176614320062,-0.8232775500249372,10.0,,,,charted,194314670.7,0.0,0.0,2012-2021
v2-rolling-naive,Sri Lanka,2023,0.5332911622840943,-0.003894802173176476,-1.4643840769546421,1.4565944726082893,0.4868297582604886,1.1034369927933578,10.0,,,,charted,337813762.9,0.0,0.0,2013-2022
v2-rolling-naive,Sri Lanka,2024,0.23951649880132356,0.018445521861955624,-1.6574735372490932,1.6943645809730046,0.5586396863703497,0.39573088402603956,10.0,,,,charted,431822046.8,0.0,0.0,2014-2023
v2-rolling-naive,Sri Lanka,2025,-0.09941971861792473,0.09431504020891454,-1.7469508331300654,1.9355809135478945,0.6137552911129933,-0.3156547269442153,10.0,,,,charted,390050264.3,0.0,0.0,2015-2024
v2-rolling-naive,Sri Lanka,2026,-0.8788926138739073,0.09429547738015444,-1.702658558484697,1.891249513245006,0.5989846786216172,-1.6247295231216279,10.0,,,,charted,156284095.2,0.0,0.0,2016-2025
v2-rolling-naive,St. Kitts and Nevis,2020,,,,,,,9.0,,,,zero_mad: zero baseline variation (MAD = 0),0.0,0.0,0.0,2011-2019
v2-rolling-naive,St. Kitts and Nevis,2021,,,,,,,10.0,,,,zero_mad: zero baseline variation (MAD = 0),0.0,0.0,0.0,2011-2020
v2-rolling-naive,St. Kitts and Nevis,2022,,,,,,,10.0,,,,zero_mad: zero baseline variation (MAD = 0),0.0,0.0,0.0,2012-2021
v2-rolling-naive,St. Kitts and Nevis,2023,,,,,,,10.0,,,,zero_mad: zero baseline variation (MAD = 0),0.0,0.0,0.0,2013-2022
v2-rolling-naive,St. Kitts and Nevis,2024,,,,,,,10.0,,,,zero_mad: zero baseline variation (MAD = 0),0.0,0.0,0.0,2014-2023
v2-rolling-naive,St. Kitts and Nevis,2025,,,,,,,10.0,,,,zero_mad: zero baseline variation (MAD = 0),0.0,0.0,0.0,2015-2024
v2-rolling-naive,St. Kitts and Nevis,2026,,,,,,,10.0,,,,zero_mad: zero baseline variation (MAD = 0),0.0,0.0,0.0,2016-2025
v2-rolling-naive,St. Lucia,2020,1.3090161708443706,-0.056069722394430845,-2.759927450506784,2.6477880057179224,0.9012859093707845,1.5145980637729155,9.0,,,,charted,11703759.32,0.0,0.0,2011-2019
v2-rolling-naive,St. Lucia,2021,1.2968370884981484,-0.023660671589613286,-3.1343192448726938,3.086997901693467,1.03688619109436,1.2735223705641885,10.0,,,,charted,43364442.6,0.0,0.0,2011-2020
v2-rolling-naive,St. Lucia,2022,-1.0022400479406555,-0.023474647665340152,-3.115630371668784,3.0686810763381036,1.0307185746678147,-0.9495951895411965,10.0,,,,charted,15763400.36,0.0,0.0,2012-2021
v2-rolling-naive,St. Lucia,2023,0.12672120305873627,-0.023474647665340152,-3.2601917169397154,3.213242421609035,1.078905689758125,0.1392112880206871,10.0,,,,charted,17925870.24,0.0,0.0,2013-2022
v2-rolling-naive,St. Lucia,2024,1.266502102524448,0.06738728074152697,-3.416330096114235,3.551104657597289,1.1612391256185874,1.0326166207534193,10.0,,,,charted,64378544.72,0.0,0.0,2014-2023
v2-rolling-naive,St. Lucia,2025,-1.1731251474131337,0.06646639288669112,-3.4183688879069885,3.551301673680371,1.16161176026456,-1.0671306736921333,10.0,,,,charted,19571728.38,0.0,0.0,2015-2024
v2-rolling-naive,St. Lucia,2026,0.2575238762514407,0.06609491517615822,-3.7863231458829256,3.9185129762352418,1.2841393536863612,0.1490717970177847,10.0,,,,charted,25492272.27,0.0,0.0,2016-2025
v2-rolling-naive,St. Vincent and the Grenadines,2020,2.8294643382192888,0.12403261591696452,-2.3632040901204903,2.6112693219544196,0.829078902012485,3.263177624874096,9.0,beyond_limits,medium,"St. Vincent and the Grenadines FY2020: year-over-year change of +1594% is above the expected range -91% to +1262% (learned from FY2011-2019, where a typical year was +13%); that is 3.3 robust sigmas from the typical year (limits sit at 3), so 0.3 beyond the +1262% limit.",charted,56555184.24,0.0,0.0,2011-2019
v2-rolling-naive,St. Vincent and the Grenadines,2021,0.002396902519768522,0.21597275437739993,-2.4206860964323726,2.8526316051871725,0.8788862836032575,-0.24300737859056495,10.0,,,,charted,56691144.07,0.0,0.0,2011-2020
v2-rolling-naive,St. Vincent and the Grenadines,2022,0.09196040658684111,0.2129640507488269,-2.035156895109888,2.461084996607542,0.7493736486195717,-0.16147304403469184,10.0,,,,charted,62164960.75,0.0,0.0,2012-2021
v2-rolling-naive,St. Vincent and the Grenadines,2023,-1.2593914965549928,0.10551364742116934,-1.904073582187423,2.1151008770297617,0.6698624098695308,-2.0375902929707683,10.0,,,,charted,17528487.14,0.0,0.0,2013-2022
v2-rolling-naive,St. Vincent and the Grenadines,2024,0.03562141124304507,0.04715822025871381,-1.7022177589089582,1.7965341994263857,0.583125326389224,-0.019784441686156777,10.0,,,,charted,18170014.7,0.0,0.0,2014-2023
v2-rolling-naive,St. Vincent and the Grenadines,2025,0.6979074865152606,0.01894829921506246,-1.5612069598574385,1.5991035582875635,0.5267184196908337,1.2890363464006531,10.0,,,,charted,36736939.76,0.0,0.0,2015-2024
v2-rolling-naive,St. Vincent and the Grenadines,2026,-0.42738184065683354,0.0578477294107584,-1.3399387759699302,1.455634234791447,0.4659288351268962,-1.0414242122092296,10.0,,,,charted,23655555.71,0.0,0.0,2016-2025
v2-rolling-naive,Sudan,2021,,,,,,,0.0,,,,no_prior_year,1409825188.0,0.0,0.0,
v2-rolling-naive,Sudan,2022,,,,,,,0.0,,,,insufficient_history: no eligible baseline years,10204496.0,0.0,0.0,
v2-rolling-naive,Sudan,2023,,,,,,,1.0,,,,insufficient_history: only 1 baseline years (<8),0.0,0.0,0.0,2022-2022
v2-rolling-naive,Sudan,2024,,,,,,,2.0,,,,insufficient_history: only 2 baseline years (<8),-3069407.09,0.0,0.0,2022-2023
v2-rolling-naive,Sudan,2025,,,,,,,3.0,,,,insufficient_history: only 3 baseline years (<8),83340577.2,0.0,0.0,2022-2024
v2-rolling-naive,Sudan,2026,,,,,,,4.0,,,,insufficient_history: only 4 baseline years (<8),164233941.4,0.0,0.0,2022-2025
v2-rolling-naive,Suriname,2025,,,,,,,0.0,,,,no_prior_year,0.0,0.0,0.0,
v2-rolling-naive,Syrian Arab Republic,2025,,,,,,,2.0,,,,no_prior_year,0.0,0.0,0.0,2011-2012
v2-rolling-naive,Syrian Arab Republic,2026,,,,,,,2.0,,,,insufficient_history: only 2 baseline years (<8),9534144.0,0.0,0.0,2011-2012
v2-rolling-naive,Tajikistan,2020,-0.060876312557036495,0.3252881555213698,-1.685061653625098,2.3356379646678374,0.6701166030488226,-0.5762645878664666,9.0,,,,charted,75332213.29,0.0,0.0,2011-2019
v2-rolling-naive,Tajikistan,2021,0.5607553193768275,0.13155526576551663,-1.4563601927918441,1.7194707243228773,0.5293051528524536,0.8108745046186099,10.0,,,,charted,133273946.9,0.0,0.0,2011-2020
v2-rolling-naive,Tajikistan,2022,-0.053130265438199695,0.1291970900528081,-1.4474960753562236,1.7058902554618398,0.5255643884696772,-0.34691725598437745,10.0,,,,charted,126263729.7,0.0,0.0,2012-2021
v2-rolling-naive,Tajikistan,2023,0.5832639481723848,0.13283414863315007,-1.2729437841528926,1.5386120814191928,0.46859264426201425,0.9612395863546169,10.0,,,,charted,227996136.0,0.0,0.0,2013-2022
v2-rolling-naive,Tajikistan,2024,0.020700735136455862,0.1318325264805914,-1.2663872362224615,1.530052289183644,0.466073254234351,-0.23844275622873706,10.0,,,,charted,232815435.2,0.0,0.0,2014-2023
v2-rolling-naive,Tajikistan,2025,-0.01582745835391887,0.16206614105143075,-1.118549846566549,1.4426821286694107,0.42687199587266,-0.4167375726807269,10.0,,,,charted,229100419.9,0.0,0.0,2015-2024
v2-rolling-naive,Tajikistan,2026,0.7417887504362939,0.16094133159755672,-0.983896447296071,1.3057791104911844,0.38161259296454253,1.5220866123060737,10.0,,,,charted,485446958.2,0.0,0.0,2016-2025
v2-rolling-naive,Tanzania,2020,0.504621280720531,0.0008201074190416184,-0.8275275889694635,0.8291678038075467,0.2761158987961684,1.824600377949988,9.0,,,,charted,750675907.5,0.0,0.0,2011-2019
v2-rolling-naive,Tanzania,2021,-0.4520939274059776,0.019214096621782122,-1.0832485048435367,1.1216766980871011,0.367487533821773,-1.282514318584582,10.0,,,,charted,466502351.5,0.0,0.0,2011-2020
v2-rolling-naive,Tanzania,2022,0.5613598772057813,0.019376406055537636,-1.0935829843784186,1.132335796489494,0.3709864634779854,1.4609251940600936,10.0,,,,charted,836769876.8,0.0,0.0,2012-2021
v2-rolling-naive,Tanzania,2023,0.5819266735867684,0.05262291075327494,-1.5225817218280144,1.6278275433345644,0.5250682108604298,1.0080666699782166,10.0,,,,charted,1521585063.0,0.0,0.0,2013-2022
v2-rolling-naive,Tanzania,2024,0.33857521830632453,0.05253817291899131,-1.8472186052275918,1.9522949510655745,0.6332522593821944,0.45169526227414186,10.0,,,,charted,2147398287.0,0.0,0.0,2014-2023
v2-rolling-naive,Tanzania,2025,-0.30704343868452394,0.20298178874463346,-1.244561155552044,1.6505247330413109,0.4825143147655591,-1.057015744034382,10.0,,,,charted,1571236097.0,0.0,0.0,2015-2024
v2-rolling-naive,Tanzania,2026,-0.15825055192507095,0.2027383454636705,-1.4192759012008118,1.8247525921281527,0.5406714155548275,-0.6676678052571007,10.0,,,,charted,1336377527.0,0.0,0.0,2016-2025
v2-rolling-naive,Thailand & Myanmar CMU,2025,,,,,,,0.0,,,,no_prior_year,1977000.0,0.0,0.0,
v2-rolling-naive,Thailand & Myanmar CMU,2026,,,,,,,0.0,,,,insufficient_history: no eligible baseline years,7949400.02,0.0,0.0,
v2-rolling-naive,Timor-Leste,2020,-0.09889617591488506,0.16827275827844612,-1.4129565642682613,1.7495020808251538,0.5270764408489025,-0.5068884007849647,9.0,,,,charted,2785202.01,0.0,0.0,2011-2019
v2-rolling-naive,Timor-Leste,2021,0.2518886952325817,0.14095652315356216,-1.249637961337095,1.5315510076442191,0.463531494830219,0.23931960032112054,10.0,,,,charted,3673412.86,0.0,0.0,2011-2020
v2-rolling-naive,Timor-Leste,2022,0.23785944180152938,0.14095652315356216,-1.249637961337095,1.5315510076442191,0.463531494830219,0.20905358045511133,10.0,,,,charted,4744564.71,0.0,0.0,2012-2021
v2-rolling-naive,Timor-Leste,2023,-0.005922558166986934,0.14095652315356216,-0.671654604845926,0.9535676511530502,0.2708703759998294,-0.5422485968736633,10.0,,,,charted,4714684.63,0.0,0.0,2013-2022
v2-rolling-naive,Timor-Leste,2024,0.16006280440703236,0.05401173916629393,-0.8737788163370415,0.9818022946696294,0.30926351850111183,0.3429148893950683,10.0,,,,charted,5574260.32,0.0,0.0,2014-2023
v2-rolling-naive,Timor-Leste,2025,-0.09144357479097262,0.13705109939523316,-0.4713858496190537,0.7454880484095201,0.20281231633809563,-1.1266311549112071,10.0,,,,charted,5066410.66,0.0,0.0,2015-2024
v2-rolling-naive,Timor-Leste,2026,0.6371088640484159,0.05393310914062452,-0.708044967558164,0.8159111858394131,0.25399269223292953,2.296033597584679,10.0,,,,charted,9806322.08,0.0,0.0,2016-2025
v2-rolling-naive,Togo,2020,1.0165610132885168,-0.010704863121288344,-2.5450781295359928,2.5236684032934162,0.8447910888049015,1.2159998963330032,9.0,,,,charted,217500910.7,0.0,0.0,2011-2019
v2-rolling-naive,Togo,2021,-0.4095983444808864,0.12622217988426518,-2.5463503843455553,2.7987947441140855,0.8908575214099401,-0.6014660161561195,10.0,,,,charted,143721594.8,0.0,0.0,2011-2020
v2-rolling-naive,Togo,2022,0.20574922019217132,-0.20998255272852,-2.1841602313238955,1.7641951258668556,0.6580592261984585,0.6317543412047144,10.0,,,,charted,177046528.2,0.0,0.0,2012-2021
v2-rolling-naive,Togo,2023,-0.17572950218530575,0.09754197666611801,-2.248300505298402,2.443384458630638,0.7819474939881734,-0.3494754839070523,10.0,,,,charted,148167181.3,0.0,0.0,2013-2022
v2-rolling-naive,Togo,2024,0.5961611677908643,-0.09217287151969188,-1.6849934849259565,1.5006477418865727,0.5309402044687549,1.296443617411278,10.0,,,,charted,272102993.5,0.0,0.0,2014-2023
v2-rolling-naive,Togo,2025,0.30302464667170376,0.09654541707056111,-2.130282307965751,2.323373142106873,0.7422759083454373,0.27817045828874215,10.0,,,,charted,369800160.5,0.0,0.0,2015-2024
v2-rolling-naive,Togo,2026,-0.1493066910650679,0.09474795336461428,-2.088335296655598,2.2778312033848267,0.7276944166734042,-0.3353806746867155,10.0,,,,charted,317514023.7,0.0,0.0,2016-2025
v2-rolling-naive,Tonga,2020,-0.36388251772102903,0.05565236695007545,-1.3161829571687342,1.4274876910688852,0.45727844137293655,-0.9174604501613711,9.0,,,,charted,15846898.47,0.0,0.0,2011-2019
v2-rolling-naive,Tonga,2021,1.10365181891909,-0.015738899325827886,-1.631955858897733,1.6004780602460773,0.5387389865239683,2.0777978691822714,10.0,,,,charted,49079897.67,0.0,0.0,2011-2020
v2-rolling-naive,Tonga,2022,-0.407718022267603,-0.01559240642602076,-1.6241893450520337,1.5930045321999924,0.5361989795420044,-0.7313061583528512,10.0,,,,charted,32403664.74,0.0,0.0,2012-2021
v2-rolling-naive,Tonga,2023,-0.12904269411970737,-0.09833189834531564,-1.3682304147429114,1.1715666180522801,0.42329950546586526,-0.07255098429796829,10.0,,,,charted,28384837.61,0.0,0.0,2013-2022
v2-rolling-naive,Tonga,2024,-0.20361839214168412,-0.10719159523649549,-1.3334384734527476,1.1190552829797566,0.4087489594054174,-0.23590713734282018,10.0,,,,charted,22997154.94,0.0,0.0,2014-2023
v2-rolling-naive,Tonga,2025,0.5905600270365338,-0.14915605254055958,-1.1855728286393943,0.8872607235582752,0.34547225869961157,2.1411735991811636,10.0,,,,charted,42243236.16,0.0,0.0,2015-2024
v2-rolling-naive,Tonga,2026,-0.43688250706564025,-0.14678239599820858,-1.179036670907384,0.8854718789109668,0.3440847583030585,-0.8431065429870656,10.0,,,,charted,26884134.84,0.0,0.0,2016-2025
v2-rolling-naive,Tunisia,2020,,,,,,,9.0,,,,zero_mad: zero baseline variation (MAD = 0),0.0,0.0,0.0,2011-2019
v2-rolling-naive,Tunisia,2021,,,,,,,10.0,,,,zero_mad: zero baseline variation (MAD = 0),0.0,0.0,0.0,2011-2020
v2-rolling-naive,Tunisia,2022,,,,,,,10.0,,,,zero_mad: zero baseline variation (MAD = 0),0.0,0.0,0.0,2012-2021
v2-rolling-naive,Tunisia,2023,,,,,,,10.0,,,,zero_mad: zero baseline variation (MAD = 0),0.0,0.0,0.0,2013-2022
v2-rolling-naive,Turkiye,2020,,,,,,,9.0,,,,zero_mad: zero baseline variation (MAD = 0),0.0,0.0,0.0,2011-2019
v2-rolling-naive,Turkiye,2021,,,,,,,10.0,,,,zero_mad: zero baseline variation (MAD = 0),0.0,0.0,0.0,2011-2020
v2-rolling-naive,Turkiye,2022,,,,,,,10.0,,,,zero_mad: zero baseline variation (MAD = 0),0.0,0.0,0.0,2012-2021
v2-rolling-naive,Turkiye,2023,,,,,,,10.0,,,,zero_mad: zero baseline variation (MAD = 0),0.0,0.0,0.0,2013-2022
v2-rolling-naive,Tuvalu,2020,,,,,,,7.0,,,,insufficient_history: only 7 baseline years (<8),17081753.73,0.0,0.0,2013-2019
v2-rolling-naive,Tuvalu,2021,-0.9901908922041124,0.5007772863761479,-0.4458301162968201,1.447384689049116,0.31553580089098937,-4.725194967956606,8.0,beyond_limits,medium,"Tuvalu FY2021: year-over-year change of -63% is below the expected range -36% to +325% (learned from FY2013-2020, where a typical year was +65%); that is 4.7 robust sigmas from the typical year (limits sit at 3), so 1.7 beyond the -36% limit.",charted,6174768.92,0.0,0.0,2013-2020
v2-rolling-naive,Tuvalu,2022,0.5796169406714717,0.46094153675096006,-0.5065384879180527,1.428421561419973,0.3224933415563376,0.3679933463053526,9.0,,,,charted,11252350.24,0.0,0.0,2013-2021
v2-rolling-naive,Tuvalu,2023,-0.9872933090206369,0.4858157197551244,-0.45721373403308374,1.4288451735433325,0.31434315126273604,-4.68630864982485,10.0,beyond_limits,medium,"Tuvalu FY2023: year-over-year change of -63% is below the expected range -37% to +317% (learned from FY2013-2022, where a typical year was +63%); that is 4.7 robust sigmas from the typical year (limits sit at 3), so 1.7 beyond the -37% limit.",charted,3998735.87,0.0,0.0,2013-2022
v2-rolling-naive,Tuvalu,2024,1.8604901541784726,0.38832448796219815,-1.6764067911286622,2.4530557670530584,0.6882437596969534,2.139017819594175,10.0,,,,charted,27374908.64,0.0,0.0,2014-2023
v2-rolling-naive,Tuvalu,2025,0.4067076112679056,0.38510759013300416,-1.664971602909007,2.4351867831750154,0.6833597310140037,0.03160856596400587,10.0,,,,charted,41295326.91,0.0,0.0,2015-2024
v2-rolling-naive,Tuvalu,2026,-0.10802734747539064,0.4590685705964465,-1.5621631055723852,2.480300246765278,0.6737438920562773,-0.8417084366302026,10.0,,,,charted,37018620.79,0.0,0.0,2016-2025
v2-rolling-naive,Uganda,2020,-0.05868681274873867,0.027978144203256526,-1.0112655297961677,1.0672218182026807,0.3464145579998081,-0.2501770059907332,9.0,,,,charted,330392341.7,0.0,0.0,2011-2019
v2-rolling-naive,Uganda,2021,0.7840759226719151,-0.0009209411340042068,-0.9314129901753921,0.9295711079073837,0.3101640163471293,2.5309088818587084,10.0,,,,charted,738595956.9,0.0,0.0,2011-2020
v2-rolling-naive,Uganda,2022,-0.29048145740063974,0.06239972530452372,-0.853238261963244,0.9780377125722916,0.30521266242258926,-1.1561813324002057,10.0,,,,charted,549240701.4,0.0,0.0,2012-2021
v2-rolling-naive,Uganda,2023,-0.4189661229291832,0.03345087983008828,-1.0078691873630992,1.0747709470232758,0.34710668906439585,-1.303394653611352,10.0,,,,charted,356740860.2,0.0,0.0,2013-2022
v2-rolling-naive,Uganda,2024,0.32458498284977433,-0.043608517229991366,-1.2865530921857626,1.19933605772578,0.41431485831859044,0.8886804146344195,10.0,,,,charted,499845671.7,0.0,0.0,2014-2023
v2-rolling-naive,Uganda,2025,0.32598952279184173,0.033097420232626726,-1.0258092961951837,1.092004136660437,0.3529689054759368,0.829795763919444,10.0,,,,charted,698853294.8,0.0,0.0,2015-2024
v2-rolling-naive,Uganda,2026,0.015315774906987024,0.18193213916500786,-0.6063883629433792,0.9702526412733948,0.26277350070279565,-0.634068366149556,10.0,,,,charted,709910105.1,0.0,0.0,2016-2025
v2-rolling-naive,Ukraine,2022,,,,,,,0.0,,,,no_prior_year,25930932.18,0.0,0.0,
v2-rolling-naive,Ukraine,2023,,,,,,,0.0,,,,insufficient_history: no eligible baseline years,984373206.4,0.0,0.0,
v2-rolling-naive,Ukraine,2024,,,,,,,1.0,,,,insufficient_history: only 1 baseline years (<8),107990.0,0.0,0.0,2023-2023
v2-rolling-naive,Ukraine,2025,,,,,,,2.0,,,,insufficient_history: only 2 baseline years (<8),4853109375.0,0.0,0.0,2023-2024
v2-rolling-naive,Ukraine,2026,,,,,,,3.0,,,,insufficient_history: only 3 baseline years (<8),729496712.1,0.0,0.0,2023-2025
v2-rolling-naive,Uzbekistan,2020,-1.4036680464726865,0.18812793832503405,-0.449342162609079,0.8255980392591471,0.21249003364470434,-7.491155973269295,9.0,beyond_limits,high,"Uzbekistan FY2020: year-over-year change of -75% is below the expected range -36% to +128% (learned from FY2011-2019, where a typical year was +21%); that is 7.5 robust sigmas from the typical year (limits sit at 3), so 4.5 beyond the -36% limit.",charted,169284560.0,0.0,0.0,2011-2019
v2-rolling-naive,Uzbekistan,2021,1.0343881828728128,0.15389296402729907,-0.5452742630126253,0.8530601910672233,0.23305574234664145,3.7780455867759164,10.0,beyond_limits,medium,"Uzbekistan FY2021: year-over-year change of +181% is above the expected range -42% to +135% (learned from FY2011-2020, where a typical year was +17%); that is 3.8 robust sigmas from the typical year (limits sit at 3), so 0.8 beyond the +135% limit.",charted,483052903.6,0.0,0.0,2011-2020
v2-rolling-naive,Uzbekistan,2022,-0.0776021118555917,0.2160176490567885,-0.8974544917978935,1.3294897899114704,0.371157380284894,-0.7910923411707528,10.0,,,,charted,446671842.0,0.0,0.0,2012-2021
v2-rolling-naive,Uzbekistan,2023,0.5646852207977071,0.15187693837772331,-1.0767541687341207,1.380508045489567,0.4095437023706146,1.0079712617492893,10.0,,,,charted,789243072.2,0.0,0.0,2013-2022
v2-rolling-naive,Uzbekistan,2024,-0.11780716105808846,0.15003737679832174,-1.3844690995543223,1.6845438531509656,0.5115021587842147,-0.5236430252670834,10.0,,,,charted,700902864.5,0.0,0.0,2014-2023
v2-rolling-naive,Uzbekistan,2025,0.19410577473348706,0.018168443375332313,-1.0746682062461492,1.111005092996814,0.36427888320716056,0.48297428006031723,10.0,,,,charted,852866824.5,0.0,0.0,2015-2024
v2-rolling-naive,Uzbekistan,2026,-0.1043519933321298,0.05800378505847148,-0.9405079026180061,1.056515472734949,0.3328372292254925,-0.48779332398722597,10.0,,,,charted,766141576.8,0.0,0.0,2016-2025
v2-rolling-naive,Vanuatu,2020,,,,,,,9.0,,,,zero_mad: zero baseline variation (MAD = 0),25551376.63,0.0,0.0,2011-2019
v2-rolling-naive,Vanuatu,2021,-0.8055837032265838,0.0,-0.0422486859022753,0.0422486859022753,0.014082895300758432,-57.202988875675246,10.0,beyond_limits,high,"Vanuatu FY2021: year-over-year change of -55% is below the expected range -4% to +4% (learned from FY2011-2020, where a typical year was +0%); that is 57.2 robust sigmas from the typical year (limits sit at 3), so 54.2 beyond the -4% limit.",charted,11361728.59,0.0,0.0,2011-2020
v2-rolling-naive,Vanuatu,2022,0.5445229020062294,0.0,-0.7001323676931774,0.7001323676931774,0.23337745589772582,2.333228374230193,10.0,,,,charted,19695074.27,0.0,0.0,2012-2021
v2-rolling-naive,Vanuatu,2023,0.13310696700482638,0.0,-1.8480640718936976,1.8480640718936976,0.6160213572978992,0.2160752471126707,10.0,,,,charted,22549822.58,0.0,0.0,2013-2022
v2-rolling-naive,Vanuatu,2024,-0.9932671176321296,0.06590155270518794,-1.7610911644842817,1.8928942698946578,0.6089975723964899,-1.739200151766356,10.0,,,,charted,7993970.71,0.0,0.0,2014-2023
v2-rolling-naive,Vanuatu,2025,2.030929304611736,0.06590155270518794,-2.5049996764144162,2.6368027818247923,0.8569670763732015,2.2930026206173593,10.0,,,,charted,64684767.65,0.0,0.0,2015-2024
v2-rolling-naive,Vanuatu,2026,-0.44816996743690496,0.3225497413320535,-3.446370889259413,4.091470371923521,1.2563068768638221,-0.6134804504874973,10.0,,,,charted,40964680.44,0.0,0.0,2016-2025
v2-rolling-naive,Viet Nam,2024,,,,,,,0.0,,,,no_prior_year,495577713.3,0.0,0.0,
v2-rolling-naive,Viet Nam,2025,,,,,,,0.0,,,,insufficient_history: no eligible baseline years,141861952.3,0.0,0.0,
v2-rolling-naive,Viet Nam,2026,,,,,,,1.0,,,,insufficient_history: only 1 baseline years (<8),82013200.53,0.0,0.0,2025-2025
v2-rolling-naive,Vietnam,2020,0.4248730287074912,-0.11214875731445446,-0.6498662115362006,0.42556869690729165,0.1792391514072487,2.996118770958585,9.0,,,,charted,897497860.0,0.0,0.0,2011-2019
v2-rolling-naive,Vietnam,2021,-0.3884862161026231,-0.1091225161101324,-0.6888785903964776,0.4706335581762127,0.19325202476211503,-1.4455926158412853,10.0,,,,charted,593106612.7,0.0,0.0,2011-2020
v2-rolling-naive,Vietnam,2022,0.1412540289689849,-0.10940546383384103,-0.8517891737137926,0.6329782460461104,0.24746123662665048,1.0129242713718463,10.0,,,,charted,690011262.7,0.0,0.0,2012-2021
v2-rolling-naive,Vietnam,2023,-0.039692707775857476,-0.10949106422168883,-0.8524059739964122,0.6334238455530344,0.2476383032582411,0.2818560599369175,10.0,,,,charted,661412967.8,0.0,0.0,2013-2022
v2-rolling-naive,Western Africa,2020,-0.9793223260964545,0.0,-1.8288717479459269,1.8288717479459269,0.6096239159819756,-1.6064368546285994,9.0,,,,charted,16391428.14,0.0,0.0,2011-2019
v2-rolling-naive,Western Africa,2021,2.0384986951275437,0.0,-3.0908570882421875,3.0908570882421875,1.0302856960807292,1.9785761394942387,10.0,,,,charted,131344931.8,0.0,0.0,2011-2020
v2-rolling-naive,Western and Central Africa,2022,,,,,,,0.0,,,,no_prior_year,85403994.23,0.0,0.0,
v2-rolling-naive,Western and Central Africa,2023,,,,,,,0.0,,,,insufficient_history: no eligible baseline years,110743241.6,0.0,0.0,
v2-rolling-naive,Western and Central Africa,2024,,,,,,,1.0,,,,insufficient_history: only 1 baseline years (<8),56718468.99,0.0,0.0,2023-2023
v2-rolling-naive,Western and Central Africa,2025,,,,,,,2.0,,,,insufficient_history: only 2 baseline years (<8),90847386.95,0.0,0.0,2023-2024
v2-rolling-naive,Western and Central Africa,2026,,,,,,,3.0,,,,insufficient_history: only 3 baseline years (<8),86889053.18,0.0,0.0,2023-2025
v2-rolling-naive,"Yemen, Republic of",2020,-2.252424600532286,0.22311741911266678,-1.655165716524994,2.1014005547503274,0.6260943785458869,-3.953943853312394,9.0,beyond_limits,medium,"Yemen, Republic of FY2020: year-over-year change of -89% is below the expected range -81% to +718% (learned from FY2011-2019, where a typical year was +25%); that is 4.0 robust sigmas from the typical year (limits sit at 3), so 1.0 beyond the -81% limit.",charted,56597971.3,0.0,0.0,2011-2019
v2-rolling-naive,"Yemen, Republic of",2021,1.5676545096194536,0.18197378586347168,-2.37160428775197,2.7355518594789134,0.8511926912051472,1.6279283622537792,10.0,,,,charted,298800130.0,0.0,0.0,2011-2020
v2-rolling-naive,"Yemen, Republic of",2022,0.49121585495642067,0.2486600173665348,-4.239832127851232,4.737152162584302,1.4961640484059222,0.16211847748133992,10.0,,,,charted,492935189.3,0.0,0.0,2012-2021
v2-rolling-naive,"Yemen, Republic of",2023,0.0054835639440538875,0.398311586266353,-2.105239850492366,2.9018630230250717,0.8345171455862397,-0.47072492686335576,10.0,,,,charted,495694817.7,0.0,0.0,2013-2022
v2-rolling-naive,"Yemen, Republic of",2024,-0.032840696218638624,0.23929906774284815,-1.2554422676273462,1.7340404031130425,0.4982471117900648,-0.5461943632422944,10.0,,,,charted,479197587.5,0.0,0.0,2014-2023
v2-rolling-naive,"Yemen, Republic of",2025,-0.14027013934275492,0.07195794007318566,-1.6446234228580912,1.7885393030044623,0.5721937876437589,-0.3709024529781705,10.0,,,,charted,414319162.9,0.0,0.0,2015-2024
v2-rolling-naive,"Yemen, Republic of",2026,-1.0453700743526915,0.07143453637669143,-1.6269308404789198,1.7697999132323028,0.5661217922852038,-1.9727285293528383,10.0,,,,charted,132225724.8,0.0,0.0,2016-2025
v2-rolling-naive,Zambia,2020,0.10730065864570748,-0.06533578444645158,-1.216415817299204,1.085744248406301,0.38369334428425084,0.4499333795174334,9.0,,,,charted,125500963.5,0.0,0.0,2011-2019
v2-rolling-naive,Zambia,2021,0.18671571067381015,0.020987315867174755,-1.1567740069534334,1.1987486386877828,0.3925871076068694,0.4221442619878217,10.0,,,,charted,152188009.8,0.0,0.0,2011-2020
v2-rolling-naive,Zambia,2022,0.8979310333700097,0.020991281667056903,-1.0737016297580348,1.1156841930921488,0.36489763714169726,2.403248644118841,10.0,,,,charted,380819752.7,0.0,0.0,2012-2021
v2-rolling-naive,Zambia,2023,0.43930560380906697,0.14608992433700232,-1.2059473088038783,1.4981271574778832,0.4506790777136269,0.6506085903956282,10.0,,,,charted,593736299.2,0.0,0.0,2013-2022
v2-rolling-naive,Zambia,2024,-0.15405813627206558,0.22967191923907876,-0.8885621004025259,1.3479059388806836,0.3727446732138682,-1.0294716010360612,10.0,,,,charted,508162072.7,0.0,0.0,2014-2023
v2-rolling-naive,Zambia,2025,-0.23924116970641524,0.14489503995643843,-1.0946368903231243,1.384426970236001,0.4131773100931876,-0.929712741428652,10.0,,,,charted,398702716.7,0.0,0.0,2015-2024
v2-rolling-naive,Zambia,2026,0.21559631874186133,0.14426396888494117,-1.0907649797362207,1.379292917506103,0.41167631620705397,0.17327290166734616,10.0,,,,charted,496284747.6,0.0,0.0,2016-2025
v2-rolling-naive,Zimbabwe,2020,,,,,,,3.0,,,,insufficient_history: only 3 baseline years (<8),44709511.49,0.0,0.0,2015-2017
v2-rolling-naive,Zimbabwe,2021,,,,,,,4.0,,,,insufficient_history: only 4 baseline years (<8),6316627.0,0.0,0.0,2015-2020
v2-rolling-naive,Zimbabwe,2022,,,,,,,5.0,,,,insufficient_history: only 5 baseline years (<8),18878385.0,0.0,0.0,2015-2021
v2-rolling-naive,Zimbabwe,2023,,,,,,,6.0,,,,insufficient_history: only 6 baseline years (<8),2584541.33,0.0,0.0,2015-2022
v2-rolling-naive,Zimbabwe,2024,,,,,,,7.0,,,,insufficient_history: only 7 baseline years (<8),0.0,0.0,0.0,2015-2023
v2-rolling-naive,Zimbabwe,2025,0.0,0.0,-6.733826751349515,6.733826751349515,2.244608917116505,0.0,8.0,,,,charted,0.0,0.0,0.0,2015-2024
v2-rolling-naive,Zimbabwe,2026,0.0,0.0,-4.823230390613205,4.823230390613205,1.607743463537735,0.0,9.0,,,,charted,-2173382.2,0.0,0.0,2015-2025
