chart,country,fiscal_year,value,center,lcl,ucl,sigma,robust_z,n_baseline,rule,severity,explanation
A_level,Afghanistan,2020,541841779.4,141668570.1,0.0,297673426.90731,52001618.935770005,7.695399056600053,10,beyond_limits,high,"Afghanistan FY2020: disbursement of $541,841,779 is above the expected range $0 to $297,673,427 (learned from FY2010-2019, where a typical year was $141,668,570); that is 7.7 robust sigmas past the $297,673,427 limit."
A_level,Afghanistan,2021,465789168.6,141668570.1,0.0,297673426.90731,52001618.935770005,6.232894381621826,10,beyond_limits,high,"Afghanistan FY2021: disbursement of $465,789,169 is above the expected range $0 to $297,673,427 (learned from FY2010-2019, where a typical year was $141,668,570); that is 6.2 robust sigmas past the $297,673,427 limit."
A_level,Afghanistan,2022,162057958.9,141668570.1,0.0,297673426.90731,52001618.935770005,0.3920914236378687,10,,,
A_level,Afghanistan,2023,-2594221.8,141668570.1,0.0,297673426.90731,52001618.935770005,-2.774198089451537,10,beyond_limits,medium,"Afghanistan FY2023: disbursement of $-2,594,222 is below the expected range $0 to $297,673,427 (learned from FY2010-2019, where a typical year was $141,668,570); that is 2.8 robust sigmas past the $0 limit."
A_level,Afghanistan,2024,93998325.15,141668570.1,0.0,297673426.90731,52001618.935770005,-0.9167069396220158,10,,,
A_level,Afghanistan,2025,173783345.3,141668570.1,0.0,297673426.90731,52001618.935770005,0.6175726036465654,10,,,
A_level,Afghanistan,2026,68707102.33,141668570.1,0.0,297673426.90731,52001618.935770005,-1.4030614673769797,10,,,
A_level,Africa,2020,31149681.83,28528825.265,0.0,74558118.674582,15343097.803194001,0.17081664984592676,10,,,
A_level,Africa,2021,12584631.92,28528825.265,0.0,74558118.674582,15343097.803194001,-1.039176934770035,10,,,
A_level,Albania,2020,402529.74,14104308.719999999,0.0,59731743.37734299,15209144.885780998,-0.9008908181820114,10,sustained_shift,medium,"Albania FY2020: no single year breaks a control limit, but this is part of a run of 8+ consecutive years below the historical typical disbursement of $14,104,309 - the level has shifted rather than spiked."
A_level,Albania,2021,32506.63,14104308.719999999,0.0,59731743.37734299,15209144.885780998,-0.9252198066148808,10,sustained_shift,medium,"Albania FY2021: no single year breaks a control limit, but this is part of a run of 8+ consecutive years below the historical typical disbursement of $14,104,309 - the level has shifted rather than spiked."
A_level,Albania,2022,0.0,14104308.719999999,0.0,59731743.37734299,15209144.885780998,-0.9273571148096624,10,sustained_shift,medium,"Albania FY2022: no single year breaks a control limit, but this is part of a run of 8+ consecutive years below the historical typical disbursement of $14,104,309 - the level has shifted rather than spiked."
A_level,Albania,2023,0.0,14104308.719999999,0.0,59731743.37734299,15209144.885780998,-0.9273571148096624,10,sustained_shift,medium,"Albania FY2023: no single year breaks a control limit, but this is part of a run of 8+ consecutive years below the historical typical disbursement of $14,104,309 - the level has shifted rather than spiked."
A_level,Albania,2024,0.0,14104308.719999999,0.0,59731743.37734299,15209144.885780998,-0.9273571148096624,10,sustained_shift,medium,"Albania FY2024: no single year breaks a control limit, but this is part of a run of 8+ consecutive years below the historical typical disbursement of $14,104,309 - the level has shifted rather than spiked."
A_level,Albania,2025,0.0,14104308.719999999,0.0,59731743.37734299,15209144.885780998,-0.9273571148096624,10,sustained_shift,medium,"Albania FY2025: no single year breaks a control limit, but this is part of a run of 8+ consecutive years below the historical typical disbursement of $14,104,309 - the level has shifted rather than spiked."
A_level,Albania,2026,0.0,14104308.719999999,0.0,59731743.37734299,15209144.885780998,-0.9273571148096624,10,sustained_shift,medium,"Albania FY2026: no single year breaks a control limit, but this is part of a run of 8+ consecutive years below the historical typical disbursement of $14,104,309 - the level has shifted rather than spiked."
A_level,Angola,2020,10340932.95,48029266.92,0.0,103934884.79571599,18635205.958571997,-2.022426478880088,10,sustained_shift,medium,"Angola FY2020: no single year breaks a control limit, but this is part of a run of 8+ consecutive years below the historical typical disbursement of $48,029,267 - the level has shifted rather than spiked."
A_level,Angola,2021,3710856.74,48029266.92,0.0,103934884.79571599,18635205.958571997,-2.3782087667034344,10,sustained_shift,medium,"Angola FY2021: no single year breaks a control limit, but this is part of a run of 8+ consecutive years below the historical typical disbursement of $48,029,267 - the level has shifted rather than spiked."
A_level,Angola,2022,4970539.22,48029266.92,0.0,103934884.79571599,18635205.958571997,-2.3106118491914733,10,sustained_shift,medium,"Angola FY2022: no single year breaks a control limit, but this is part of a run of 8+ consecutive years below the historical typical disbursement of $48,029,267 - the level has shifted rather than spiked."
A_level,Angola,2023,-42362.35,48029266.92,0.0,103934884.79571599,18635205.958571997,-2.5796135216787106,10,beyond_limits,medium,"Angola FY2023: disbursement of $-42,362 is below the expected range $0 to $103,934,885 (learned from FY2010-2019, where a typical year was $48,029,267); that is 2.6 robust sigmas past the $0 limit."
A_level,Angola,2024,0.0,48029266.92,0.0,103934884.79571599,18635205.958571997,-2.5773402787591437,10,sustained_shift,medium,"Angola FY2024: no single year breaks a control limit, but this is part of a run of 8+ consecutive years below the historical typical disbursement of $48,029,267 - the level has shifted rather than spiked."
A_level,Angola,2025,0.0,48029266.92,0.0,103934884.79571599,18635205.958571997,-2.5773402787591437,10,sustained_shift,medium,"Angola FY2025: no single year breaks a control limit, but this is part of a run of 8+ consecutive years below the historical typical disbursement of $48,029,267 - the level has shifted rather than spiked."
A_level,Angola,2026,0.0,48029266.92,0.0,103934884.79571599,18635205.958571997,-2.5773402787591437,10,sustained_shift,medium,"Angola FY2026: no single year breaks a control limit, but this is part of a run of 8+ consecutive years below the historical typical disbursement of $48,029,267 - the level has shifted rather than spiked."
A_level,Armenia,2020,7113788.01,16417967.305,0.0,46864897.83958,10148976.84486,-0.9167603234519298,10,sustained_shift,medium,"Armenia FY2020: no single year breaks a control limit, but this is part of a run of 8+ consecutive years below the historical typical disbursement of $16,417,967 - the level has shifted rather than spiked."
A_level,Armenia,2021,7631248.55,16417967.305,0.0,46864897.83958,10148976.84486,-0.8657738498487241,10,sustained_shift,medium,"Armenia FY2021: no single year breaks a control limit, but this is part of a run of 8+ consecutive years below the historical typical disbursement of $16,417,967 - the level has shifted rather than spiked."
A_level,Armenia,2022,3808745.4,16417967.305,0.0,46864897.83958,10148976.84486,-1.242413111956798,10,sustained_shift,medium,"Armenia FY2022: no single year breaks a control limit, but this is part of a run of 8+ consecutive years below the historical typical disbursement of $16,417,967 - the level has shifted rather than spiked."
A_level,Armenia,2023,2079024.89,16417967.305,0.0,46864897.83958,10148976.84486,-1.4128461059857504,10,sustained_shift,medium,"Armenia FY2023: no single year breaks a control limit, but this is part of a run of 8+ consecutive years below the historical typical disbursement of $16,417,967 - the level has shifted rather than spiked."
A_level,Armenia,2024,2369584.14,16417967.305,0.0,46864897.83958,10148976.84486,-1.3842166929482032,10,sustained_shift,medium,"Armenia FY2024: no single year breaks a control limit, but this is part of a run of 8+ consecutive years below the historical typical disbursement of $16,417,967 - the level has shifted rather than spiked."
A_level,Armenia,2025,-634432.06,16417967.305,0.0,46864897.83958,10148976.84486,-1.6802087171611069,10,beyond_limits,medium,"Armenia FY2025: disbursement of $-634,432 is below the expected range $0 to $46,864,898 (learned from FY2010-2019, where a typical year was $16,417,967); that is 1.7 robust sigmas past the $0 limit."
A_level,Armenia,2026,0.0,16417967.305,0.0,46864897.83958,10148976.84486,-1.6176967940679616,10,sustained_shift,medium,"Armenia FY2026: no single year breaks a control limit, but this is part of a run of 8+ consecutive years below the historical typical disbursement of $16,417,967 - the level has shifted rather than spiked."
A_level,Azerbaijan,2020,0.0,41505986.510000005,0.0,99582066.670679,19358693.386892997,-2.144048964487555,10,sustained_shift,medium,"Azerbaijan FY2020: no single year breaks a control limit, but this is part of a run of 8+ consecutive years below the historical typical disbursement of $41,505,987 - the level has shifted rather than spiked."
A_level,Azerbaijan,2021,0.0,41505986.510000005,0.0,99582066.670679,19358693.386892997,-2.144048964487555,10,sustained_shift,medium,"Azerbaijan FY2021: no single year breaks a control limit, but this is part of a run of 8+ consecutive years below the historical typical disbursement of $41,505,987 - the level has shifted rather than spiked."
A_level,Azerbaijan,2022,0.0,41505986.510000005,0.0,99582066.670679,19358693.386892997,-2.144048964487555,10,sustained_shift,medium,"Azerbaijan FY2022: no single year breaks a control limit, but this is part of a run of 8+ consecutive years below the historical typical disbursement of $41,505,987 - the level has shifted rather than spiked."
A_level,Azerbaijan,2023,0.0,41505986.510000005,0.0,99582066.670679,19358693.386892997,-2.144048964487555,10,sustained_shift,medium,"Azerbaijan FY2023: no single year breaks a control limit, but this is part of a run of 8+ consecutive years below the historical typical disbursement of $41,505,987 - the level has shifted rather than spiked."
A_level,Azerbaijan,2024,0.0,41505986.510000005,0.0,99582066.670679,19358693.386892997,-2.144048964487555,10,sustained_shift,medium,"Azerbaijan FY2024: no single year breaks a control limit, but this is part of a run of 8+ consecutive years below the historical typical disbursement of $41,505,987 - the level has shifted rather than spiked."
A_level,Azerbaijan,2025,0.0,41505986.510000005,0.0,99582066.670679,19358693.386892997,-2.144048964487555,10,sustained_shift,medium,"Azerbaijan FY2025: no single year breaks a control limit, but this is part of a run of 8+ consecutive years below the historical typical disbursement of $41,505,987 - the level has shifted rather than spiked."
A_level,Azerbaijan,2026,0.0,41505986.510000005,0.0,99582066.670679,19358693.386892997,-2.144048964487555,10,sustained_shift,medium,"Azerbaijan FY2026: no single year breaks a control limit, but this is part of a run of 8+ consecutive years below the historical typical disbursement of $41,505,987 - the level has shifted rather than spiked."
A_level,Bangladesh,2020,1369681205.0,839475072.6,0.0,2506199272.2352495,555574733.2117499,0.9543380947778253,10,sustained_shift,medium,"Bangladesh FY2020: no single year breaks a control limit, but this is part of a run of 8+ consecutive years above the historical typical disbursement of $839,475,073 - the level has shifted rather than spiked."
A_level,Bangladesh,2021,1571275693.0,839475072.6,0.0,2506199272.2352495,555574733.2117499,1.3171956474145197,10,sustained_shift,medium,"Bangladesh FY2021: no single year breaks a control limit, but this is part of a run of 8+ consecutive years above the historical typical disbursement of $839,475,073 - the level has shifted rather than spiked."
A_level,Bangladesh,2022,1698119812.0,839475072.6,0.0,2506199272.2352495,555574733.2117499,1.5455071803503688,10,sustained_shift,medium,"Bangladesh FY2022: no single year breaks a control limit, but this is part of a run of 8+ consecutive years above the historical typical disbursement of $839,475,073 - the level has shifted rather than spiked."
A_level,Bangladesh,2023,1933435969.0,839475072.6,0.0,2506199272.2352495,555574733.2117499,1.9690616419430498,10,sustained_shift,medium,"Bangladesh FY2023: no single year breaks a control limit, but this is part of a run of 8+ consecutive years above the historical typical disbursement of $839,475,073 - the level has shifted rather than spiked."
A_level,Bangladesh,2024,2188835158.0,839475072.6,0.0,2506199272.2352495,555574733.2117499,2.42876431330744,10,sustained_shift,medium,"Bangladesh FY2024: no single year breaks a control limit, but this is part of a run of 8+ consecutive years above the historical typical disbursement of $839,475,073 - the level has shifted rather than spiked."
A_level,Bangladesh,2025,1995117289.0,839475072.6,0.0,2506199272.2352495,555574733.2117499,2.0800841854691448,10,sustained_shift,medium,"Bangladesh FY2025: no single year breaks a control limit, but this is part of a run of 8+ consecutive years above the historical typical disbursement of $839,475,073 - the level has shifted rather than spiked."
A_level,Bangladesh,2026,2028084269.0,839475072.6,0.0,2506199272.2352495,555574733.2117499,2.1394227011165707,10,sustained_shift,medium,"Bangladesh FY2026: no single year breaks a control limit, but this is part of a run of 8+ consecutive years above the historical typical disbursement of $839,475,073 - the level has shifted rather than spiked."
A_level,Benin,2020,276698103.2,99368766.845,0.0,206060280.188849,35563837.781283,4.986226105449373,10,beyond_limits,medium,"Benin FY2020: disbursement of $276,698,103 is above the expected range $0 to $206,060,280 (learned from FY2010-2019, where a typical year was $99,368,767); that is 5.0 robust sigmas past the $206,060,280 limit."
A_level,Benin,2021,264649325.9,99368766.845,0.0,206060280.188849,35563837.781283,4.647433161501654,10,beyond_limits,medium,"Benin FY2021: disbursement of $264,649,326 is above the expected range $0 to $206,060,280 (learned from FY2010-2019, where a typical year was $99,368,767); that is 4.6 robust sigmas past the $206,060,280 limit."
A_level,Benin,2022,297349754.3,99368766.845,0.0,206060280.188849,35563837.781283,5.566918527538556,10,beyond_limits,high,"Benin FY2022: disbursement of $297,349,754 is above the expected range $0 to $206,060,280 (learned from FY2010-2019, where a typical year was $99,368,767); that is 5.6 robust sigmas past the $206,060,280 limit."
A_level,Benin,2023,489649129.2,99368766.845,0.0,206060280.188849,35563837.781283,10.97407891564509,10,beyond_limits,high,"Benin FY2023: disbursement of $489,649,129 is above the expected range $0 to $206,060,280 (learned from FY2010-2019, where a typical year was $99,368,767); that is 11.0 robust sigmas past the $206,060,280 limit."
A_level,Benin,2024,608290413.1,99368766.845,0.0,206060280.188849,35563837.781283,14.31008794340081,10,beyond_limits,high,"Benin FY2024: disbursement of $608,290,413 is above the expected range $0 to $206,060,280 (learned from FY2010-2019, where a typical year was $99,368,767); that is 14.3 robust sigmas past the $206,060,280 limit."
A_level,Benin,2025,443165747.6,99368766.845,0.0,206060280.188849,35563837.781283,9.667038267055025,10,beyond_limits,high,"Benin FY2025: disbursement of $443,165,748 is above the expected range $0 to $206,060,280 (learned from FY2010-2019, where a typical year was $99,368,767); that is 9.7 robust sigmas past the $206,060,280 limit."
A_level,Benin,2026,626404827.9,99368766.845,0.0,206060280.188849,35563837.781283,14.819437213055092,10,beyond_limits,high,"Benin FY2026: disbursement of $626,404,828 is above the expected range $0 to $206,060,280 (learned from FY2010-2019, where a typical year was $99,368,767); that is 14.8 robust sigmas past the $206,060,280 limit."
A_level,Bhutan,2020,56759408.59,24946548.11,0.0,94247068.796558,23100173.562186,1.3771697599742845,10,,,
A_level,Bhutan,2021,36093195.95,24946548.11,0.0,94247068.796558,23100173.562186,0.4825352419969083,10,,,
A_level,Bhutan,2022,61139878.51,24946548.11,0.0,94247068.796558,23100173.562186,1.5667990676592551,10,,,
A_level,Bhutan,2023,4321872.49,24946548.11,0.0,94247068.796558,23100173.562186,-0.8928363920936816,10,,,
A_level,Bhutan,2024,56200910.12,24946548.11,0.0,94247068.796558,23100173.562186,1.3529925186866154,10,,,
A_level,Bhutan,2025,2651220.18,24946548.11,0.0,94247068.796558,23100173.562186,-0.9651584595232869,10,,,
A_level,Bhutan,2026,68927022.45,24946548.11,0.0,94247068.796558,23100173.562186,1.9039023330973655,10,,,
A_level,Bolivia,2020,15159598.76,51713522.18,26307378.857447006,77119665.50255299,8468714.440850997,-4.316348564508547,10,beyond_limits,medium,"Bolivia FY2020: disbursement of $15,159,599 is below the expected range $26,307,379 to $77,119,666 (learned from FY2010-2019, where a typical year was $51,713,522); that is 4.3 robust sigmas past the $26,307,379 limit."
A_level,Bolivia,2021,53917826.95,51713522.18,26307378.857447006,77119665.50255299,8468714.440850997,0.2602880030252264,10,,,
A_level,Bolivia,2022,26069593.71,51713522.18,26307378.857447006,77119665.50255299,8468714.440850997,-3.02807806888611,10,beyond_limits,medium,"Bolivia FY2022: disbursement of $26,069,594 is below the expected range $26,307,379 to $77,119,666 (learned from FY2010-2019, where a typical year was $51,713,522); that is 3.0 robust sigmas past the $26,307,379 limit."
A_level,Bolivia,2023,43909616.99,51713522.18,26307378.857447006,77119665.50255299,8468714.440850997,-0.9214982090263756,10,,,
A_level,Bolivia,2024,37956513.65,51713522.18,26307378.857447006,77119665.50255299,8468714.440850997,-1.6244506325115384,10,,,
A_level,Bolivia,2025,23480851.36,51713522.18,26307378.857447006,77119665.50255299,8468714.440850997,-3.3337611059138483,10,beyond_limits,medium,"Bolivia FY2025: disbursement of $23,480,851 is below the expected range $26,307,379 to $77,119,666 (learned from FY2010-2019, where a typical year was $51,713,522); that is 3.3 robust sigmas past the $26,307,379 limit."
A_level,Bolivia,2026,10114314.9,51713522.18,26307378.857447006,77119665.50255299,8468714.440850997,-4.912104141726122,10,beyond_limits,medium,"Bolivia FY2026: disbursement of $10,114,315 is below the expected range $26,307,379 to $77,119,666 (learned from FY2010-2019, where a typical year was $51,713,522); that is 4.9 robust sigmas past the $26,307,379 limit."
A_level,Bosnia and Herzegovina,2020,26299014.29,29427582.195,0.0,63136980.92367,11236466.24289,-0.2784298762059324,10,sustained_shift,medium,"Bosnia and Herzegovina FY2020: no single year breaks a control limit, but this is part of a run of 8+ consecutive years below the historical typical disbursement of $29,427,582 - the level has shifted rather than spiked."
A_level,Bosnia and Herzegovina,2021,5378099.04,29427582.195,0.0,63136980.92367,11236466.24289,-2.1403066262240213,10,sustained_shift,medium,"Bosnia and Herzegovina FY2021: no single year breaks a control limit, but this is part of a run of 8+ consecutive years below the historical typical disbursement of $29,427,582 - the level has shifted rather than spiked."
A_level,Bosnia and Herzegovina,2022,0.0,29427582.195,0.0,63136980.92367,11236466.24289,-2.6189356652604756,10,sustained_shift,medium,"Bosnia and Herzegovina FY2022: no single year breaks a control limit, but this is part of a run of 8+ consecutive years below the historical typical disbursement of $29,427,582 - the level has shifted rather than spiked."
A_level,Bosnia and Herzegovina,2023,0.0,29427582.195,0.0,63136980.92367,11236466.24289,-2.6189356652604756,10,sustained_shift,medium,"Bosnia and Herzegovina FY2023: no single year breaks a control limit, but this is part of a run of 8+ consecutive years below the historical typical disbursement of $29,427,582 - the level has shifted rather than spiked."
A_level,Bosnia and Herzegovina,2024,0.0,29427582.195,0.0,63136980.92367,11236466.24289,-2.6189356652604756,10,sustained_shift,medium,"Bosnia and Herzegovina FY2024: no single year breaks a control limit, but this is part of a run of 8+ consecutive years below the historical typical disbursement of $29,427,582 - the level has shifted rather than spiked."
A_level,Bosnia and Herzegovina,2025,0.0,29427582.195,0.0,63136980.92367,11236466.24289,-2.6189356652604756,10,sustained_shift,medium,"Bosnia and Herzegovina FY2025: no single year breaks a control limit, but this is part of a run of 8+ consecutive years below the historical typical disbursement of $29,427,582 - the level has shifted rather than spiked."
A_level,Bosnia and Herzegovina,2026,0.0,29427582.195,0.0,63136980.92367,11236466.24289,-2.6189356652604756,10,sustained_shift,medium,"Bosnia and Herzegovina FY2026: no single year breaks a control limit, but this is part of a run of 8+ consecutive years below the historical typical disbursement of $29,427,582 - the level has shifted rather than spiked."
A_level,Burkina Faso,2020,437290840.5,279719640.15,60972648.32390982,498466631.97609013,72915663.94203006,2.1610061793481496,10,sustained_shift,medium,"Burkina Faso FY2020: no single year breaks a control limit, but this is part of a run of 8+ consecutive years above the historical typical disbursement of $279,719,640 - the level has shifted rather than spiked."
A_level,Burkina Faso,2021,457728169.3,279719640.15,60972648.32390982,498466631.97609013,72915663.94203006,2.4412934001605153,10,sustained_shift,medium,"Burkina Faso FY2021: no single year breaks a control limit, but this is part of a run of 8+ consecutive years above the historical typical disbursement of $279,719,640 - the level has shifted rather than spiked."
A_level,Burkina Faso,2022,387412961.8,279719640.15,60972648.32390982,498466631.97609013,72915663.94203006,1.4769572932315225,10,sustained_shift,medium,"Burkina Faso FY2022: no single year breaks a control limit, but this is part of a run of 8+ consecutive years above the historical typical disbursement of $279,719,640 - the level has shifted rather than spiked."
A_level,Burkina Faso,2023,582851618.4,279719640.15,60972648.32390982,498466631.97609013,72915663.94203006,4.157295728541925,10,beyond_limits,medium,"Burkina Faso FY2023: disbursement of $582,851,618 is above the expected range $60,972,648 to $498,466,632 (learned from FY2010-2019, where a typical year was $279,719,640); that is 4.2 robust sigmas past the $498,466,632 limit."
A_level,Burkina Faso,2024,527680718.6,279719640.15,60972648.32390982,498466631.97609013,72915663.94203006,3.400655840521947,10,beyond_limits,medium,"Burkina Faso FY2024: disbursement of $527,680,719 is above the expected range $60,972,648 to $498,466,632 (learned from FY2010-2019, where a typical year was $279,719,640); that is 3.4 robust sigmas past the $498,466,632 limit."
A_level,Burkina Faso,2025,603210344.5,279719640.15,60972648.32390982,498466631.97609013,72915663.94203006,4.436504954644368,10,beyond_limits,medium,"Burkina Faso FY2025: disbursement of $603,210,344 is above the expected range $60,972,648 to $498,466,632 (learned from FY2010-2019, where a typical year was $279,719,640); that is 4.4 robust sigmas past the $498,466,632 limit."
A_level,Burkina Faso,2026,557742048.7,279719640.15,60972648.32390982,498466631.97609013,72915663.94203006,3.8129311799318657,10,beyond_limits,medium,"Burkina Faso FY2026: disbursement of $557,742,049 is above the expected range $60,972,648 to $498,466,632 (learned from FY2010-2019, where a typical year was $279,719,640); that is 3.8 robust sigmas past the $498,466,632 limit."
A_level,Burundi,2020,110073213.7,86981416.985,20638109.287613012,153324724.682387,22114435.899128996,1.044195602380683,10,,,
A_level,Burundi,2021,81731842.56,86981416.985,20638109.287613012,153324724.682387,22114435.899128996,-0.23738224429259613,10,,,
A_level,Burundi,2022,119592085.3,86981416.985,20638109.287613012,153324724.682387,22114435.899128996,1.4746326093845519,10,,,
A_level,Burundi,2023,127532808.1,86981416.985,20638109.287613012,153324724.682387,22114435.899128996,1.833706783205678,10,,,
A_level,Burundi,2024,203266344.9,86981416.985,20638109.287613012,153324724.682387,22114435.899128996,5.25832666252093,10,beyond_limits,high,"Burundi FY2024: disbursement of $203,266,345 is above the expected range $20,638,109 to $153,324,725 (learned from FY2010-2019, where a typical year was $86,981,417); that is 5.3 robust sigmas past the $153,324,725 limit."
A_level,Burundi,2025,193944050.4,86981416.985,20638109.287613012,153324724.682387,22114435.899128996,4.836778740497417,10,beyond_limits,medium,"Burundi FY2025: disbursement of $193,944,050 is above the expected range $20,638,109 to $153,324,725 (learned from FY2010-2019, where a typical year was $86,981,417); that is 4.8 robust sigmas past the $153,324,725 limit."
A_level,Burundi,2026,270756870.0,86981416.985,20638109.287613012,153324724.682387,22114435.899128996,8.310203066144599,10,beyond_limits,high,"Burundi FY2026: disbursement of $270,756,870 is above the expected range $20,638,109 to $153,324,725 (learned from FY2010-2019, where a typical year was $86,981,417); that is 8.3 robust sigmas past the $153,324,725 limit."
A_level,Cabo Verde,2020,68032485.26,13466887.94,0.0,51388181.80598,12640431.288660001,4.316751230549543,10,beyond_limits,medium,"Cabo Verde FY2020: disbursement of $68,032,485 is above the expected range $0 to $51,388,182 (learned from FY2010-2019, where a typical year was $13,466,888); that is 4.3 robust sigmas past the $51,388,182 limit."
A_level,Cabo Verde,2021,67321138.85,13466887.94,0.0,51388181.80598,12640431.288660001,4.260475744867486,10,beyond_limits,medium,"Cabo Verde FY2021: disbursement of $67,321,139 is above the expected range $0 to $51,388,182 (learned from FY2010-2019, where a typical year was $13,466,888); that is 4.3 robust sigmas past the $51,388,182 limit."
A_level,Cabo Verde,2022,45781127.05,13466887.94,0.0,51388181.80598,12640431.288660001,2.5564190312865187,10,sustained_shift,medium,"Cabo Verde FY2022: no single year breaks a control limit, but this is part of a run of 8+ consecutive years above the historical typical disbursement of $13,466,888 - the level has shifted rather than spiked."
A_level,Cabo Verde,2023,76963672.98,13466887.94,0.0,51388181.80598,12640431.288660001,5.023308429116997,10,beyond_limits,high,"Cabo Verde FY2023: disbursement of $76,963,673 is above the expected range $0 to $51,388,182 (learned from FY2010-2019, where a typical year was $13,466,888); that is 5.0 robust sigmas past the $51,388,182 limit."
A_level,Cabo Verde,2024,47463893.1,13466887.94,0.0,51388181.80598,12640431.288660001,2.6895447143879845,10,sustained_shift,medium,"Cabo Verde FY2024: no single year breaks a control limit, but this is part of a run of 8+ consecutive years above the historical typical disbursement of $13,466,888 - the level has shifted rather than spiked."
A_level,Cabo Verde,2025,64885648.7,13466887.94,0.0,51388181.80598,12640431.288660001,4.06780113635275,10,beyond_limits,medium,"Cabo Verde FY2025: disbursement of $64,885,649 is above the expected range $0 to $51,388,182 (learned from FY2010-2019, where a typical year was $13,466,888); that is 4.1 robust sigmas past the $51,388,182 limit."
A_level,Cabo Verde,2026,77969305.88,13466887.94,0.0,51388181.80598,12640431.288660001,5.102865279436034,10,beyond_limits,high,"Cabo Verde FY2026: disbursement of $77,969,306 is above the expected range $0 to $51,388,182 (learned from FY2010-2019, where a typical year was $13,466,888); that is 5.1 robust sigmas past the $51,388,182 limit."
A_level,Cambodia,2020,78345915.25,39354260.66500001,0.0,89866973.63595098,16837570.99031699,2.3157529436652977,10,sustained_shift,medium,"Cambodia FY2020: no single year breaks a control limit, but this is part of a run of 8+ consecutive years above the historical typical disbursement of $39,354,261 - the level has shifted rather than spiked."
A_level,Cambodia,2021,69337894.67,39354260.66500001,0.0,89866973.63595098,16837570.99031699,1.7807576889946353,10,sustained_shift,medium,"Cambodia FY2021: no single year breaks a control limit, but this is part of a run of 8+ consecutive years above the historical typical disbursement of $39,354,261 - the level has shifted rather than spiked."
A_level,Cambodia,2022,266261774.0,39354260.66500001,0.0,89866973.63595098,16837570.99031699,13.47626171646081,10,beyond_limits,high,"Cambodia FY2022: disbursement of $266,261,774 is above the expected range $0 to $89,866,974 (learned from FY2010-2019, where a typical year was $39,354,261); that is 13.5 robust sigmas past the $89,866,974 limit."
A_level,Cambodia,2023,392553254.6,39354260.66500001,0.0,89866973.63595098,16837570.99031699,20.97683770052812,10,beyond_limits,high,"Cambodia FY2023: disbursement of $392,553,255 is above the expected range $0 to $89,866,974 (learned from FY2010-2019, where a typical year was $39,354,261); that is 21.0 robust sigmas past the $89,866,974 limit."
A_level,Cambodia,2024,136427085.0,39354260.66500001,0.0,89866973.63595098,16837570.99031699,5.765251079910812,10,beyond_limits,high,"Cambodia FY2024: disbursement of $136,427,085 is above the expected range $0 to $89,866,974 (learned from FY2010-2019, where a typical year was $39,354,261); that is 5.8 robust sigmas past the $89,866,974 limit."
A_level,Cambodia,2025,425856733.8,39354260.66500001,0.0,89866973.63595098,16837570.99031699,22.954764280267693,10,beyond_limits,high,"Cambodia FY2025: disbursement of $425,856,734 is above the expected range $0 to $89,866,974 (learned from FY2010-2019, where a typical year was $39,354,261); that is 23.0 robust sigmas past the $89,866,974 limit."
A_level,Cambodia,2026,223901932.9,39354260.66500001,0.0,89866973.63595098,16837570.99031699,10.960468843227467,10,beyond_limits,high,"Cambodia FY2026: disbursement of $223,901,933 is above the expected range $0 to $89,866,974 (learned from FY2010-2019, where a typical year was $39,354,261); that is 11.0 robust sigmas past the $89,866,974 limit."
A_level,Cameroon,2020,314896362.1,118005880.75,32660266.090029985,203351495.40997002,28448538.219990008,6.920934911574841,10,beyond_limits,high,"Cameroon FY2020: disbursement of $314,896,362 is above the expected range $32,660,266 to $203,351,495 (learned from FY2010-2019, where a typical year was $118,005,881); that is 6.9 robust sigmas past the $203,351,495 limit."
A_level,Cameroon,2021,165938707.0,118005880.75,32660266.090029985,203351495.40997002,28448538.219990008,1.6848959296024186,10,,,
A_level,Cameroon,2022,238541175.0,118005880.75,32660266.090029985,203351495.40997002,28448538.219990008,4.236959147704227,10,beyond_limits,medium,"Cameroon FY2022: disbursement of $238,541,175 is above the expected range $32,660,266 to $203,351,495 (learned from FY2010-2019, where a typical year was $118,005,881); that is 4.2 robust sigmas past the $203,351,495 limit."
A_level,Cameroon,2023,286657687.8,118005880.75,32660266.090029985,203351495.40997002,28448538.219990008,5.928311878305684,10,beyond_limits,high,"Cameroon FY2023: disbursement of $286,657,688 is above the expected range $32,660,266 to $203,351,495 (learned from FY2010-2019, where a typical year was $118,005,881); that is 5.9 robust sigmas past the $203,351,495 limit."
A_level,Cameroon,2024,303520647.9,118005880.75,32660266.090029985,203351495.40997002,28448538.219990008,6.521065009225811,10,beyond_limits,high,"Cameroon FY2024: disbursement of $303,520,648 is above the expected range $32,660,266 to $203,351,495 (learned from FY2010-2019, where a typical year was $118,005,881); that is 6.5 robust sigmas past the $203,351,495 limit."
A_level,Cameroon,2025,473508357.0,118005880.75,32660266.090029985,203351495.40997002,28448538.219990008,12.496335435618205,10,beyond_limits,high,"Cameroon FY2025: disbursement of $473,508,357 is above the expected range $32,660,266 to $203,351,495 (learned from FY2010-2019, where a typical year was $118,005,881); that is 12.5 robust sigmas past the $203,351,495 limit."
A_level,Cameroon,2026,618297249.9,118005880.75,32660266.090029985,203351495.40997002,28448538.219990008,17.585837461358874,10,beyond_limits,high,"Cameroon FY2026: disbursement of $618,297,250 is above the expected range $32,660,266 to $203,351,495 (learned from FY2010-2019, where a typical year was $118,005,881); that is 17.6 robust sigmas past the $203,351,495 limit."
A_level,Caribbean,2020,1750102.07,429999.995,0.0,1523356.723226,364452.242742,3.622153797348192,10,beyond_limits,medium,"Caribbean FY2020: disbursement of $1,750,102 is above the expected range $0 to $1,523,357 (learned from FY2010-2019, where a typical year was $430,000); that is 3.6 robust sigmas past the $1,523,357 limit."
A_level,Caribbean,2021,2127783.01,429999.995,0.0,1523356.723226,364452.242742,4.658451275334531,10,beyond_limits,medium,"Caribbean FY2021: disbursement of $2,127,783 is above the expected range $0 to $1,523,357 (learned from FY2010-2019, where a typical year was $430,000); that is 4.7 robust sigmas past the $1,523,357 limit."
A_level,Caribbean,2022,1503105.32,429999.995,0.0,1523356.723226,364452.242742,2.9444333142975445,10,,,
A_level,Caribbean,2023,3743030.29,429999.995,0.0,1523356.723226,364452.242742,9.090437391944747,10,beyond_limits,high,"Caribbean FY2023: disbursement of $3,743,030 is above the expected range $0 to $1,523,357 (learned from FY2010-2019, where a typical year was $430,000); that is 9.1 robust sigmas past the $1,523,357 limit."
A_level,Caribbean,2024,1145713.58,429999.995,0.0,1523356.723226,364452.242742,1.963806230454897,10,,,
A_level,Caribbean,2025,1730274.21,429999.995,0.0,1523356.723226,364452.242742,3.5677492480694633,10,beyond_limits,medium,"Caribbean FY2025: disbursement of $1,730,274 is above the expected range $0 to $1,523,357 (learned from FY2010-2019, where a typical year was $430,000); that is 3.6 robust sigmas past the $1,523,357 limit."
A_level,Caribbean,2026,4148392.27,429999.995,0.0,1523356.723226,364452.242742,10.202687317888982,10,beyond_limits,high,"Caribbean FY2026: disbursement of $4,148,392 is above the expected range $0 to $1,523,357 (learned from FY2010-2019, where a typical year was $430,000); that is 10.2 robust sigmas past the $1,523,357 limit."
A_level,Central Africa,2020,4710102.23,3845662.375,0.0,16929919.336278997,4361418.987093,0.1982015159649159,10,,,
A_level,Central Africa,2021,2652478.61,3845662.375,0.0,16929919.336278997,4361418.987093,-0.273576963949361,10,,,
A_level,Central Africa,2022,5814113.6,3845662.375,0.0,16929919.336278997,4361418.987093,0.451332749920462,10,,,
A_level,Central Africa,2023,4575554.72,3845662.375,0.0,16929919.336278997,4361418.987093,0.16735203546369026,10,,,
A_level,Central Africa,2024,4805605.27,3845662.375,0.0,16929919.336278997,4361418.987093,0.2200987563544833,10,,,
A_level,Central Africa,2025,4787520.53,3845662.375,0.0,16929919.336278997,4361418.987093,0.21595222971865252,10,,,
A_level,Central Africa,2026,-2317592.54,3845662.375,0.0,16929919.336278997,4361418.987093,-1.413130665326876,10,beyond_limits,medium,"Central Africa FY2026: disbursement of $-2,317,593 is below the expected range $0 to $16,929,919 (learned from FY2010-2019, where a typical year was $3,845,662); that is 1.4 robust sigmas past the $0 limit."
A_level,Central African Republic,2020,75333621.16,39836241.235,0.0,89346702.254383,16503487.006460998,2.15090180100139,10,sustained_shift,medium,"Central African Republic FY2020: no single year breaks a control limit, but this is part of a run of 8+ consecutive years above the historical typical disbursement of $39,836,241 - the level has shifted rather than spiked."
A_level,Central African Republic,2021,165919853.5,39836241.235,0.0,89346702.254383,16503487.006460998,7.639816495486024,10,beyond_limits,high,"Central African Republic FY2021: disbursement of $165,919,854 is above the expected range $0 to $89,346,702 (learned from FY2010-2019, where a typical year was $39,836,241); that is 7.6 robust sigmas past the $89,346,702 limit."
A_level,Central African Republic,2022,111881936.0,39836241.235,0.0,89346702.254383,16503487.006460998,4.365483169514093,10,beyond_limits,medium,"Central African Republic FY2022: disbursement of $111,881,936 is above the expected range $0 to $89,346,702 (learned from FY2010-2019, where a typical year was $39,836,241); that is 4.4 robust sigmas past the $89,346,702 limit."
A_level,Central African Republic,2023,117761040.9,39836241.235,0.0,89346702.254383,16503487.006460998,4.721717273112827,10,beyond_limits,medium,"Central African Republic FY2023: disbursement of $117,761,041 is above the expected range $0 to $89,346,702 (learned from FY2010-2019, where a typical year was $39,836,241); that is 4.7 robust sigmas past the $89,346,702 limit."
A_level,Central African Republic,2024,139620340.3,39836241.235,0.0,89346702.254383,16503487.006460998,6.046243380319277,10,beyond_limits,high,"Central African Republic FY2024: disbursement of $139,620,340 is above the expected range $0 to $89,346,702 (learned from FY2010-2019, where a typical year was $39,836,241); that is 6.0 robust sigmas past the $89,346,702 limit."
A_level,Central African Republic,2025,117771611.2,39836241.235,0.0,89346702.254383,16503487.006460998,4.7223577619983494,10,beyond_limits,medium,"Central African Republic FY2025: disbursement of $117,771,611 is above the expected range $0 to $89,346,702 (learned from FY2010-2019, where a typical year was $39,836,241); that is 4.7 robust sigmas past the $89,346,702 limit."
A_level,Central African Republic,2026,243802137.7,39836241.235,0.0,89346702.254383,16503487.006460998,12.35895761817783,10,beyond_limits,high,"Central African Republic FY2026: disbursement of $243,802,138 is above the expected range $0 to $89,346,702 (learned from FY2010-2019, where a typical year was $39,836,241); that is 12.4 robust sigmas past the $89,346,702 limit."
A_level,Central Asia,2020,3294818.75,1726108.0,0.0,7089150.197652999,1787680.7325509998,0.8775116951456247,10,,,
A_level,Central Asia,2021,4895129.71,1726108.0,0.0,7089150.197652999,1787680.7325509998,1.7727000421813812,10,,,
A_level,Central Asia,2022,2939429.81,1726108.0,0.0,7089150.197652999,1787680.7325509998,0.6787128081134509,10,,,
A_level,Central Asia,2023,2934585.17,1726108.0,0.0,7089150.197652999,1787680.7325509998,0.6760027940087024,10,,,
A_level,Central Asia,2024,-1411.79,1726108.0,0.0,7089150.197652999,1787680.7325509998,-0.9663469312749425,10,beyond_limits,medium,"Central Asia FY2024: disbursement of $-1,412 is below the expected range $0 to $7,089,150 (learned from FY2010-2019, where a typical year was $1,726,108); that is 1.0 robust sigmas past the $0 limit."
A_level,Central Asia,2026,0.0,1726108.0,0.0,7089150.197652999,1787680.7325509998,-0.9655571985367117,10,,,
A_level,Chad,2020,181040152.2,24927053.58,0.0,56721023.91791999,10597990.112639997,14.730443882355319,10,beyond_limits,high,"Chad FY2020: disbursement of $181,040,152 is above the expected range $0 to $56,721,024 (learned from FY2010-2019, where a typical year was $24,927,054); that is 14.7 robust sigmas past the $56,721,024 limit."
A_level,Chad,2021,89549419.38,24927053.58,0.0,56721023.91791999,10597990.112639997,6.097605783093369,10,beyond_limits,high,"Chad FY2021: disbursement of $89,549,419 is above the expected range $0 to $56,721,024 (learned from FY2010-2019, where a typical year was $24,927,054); that is 6.1 robust sigmas past the $56,721,024 limit."
A_level,Chad,2022,101478567.1,24927053.58,0.0,56721023.91791999,10597990.112639997,7.223210505612629,10,beyond_limits,high,"Chad FY2022: disbursement of $101,478,567 is above the expected range $0 to $56,721,024 (learned from FY2010-2019, where a typical year was $24,927,054); that is 7.2 robust sigmas past the $56,721,024 limit."
A_level,Chad,2023,180585489.6,24927053.58,0.0,56721023.91791999,10597990.112639997,14.687543049728786,10,beyond_limits,high,"Chad FY2023: disbursement of $180,585,490 is above the expected range $0 to $56,721,024 (learned from FY2010-2019, where a typical year was $24,927,054); that is 14.7 robust sigmas past the $56,721,024 limit."
A_level,Chad,2024,360504654.0,24927053.58,0.0,56721023.91791999,10597990.112639997,31.664268116250057,10,beyond_limits,high,"Chad FY2024: disbursement of $360,504,654 is above the expected range $0 to $56,721,024 (learned from FY2010-2019, where a typical year was $24,927,054); that is 31.7 robust sigmas past the $56,721,024 limit."
A_level,Chad,2025,418095245.2,24927053.58,0.0,56721023.91791999,10597990.112639997,37.09837312936126,10,beyond_limits,high,"Chad FY2025: disbursement of $418,095,245 is above the expected range $0 to $56,721,024 (learned from FY2010-2019, where a typical year was $24,927,054); that is 37.1 robust sigmas past the $56,721,024 limit."
A_level,Chad,2026,469597771.1,24927053.58,0.0,56721023.91791999,10597990.112639997,41.95802343593912,10,beyond_limits,high,"Chad FY2026: disbursement of $469,597,771 is above the expected range $0 to $56,721,024 (learned from FY2010-2019, where a typical year was $24,927,054); that is 42.0 robust sigmas past the $56,721,024 limit."
A_level,Comoros,2020,16877484.34,6380609.3149999995,2710800.7665170003,10050417.863482999,1223269.5161609997,8.580999433340299,10,beyond_limits,high,"Comoros FY2020: disbursement of $16,877,484 is above the expected range $2,710,801 to $10,050,418 (learned from FY2010-2019, where a typical year was $6,380,609); that is 8.6 robust sigmas past the $10,050,418 limit."
A_level,Comoros,2021,36366190.73,6380609.3149999995,2710800.7665170003,10050417.863482999,1223269.5161609997,24.51265319608722,10,beyond_limits,high,"Comoros FY2021: disbursement of $36,366,191 is above the expected range $2,710,801 to $10,050,418 (learned from FY2010-2019, where a typical year was $6,380,609); that is 24.5 robust sigmas past the $10,050,418 limit."
A_level,Comoros,2022,29404963.85,6380609.3149999995,2710800.7665170003,10050417.863482999,1223269.5161609997,18.82198013668941,10,beyond_limits,high,"Comoros FY2022: disbursement of $29,404,964 is above the expected range $2,710,801 to $10,050,418 (learned from FY2010-2019, where a typical year was $6,380,609); that is 18.8 robust sigmas past the $10,050,418 limit."
A_level,Comoros,2023,32092209.53,6380609.3149999995,2710800.7665170003,10050417.863482999,1223269.5161609997,21.01875332894014,10,beyond_limits,high,"Comoros FY2023: disbursement of $32,092,210 is above the expected range $2,710,801 to $10,050,418 (learned from FY2010-2019, where a typical year was $6,380,609); that is 21.0 robust sigmas past the $10,050,418 limit."
A_level,Comoros,2024,76102937.53,6380609.3149999995,2710800.7665170003,10050417.863482999,1223269.5161609997,56.99670211173933,10,beyond_limits,high,"Comoros FY2024: disbursement of $76,102,938 is above the expected range $2,710,801 to $10,050,418 (learned from FY2010-2019, where a typical year was $6,380,609); that is 57.0 robust sigmas past the $10,050,418 limit."
A_level,Comoros,2025,60122023.14,6380609.3149999995,2710800.7665170003,10050417.863482999,1223269.5161609997,43.93260284426712,10,beyond_limits,high,"Comoros FY2025: disbursement of $60,122,023 is above the expected range $2,710,801 to $10,050,418 (learned from FY2010-2019, where a typical year was $6,380,609); that is 43.9 robust sigmas past the $10,050,418 limit."
A_level,Comoros,2026,103206502.5,6380609.3149999995,2710800.7665170003,10050417.863482999,1223269.5161609997,79.15336065012866,10,beyond_limits,high,"Comoros FY2026: disbursement of $103,206,502 is above the expected range $2,710,801 to $10,050,418 (learned from FY2010-2019, where a typical year was $6,380,609); that is 79.2 robust sigmas past the $10,050,418 limit."
A_level,"Congo, Democratic Republic of",2020,448537952.9,389153250.29999995,124027151.77677,654279348.8232299,88375366.17440999,0.6719599043335618,10,sustained_shift,medium,"Congo, Democratic Republic of FY2020: no single year breaks a control limit, but this is part of a run of 8+ consecutive years above the historical typical disbursement of $389,153,250 - the level has shifted rather than spiked."
A_level,"Congo, Democratic Republic of",2021,680598472.5,389153250.29999995,124027151.77677,654279348.8232299,88375366.17440999,3.297810632261811,10,beyond_limits,medium,"Congo, Democratic Republic of FY2021: disbursement of $680,598,472 is above the expected range $124,027,152 to $654,279,349 (learned from FY2010-2019, where a typical year was $389,153,250); that is 3.3 robust sigmas past the $654,279,349 limit."
A_level,"Congo, Democratic Republic of",2022,787974444.5,389153250.29999995,124027151.77677,654279348.8232299,88375366.17440999,4.51280952446546,10,beyond_limits,medium,"Congo, Democratic Republic of FY2022: disbursement of $787,974,444 is above the expected range $124,027,152 to $654,279,349 (learned from FY2010-2019, where a typical year was $389,153,250); that is 4.5 robust sigmas past the $654,279,349 limit."
A_level,"Congo, Democratic Republic of",2023,1610969043.0,389153250.29999995,124027151.77677,654279348.8232299,88375366.17440999,13.82529822041959,10,beyond_limits,high,"Congo, Democratic Republic of FY2023: disbursement of $1,610,969,043 is above the expected range $124,027,152 to $654,279,349 (learned from FY2010-2019, where a typical year was $389,153,250); that is 13.8 robust sigmas past the $654,279,349 limit."
A_level,"Congo, Democratic Republic of",2024,810470263.0,389153250.29999995,124027151.77677,654279348.8232299,88375366.17440999,4.767358042607995,10,beyond_limits,medium,"Congo, Democratic Republic of FY2024: disbursement of $810,470,263 is above the expected range $124,027,152 to $654,279,349 (learned from FY2010-2019, where a typical year was $389,153,250); that is 4.8 robust sigmas past the $654,279,349 limit."
A_level,"Congo, Democratic Republic of",2025,1473235791.0,389153250.29999995,124027151.77677,654279348.8232299,88375366.17440999,12.266795461537873,10,beyond_limits,high,"Congo, Democratic Republic of FY2025: disbursement of $1,473,235,791 is above the expected range $124,027,152 to $654,279,349 (learned from FY2010-2019, where a typical year was $389,153,250); that is 12.3 robust sigmas past the $654,279,349 limit."
A_level,"Congo, Democratic Republic of",2026,1047376406.0,389153250.29999995,124027151.77677,654279348.8232299,88375366.17440999,7.448038793989127,10,beyond_limits,high,"Congo, Democratic Republic of FY2026: disbursement of $1,047,376,406 is above the expected range $124,027,152 to $654,279,349 (learned from FY2010-2019, where a typical year was $389,153,250); that is 7.4 robust sigmas past the $654,279,349 limit."
A_level,"Congo, Republic of",2020,36440055.27,20407067.96,0.0,57810356.538151994,12467762.859383998,1.2859554268737634,10,sustained_shift,medium,"Congo, Republic of FY2020: no single year breaks a control limit, but this is part of a run of 8+ consecutive years above the historical typical disbursement of $20,407,068 - the level has shifted rather than spiked."
A_level,"Congo, Republic of",2021,75811775.33,20407067.96,0.0,57810356.538151994,12467762.859383998,4.443837117763195,10,beyond_limits,medium,"Congo, Republic of FY2021: disbursement of $75,811,775 is above the expected range $0 to $57,810,357 (learned from FY2010-2019, where a typical year was $20,407,068); that is 4.4 robust sigmas past the $57,810,357 limit."
A_level,"Congo, Republic of",2022,54455114.04,20407067.96,0.0,57810356.538151994,12467762.859383998,2.730886564334464,10,sustained_shift,medium,"Congo, Republic of FY2022: no single year breaks a control limit, but this is part of a run of 8+ consecutive years above the historical typical disbursement of $20,407,068 - the level has shifted rather than spiked."
A_level,"Congo, Republic of",2023,142793066.2,20407067.96,0.0,57810356.538151994,12467762.859383998,9.81619554528861,10,beyond_limits,high,"Congo, Republic of FY2023: disbursement of $142,793,066 is above the expected range $0 to $57,810,357 (learned from FY2010-2019, where a typical year was $20,407,068); that is 9.8 robust sigmas past the $57,810,357 limit."
A_level,"Congo, Republic of",2024,120607769.2,20407067.96,0.0,57810356.538151994,12467762.859383998,8.036782730799443,10,beyond_limits,high,"Congo, Republic of FY2024: disbursement of $120,607,769 is above the expected range $0 to $57,810,357 (learned from FY2010-2019, where a typical year was $20,407,068); that is 8.0 robust sigmas past the $57,810,357 limit."
A_level,"Congo, Republic of",2025,55251062.15,20407067.96,0.0,57810356.538151994,12467762.859383998,2.7947270559268205,10,sustained_shift,medium,"Congo, Republic of FY2025: no single year breaks a control limit, but this is part of a run of 8+ consecutive years above the historical typical disbursement of $20,407,068 - the level has shifted rather than spiked."
A_level,"Congo, Republic of",2026,135731518.9,20407067.96,0.0,57810356.538151994,12467762.859383998,9.249811072016001,10,beyond_limits,high,"Congo, Republic of FY2026: disbursement of $135,731,519 is above the expected range $0 to $57,810,357 (learned from FY2010-2019, where a typical year was $20,407,068); that is 9.2 robust sigmas past the $57,810,357 limit."
A_level,Cote d'Ivoire,2020,455657102.4,202693242.6,0.0,473437959.3129599,90248238.90431997,2.802978350283256,10,sustained_shift,medium,"Cote d'Ivoire FY2020: no single year breaks a control limit, but this is part of a run of 8+ consecutive years above the historical typical disbursement of $202,693,243 - the level has shifted rather than spiked."
A_level,Cote d'Ivoire,2021,704703325.7,202693242.6,0.0,473437959.3129599,90248238.90431997,5.562547138811481,10,beyond_limits,high,"Cote d'Ivoire FY2021: disbursement of $704,703,326 is above the expected range $0 to $473,437,959 (learned from FY2010-2019, where a typical year was $202,693,243); that is 5.6 robust sigmas past the $473,437,959 limit."
A_level,Cote d'Ivoire,2022,405439660.6,202693242.6,0.0,473437959.3129599,90248238.90431997,2.2465415443169943,10,sustained_shift,medium,"Cote d'Ivoire FY2022: no single year breaks a control limit, but this is part of a run of 8+ consecutive years above the historical typical disbursement of $202,693,243 - the level has shifted rather than spiked."
A_level,Cote d'Ivoire,2023,959416579.8,202693242.6,0.0,473437959.3129599,90248238.90431997,8.384909737709878,10,beyond_limits,high,"Cote d'Ivoire FY2023: disbursement of $959,416,580 is above the expected range $0 to $473,437,959 (learned from FY2010-2019, where a typical year was $202,693,243); that is 8.4 robust sigmas past the $473,437,959 limit."
A_level,Cote d'Ivoire,2024,1003756127.0,202693242.6,0.0,473437959.3129599,90248238.90431997,8.876216246715646,10,beyond_limits,high,"Cote d'Ivoire FY2024: disbursement of $1,003,756,127 is above the expected range $0 to $473,437,959 (learned from FY2010-2019, where a typical year was $202,693,243); that is 8.9 robust sigmas past the $473,437,959 limit."
A_level,Cote d'Ivoire,2025,1278132295.0,202693242.6,0.0,473437959.3129599,90248238.90431997,11.916454719301136,10,beyond_limits,high,"Cote d'Ivoire FY2025: disbursement of $1,278,132,295 is above the expected range $0 to $473,437,959 (learned from FY2010-2019, where a typical year was $202,693,243); that is 11.9 robust sigmas past the $473,437,959 limit."
A_level,Cote d'Ivoire,2026,758481582.6,202693242.6,0.0,473437959.3129599,90248238.90431997,6.158439729657657,10,beyond_limits,high,"Cote d'Ivoire FY2026: disbursement of $758,481,583 is above the expected range $0 to $473,437,959 (learned from FY2010-2019, where a typical year was $202,693,243); that is 6.2 robust sigmas past the $473,437,959 limit."
A_level,Djibouti,2020,27011223.62,8389680.75,0.0,28753650.503505,6787989.917834999,2.743307384867075,10,sustained_shift,medium,"Djibouti FY2020: no single year breaks a control limit, but this is part of a run of 8+ consecutive years above the historical typical disbursement of $8,389,681 - the level has shifted rather than spiked."
A_level,Djibouti,2021,44711403.19,8389680.75,0.0,28753650.503505,6787989.917834999,5.3508804343635,10,beyond_limits,high,"Djibouti FY2021: disbursement of $44,711,403 is above the expected range $0 to $28,753,651 (learned from FY2010-2019, where a typical year was $8,389,681); that is 5.4 robust sigmas past the $28,753,651 limit."
A_level,Djibouti,2022,33519788.36,8389680.75,0.0,28753650.503505,6787989.917834999,3.7021427424298743,10,beyond_limits,medium,"Djibouti FY2022: disbursement of $33,519,788 is above the expected range $0 to $28,753,651 (learned from FY2010-2019, where a typical year was $8,389,681); that is 3.7 robust sigmas past the $28,753,651 limit."
A_level,Djibouti,2023,56158930.37,8389680.75,0.0,28753650.503505,6787989.917834999,7.037318882058063,10,beyond_limits,high,"Djibouti FY2023: disbursement of $56,158,930 is above the expected range $0 to $28,753,651 (learned from FY2010-2019, where a typical year was $8,389,681); that is 7.0 robust sigmas past the $28,753,651 limit."
A_level,Djibouti,2024,56152068.56,8389680.75,0.0,28753650.503505,6787989.917834999,7.036308006956147,10,beyond_limits,high,"Djibouti FY2024: disbursement of $56,152,069 is above the expected range $0 to $28,753,651 (learned from FY2010-2019, where a typical year was $8,389,681); that is 7.0 robust sigmas past the $28,753,651 limit."
A_level,Djibouti,2025,49933133.53,8389680.75,0.0,28753650.503505,6787989.917834999,6.120140613474882,10,beyond_limits,high,"Djibouti FY2025: disbursement of $49,933,134 is above the expected range $0 to $28,753,651 (learned from FY2010-2019, where a typical year was $8,389,681); that is 6.1 robust sigmas past the $28,753,651 limit."
A_level,Djibouti,2026,74932122.3,8389680.75,0.0,28753650.503505,6787989.917834999,9.802967057326365,10,beyond_limits,high,"Djibouti FY2026: disbursement of $74,932,122 is above the expected range $0 to $28,753,651 (learned from FY2010-2019, where a typical year was $8,389,681); that is 9.8 robust sigmas past the $28,753,651 limit."
A_level,Dominica,2020,16209385.34,973562.77,0.0,2349031.621078,458489.617026,33.23046368820171,10,beyond_limits,high,"Dominica FY2020: disbursement of $16,209,385 is above the expected range $0 to $2,349,032 (learned from FY2010-2019, where a typical year was $973,563); that is 33.2 robust sigmas past the $2,349,032 limit."
A_level,Dominica,2021,46076887.7,973562.77,0.0,2349031.621078,458489.617026,98.37371066887712,10,beyond_limits,high,"Dominica FY2021: disbursement of $46,076,888 is above the expected range $0 to $2,349,032 (learned from FY2010-2019, where a typical year was $973,563); that is 98.4 robust sigmas past the $2,349,032 limit."
A_level,Dominica,2022,62065969.89,973562.77,0.0,2349031.621078,458489.617026,133.24708968608022,10,beyond_limits,high,"Dominica FY2022: disbursement of $62,065,970 is above the expected range $0 to $2,349,032 (learned from FY2010-2019, where a typical year was $973,563); that is 133.2 robust sigmas past the $2,349,032 limit."
A_level,Dominica,2023,30163462.72,973562.77,0.0,2349031.621078,458489.617026,63.6653456611313,10,beyond_limits,high,"Dominica FY2023: disbursement of $30,163,463 is above the expected range $0 to $2,349,032 (learned from FY2010-2019, where a typical year was $973,563); that is 63.7 robust sigmas past the $2,349,032 limit."
A_level,Dominica,2024,18246351.88,973562.77,0.0,2349031.621078,458489.617026,37.67323941170187,10,beyond_limits,high,"Dominica FY2024: disbursement of $18,246,352 is above the expected range $0 to $2,349,032 (learned from FY2010-2019, where a typical year was $973,563); that is 37.7 robust sigmas past the $2,349,032 limit."
A_level,Dominica,2025,93204841.48,973562.77,0.0,2349031.621078,458489.617026,201.1632876405351,10,beyond_limits,high,"Dominica FY2025: disbursement of $93,204,841 is above the expected range $0 to $2,349,032 (learned from FY2010-2019, where a typical year was $973,563); that is 201.2 robust sigmas past the $2,349,032 limit."
A_level,Dominica,2026,14381695.52,973562.77,0.0,2349031.621078,458489.617026,29.244136076563873,10,beyond_limits,high,"Dominica FY2026: disbursement of $14,381,696 is above the expected range $0 to $2,349,032 (learned from FY2010-2019, where a typical year was $973,563); that is 29.2 robust sigmas past the $2,349,032 limit."
A_level,"Egypt, Arab Republic of",2020,0.0,0.0,0.0,34660.282104,11553.427368,0.0,10,,,
A_level,"Egypt, Arab Republic of",2021,0.0,0.0,0.0,34660.282104,11553.427368,0.0,10,,,
A_level,"Egypt, Arab Republic of",2022,0.0,0.0,0.0,34660.282104,11553.427368,0.0,10,,,
A_level,"Egypt, Arab Republic of",2023,0.0,0.0,0.0,34660.282104,11553.427368,0.0,10,,,
A_level,"Egypt, Arab Republic of",2024,0.0,0.0,0.0,34660.282104,11553.427368,0.0,10,,,
A_level,"Egypt, Arab Republic of",2025,0.0,0.0,0.0,34660.282104,11553.427368,0.0,10,,,
A_level,"Egypt, Arab Republic of",2026,0.0,0.0,0.0,34660.282104,11553.427368,0.0,10,,,
A_level,Ethiopia,2020,2202062392.0,906647300.05,124527318.51109004,1688767281.5889099,260706660.51296997,4.968860747175096,10,beyond_limits,medium,"Ethiopia FY2020: disbursement of $2,202,062,392 is above the expected range $124,527,319 to $1,688,767,282 (learned from FY2010-2019, where a typical year was $906,647,300); that is 5.0 robust sigmas past the $1,688,767,282 limit."
A_level,Ethiopia,2021,1233278829.0,906647300.05,124527318.51109004,1688767281.5889099,260706660.51296997,1.2528699048475225,10,sustained_shift,medium,"Ethiopia FY2021: no single year breaks a control limit, but this is part of a run of 8+ consecutive years above the historical typical disbursement of $906,647,300 - the level has shifted rather than spiked."
A_level,Ethiopia,2022,1232782930.0,906647300.05,124527318.51109004,1688767281.5889099,260706660.51296997,1.2509677708589844,10,sustained_shift,medium,"Ethiopia FY2022: no single year breaks a control limit, but this is part of a run of 8+ consecutive years above the historical typical disbursement of $906,647,300 - the level has shifted rather than spiked."
A_level,Ethiopia,2023,1873709548.0,906647300.05,124527318.51109004,1688767281.5889099,260706660.51296997,3.7093883449206677,10,beyond_limits,medium,"Ethiopia FY2023: disbursement of $1,873,709,548 is above the expected range $124,527,319 to $1,688,767,282 (learned from FY2010-2019, where a typical year was $906,647,300); that is 3.7 robust sigmas past the $1,688,767,282 limit."
A_level,Ethiopia,2024,1740575939.0,906647300.05,124527318.51109004,1688767281.5889099,260706660.51296997,3.19872395016357,10,beyond_limits,medium,"Ethiopia FY2024: disbursement of $1,740,575,939 is above the expected range $124,527,319 to $1,688,767,282 (learned from FY2010-2019, where a typical year was $906,647,300); that is 3.2 robust sigmas past the $1,688,767,282 limit."
A_level,Ethiopia,2025,3344037618.0,906647300.05,124527318.51109004,1688767281.5889099,260706660.51296997,9.349167808579027,10,beyond_limits,high,"Ethiopia FY2025: disbursement of $3,344,037,618 is above the expected range $124,527,319 to $1,688,767,282 (learned from FY2010-2019, where a typical year was $906,647,300); that is 9.3 robust sigmas past the $1,688,767,282 limit."
A_level,Ethiopia,2026,3487176014.0,906647300.05,124527318.51109004,1688767281.5889099,260706660.51296997,9.898207851201485,10,beyond_limits,high,"Ethiopia FY2026: disbursement of $3,487,176,014 is above the expected range $124,527,319 to $1,688,767,282 (learned from FY2010-2019, where a typical year was $906,647,300); that is 9.9 robust sigmas past the $1,688,767,282 limit."
A_level,"Gambia, The",2020,30483964.77,17566723.665,0.0,40836137.685111,7756471.340037001,1.6653502009766183,10,sustained_shift,medium,"Gambia, The FY2020: no single year breaks a control limit, but this is part of a run of 8+ consecutive years above the historical typical disbursement of $17,566,724 - the level has shifted rather than spiked."
A_level,"Gambia, The",2021,96068014.0,17566723.665,0.0,40836137.685111,7756471.340037001,10.12074781090154,10,beyond_limits,high,"Gambia, The FY2021: disbursement of $96,068,014 is above the expected range $0 to $40,836,138 (learned from FY2010-2019, where a typical year was $17,566,724); that is 10.1 robust sigmas past the $40,836,138 limit."
A_level,"Gambia, The",2022,79728329.83,17566723.665,0.0,40836137.685111,7756471.340037001,8.014160491270953,10,beyond_limits,high,"Gambia, The FY2022: disbursement of $79,728,330 is above the expected range $0 to $40,836,138 (learned from FY2010-2019, where a typical year was $17,566,724); that is 8.0 robust sigmas past the $40,836,138 limit."
A_level,"Gambia, The",2023,110630293.5,17566723.665,0.0,40836137.685111,7756471.340037001,11.998183936376932,10,beyond_limits,high,"Gambia, The FY2023: disbursement of $110,630,294 is above the expected range $0 to $40,836,138 (learned from FY2010-2019, where a typical year was $17,566,724); that is 12.0 robust sigmas past the $40,836,138 limit."
A_level,"Gambia, The",2024,148549265.8,17566723.665,0.0,40836137.685111,7756471.340037001,16.886872444032672,10,beyond_limits,high,"Gambia, The FY2024: disbursement of $148,549,266 is above the expected range $0 to $40,836,138 (learned from FY2010-2019, where a typical year was $17,566,724); that is 16.9 robust sigmas past the $40,836,138 limit."
A_level,"Gambia, The",2025,145058740.6,17566723.665,0.0,40836137.685111,7756471.340037001,16.43685786304882,10,beyond_limits,high,"Gambia, The FY2025: disbursement of $145,058,741 is above the expected range $0 to $40,836,138 (learned from FY2010-2019, where a typical year was $17,566,724); that is 16.4 robust sigmas past the $40,836,138 limit."
A_level,"Gambia, The",2026,146847797.1,17566723.665,0.0,40836137.685111,7756471.340037001,16.667511264778717,10,beyond_limits,high,"Gambia, The FY2026: disbursement of $146,847,797 is above the expected range $0 to $40,836,138 (learned from FY2010-2019, where a typical year was $17,566,724); that is 16.7 robust sigmas past the $40,836,138 limit."
A_level,Georgia,2020,2203233.36,48406153.900000006,0.0,175595326.85704902,42396390.985683,-1.0897842827141218,10,sustained_shift,medium,"Georgia FY2020: no single year breaks a control limit, but this is part of a run of 8+ consecutive years below the historical typical disbursement of $48,406,154 - the level has shifted rather than spiked."
A_level,Georgia,2021,10227193.39,48406153.900000006,0.0,175595326.85704902,42396390.985683,-0.9005238328633398,10,sustained_shift,medium,"Georgia FY2021: no single year breaks a control limit, but this is part of a run of 8+ consecutive years below the historical typical disbursement of $48,406,154 - the level has shifted rather than spiked."
A_level,Georgia,2022,4904742.24,48406153.900000006,0.0,175595326.85704902,42396390.985683,-1.026064026881207,10,sustained_shift,medium,"Georgia FY2022: no single year breaks a control limit, but this is part of a run of 8+ consecutive years below the historical typical disbursement of $48,406,154 - the level has shifted rather than spiked."
A_level,Georgia,2023,4363339.3,48406153.900000006,0.0,175595326.85704902,42396390.985683,-1.0388340511076284,10,sustained_shift,medium,"Georgia FY2023: no single year breaks a control limit, but this is part of a run of 8+ consecutive years below the historical typical disbursement of $48,406,154 - the level has shifted rather than spiked."
A_level,Georgia,2024,8232.7,48406153.900000006,0.0,175595326.85704902,42396390.985683,-1.1415575730571896,10,sustained_shift,medium,"Georgia FY2024: no single year breaks a control limit, but this is part of a run of 8+ consecutive years below the historical typical disbursement of $48,406,154 - the level has shifted rather than spiked."
A_level,Georgia,2025,0.0,48406153.900000006,0.0,175595326.85704902,42396390.985683,-1.141751757038623,10,sustained_shift,medium,"Georgia FY2025: no single year breaks a control limit, but this is part of a run of 8+ consecutive years below the historical typical disbursement of $48,406,154 - the level has shifted rather than spiked."
A_level,Georgia,2026,0.0,48406153.900000006,0.0,175595326.85704902,42396390.985683,-1.141751757038623,10,sustained_shift,medium,"Georgia FY2026: no single year breaks a control limit, but this is part of a run of 8+ consecutive years below the historical typical disbursement of $48,406,154 - the level has shifted rather than spiked."
A_level,Ghana,2020,331199939.6,352978238.70000005,145159803.04230008,560796674.3577,69272811.88589999,-0.3143845111393962,10,,,
A_level,Ghana,2021,402696451.9,352978238.70000005,145159803.04230008,560796674.3577,69272811.88589999,0.7177161117970979,10,,,
A_level,Ghana,2022,445667524.2,352978238.70000005,145159803.04230008,560796674.3577,69272811.88589999,1.3380326707781038,10,,,
A_level,Ghana,2023,493636467.8,352978238.70000005,145159803.04230008,560796674.3577,69272811.88589999,2.0304968900595473,10,,,
A_level,Ghana,2024,1017509419.0,352978238.70000005,145159803.04230008,560796674.3577,69272811.88589999,9.592958077038313,10,beyond_limits,high,"Ghana FY2024: disbursement of $1,017,509,419 is above the expected range $145,159,803 to $560,796,674 (learned from FY2010-2019, where a typical year was $352,978,239); that is 9.6 robust sigmas past the $560,796,674 limit."
A_level,Ghana,2025,688202091.9,352978238.70000005,145159803.04230008,560796674.3577,69272811.88589999,4.8391835710689906,10,beyond_limits,medium,"Ghana FY2025: disbursement of $688,202,092 is above the expected range $145,159,803 to $560,796,674 (learned from FY2010-2019, where a typical year was $352,978,239); that is 4.8 robust sigmas past the $560,796,674 limit."
A_level,Ghana,2026,463766601.0,352978238.70000005,145159803.04230008,560796674.3577,69272811.88589999,1.5993051138516028,10,,,
A_level,Grenada,2020,24327713.3,5152033.635,0.0,17728646.347356,4192204.237451999,4.574128210092856,10,beyond_limits,medium,"Grenada FY2020: disbursement of $24,327,713 is above the expected range $0 to $17,728,646 (learned from FY2010-2019, where a typical year was $5,152,034); that is 4.6 robust sigmas past the $17,728,646 limit."
A_level,Grenada,2021,34255972.66,5152033.635,0.0,17728646.347356,4192204.237451999,6.9423953072212985,10,beyond_limits,high,"Grenada FY2021: disbursement of $34,255,973 is above the expected range $0 to $17,728,646 (learned from FY2010-2019, where a typical year was $5,152,034); that is 6.9 robust sigmas past the $17,728,646 limit."
A_level,Grenada,2022,25782929.98,5152033.635,0.0,17728646.347356,4192204.237451999,4.9212526815104205,10,beyond_limits,medium,"Grenada FY2022: disbursement of $25,782,930 is above the expected range $0 to $17,728,646 (learned from FY2010-2019, where a typical year was $5,152,034); that is 4.9 robust sigmas past the $17,728,646 limit."
A_level,Grenada,2023,3883624.66,5152033.635,0.0,17728646.347356,4192204.237451999,-0.30256373572365175,10,,,
A_level,Grenada,2024,40884137.33,5152033.635,0.0,17728646.347356,4192204.237451999,8.523464428516917,10,beyond_limits,high,"Grenada FY2024: disbursement of $40,884,137 is above the expected range $0 to $17,728,646 (learned from FY2010-2019, where a typical year was $5,152,034); that is 8.5 robust sigmas past the $17,728,646 limit."
A_level,Grenada,2025,26340796.17,5152033.635,0.0,17728646.347356,4192204.237451999,5.054324964825289,10,beyond_limits,high,"Grenada FY2025: disbursement of $26,340,796 is above the expected range $0 to $17,728,646 (learned from FY2010-2019, where a typical year was $5,152,034); that is 5.1 robust sigmas past the $17,728,646 limit."
A_level,Grenada,2026,15166224.27,5152033.635,0.0,17728646.347356,4192204.237451999,2.3887649713093597,10,,,
A_level,Guinea,2020,170461990.9,64060465.815,0.0,177364734.289047,37768089.491349,2.8172334507249013,10,sustained_shift,medium,"Guinea FY2020: no single year breaks a control limit, but this is part of a run of 8+ consecutive years above the historical typical disbursement of $64,060,466 - the level has shifted rather than spiked."
A_level,Guinea,2021,259730093.0,64060465.815,0.0,177364734.289047,37768089.491349,5.180818776385798,10,beyond_limits,high,"Guinea FY2021: disbursement of $259,730,093 is above the expected range $0 to $177,364,734 (learned from FY2010-2019, where a typical year was $64,060,466); that is 5.2 robust sigmas past the $177,364,734 limit."
A_level,Guinea,2022,75173465.77,64060465.815,0.0,177364734.289047,37768089.491349,0.2942431058776615,10,sustained_shift,medium,"Guinea FY2022: no single year breaks a control limit, but this is part of a run of 8+ consecutive years above the historical typical disbursement of $64,060,466 - the level has shifted rather than spiked."
A_level,Guinea,2023,114392832.9,64060465.815,0.0,177364734.289047,37768089.491349,1.332669133198515,10,sustained_shift,medium,"Guinea FY2023: no single year breaks a control limit, but this is part of a run of 8+ consecutive years above the historical typical disbursement of $64,060,466 - the level has shifted rather than spiked."
A_level,Guinea,2024,163976876.3,64060465.815,0.0,177364734.289047,37768089.491349,2.6455246169623288,10,sustained_shift,medium,"Guinea FY2024: no single year breaks a control limit, but this is part of a run of 8+ consecutive years above the historical typical disbursement of $64,060,466 - the level has shifted rather than spiked."
A_level,Guinea,2025,215401819.7,64060465.815,0.0,177364734.289047,37768089.491349,4.007122306773437,10,beyond_limits,medium,"Guinea FY2025: disbursement of $215,401,820 is above the expected range $0 to $177,364,734 (learned from FY2010-2019, where a typical year was $64,060,466); that is 4.0 robust sigmas past the $177,364,734 limit."
A_level,Guinea,2026,158155890.2,64060465.815,0.0,177364734.289047,37768089.491349,2.49140016485486,10,sustained_shift,medium,"Guinea FY2026: no single year breaks a control limit, but this is part of a run of 8+ consecutive years above the historical typical disbursement of $64,060,466 - the level has shifted rather than spiked."
A_level,Guinea-Bissau,2020,37159677.4,10534009.11,0.0,25298405.152619995,4921465.347539999,5.410109877804763,10,beyond_limits,high,"Guinea-Bissau FY2020: disbursement of $37,159,677 is above the expected range $0 to $25,298,405 (learned from FY2010-2019, where a typical year was $10,534,009); that is 5.4 robust sigmas past the $25,298,405 limit."
A_level,Guinea-Bissau,2021,35872108.08,10534009.11,0.0,25298405.152619995,4921465.347539999,5.148486717002952,10,beyond_limits,high,"Guinea-Bissau FY2021: disbursement of $35,872,108 is above the expected range $0 to $25,298,405 (learned from FY2010-2019, where a typical year was $10,534,009); that is 5.1 robust sigmas past the $25,298,405 limit."
A_level,Guinea-Bissau,2022,40500420.17,10534009.11,0.0,25298405.152619995,4921465.347539999,6.0889204624754205,10,beyond_limits,high,"Guinea-Bissau FY2022: disbursement of $40,500,420 is above the expected range $0 to $25,298,405 (learned from FY2010-2019, where a typical year was $10,534,009); that is 6.1 robust sigmas past the $25,298,405 limit."
A_level,Guinea-Bissau,2023,42543558.91,10534009.11,0.0,25298405.152619995,4921465.347539999,6.504068918416751,10,beyond_limits,high,"Guinea-Bissau FY2023: disbursement of $42,543,559 is above the expected range $0 to $25,298,405 (learned from FY2010-2019, where a typical year was $10,534,009); that is 6.5 robust sigmas past the $25,298,405 limit."
A_level,Guinea-Bissau,2024,43530945.59,10534009.11,0.0,25298405.152619995,4921465.347539999,6.7046975138194504,10,beyond_limits,high,"Guinea-Bissau FY2024: disbursement of $43,530,946 is above the expected range $0 to $25,298,405 (learned from FY2010-2019, where a typical year was $10,534,009); that is 6.7 robust sigmas past the $25,298,405 limit."
A_level,Guinea-Bissau,2025,71002470.29,10534009.11,0.0,25298405.152619995,4921465.347539999,12.28667823704687,10,beyond_limits,high,"Guinea-Bissau FY2025: disbursement of $71,002,470 is above the expected range $0 to $25,298,405 (learned from FY2010-2019, where a typical year was $10,534,009); that is 12.3 robust sigmas past the $25,298,405 limit."
A_level,Guinea-Bissau,2026,60848111.53,10534009.11,0.0,25298405.152619995,4921465.347539999,10.223398696721409,10,beyond_limits,high,"Guinea-Bissau FY2026: disbursement of $60,848,112 is above the expected range $0 to $25,298,405 (learned from FY2010-2019, where a typical year was $10,534,009); that is 10.2 robust sigmas past the $25,298,405 limit."
A_level,Guyana,2020,8477961.16,5592748.529999999,0.0,22519398.086858995,5642216.518952998,0.5113615580522595,10,sustained_shift,medium,"Guyana FY2020: no single year breaks a control limit, but this is part of a run of 8+ consecutive years above the historical typical disbursement of $5,592,749 - the level has shifted rather than spiked."
A_level,Guyana,2021,6650620.14,5592748.529999999,0.0,22519398.086858995,5642216.518952998,0.18749220389654683,10,sustained_shift,medium,"Guyana FY2021: no single year breaks a control limit, but this is part of a run of 8+ consecutive years above the historical typical disbursement of $5,592,749 - the level has shifted rather than spiked."
A_level,Guyana,2022,11091231.67,5592748.529999999,0.0,22519398.086858995,5642216.518952998,0.9745253698665804,10,sustained_shift,medium,"Guyana FY2022: no single year breaks a control limit, but this is part of a run of 8+ consecutive years above the historical typical disbursement of $5,592,749 - the level has shifted rather than spiked."
A_level,Guyana,2023,37629778.2,5592748.529999999,0.0,22519398.086858995,5642216.518952998,5.678092920110938,10,beyond_limits,high,"Guyana FY2023: disbursement of $37,629,778 is above the expected range $0 to $22,519,398 (learned from FY2010-2019, where a typical year was $5,592,749); that is 5.7 robust sigmas past the $22,519,398 limit."
A_level,Guyana,2024,62068531.1,5592748.529999999,0.0,22519398.086858995,5642216.518952998,10.009502893107683,10,beyond_limits,high,"Guyana FY2024: disbursement of $62,068,531 is above the expected range $0 to $22,519,398 (learned from FY2010-2019, where a typical year was $5,592,749); that is 10.0 robust sigmas past the $22,519,398 limit."
A_level,Guyana,2025,4288655.04,5592748.529999999,0.0,22519398.086858995,5642216.518952998,-0.2311314153966559,10,,,
A_level,Guyana,2026,31283327.06,5592748.529999999,0.0,22519398.086858995,5642216.518952998,4.553277677966051,10,beyond_limits,medium,"Guyana FY2026: disbursement of $31,283,327 is above the expected range $0 to $22,519,398 (learned from FY2010-2019, where a typical year was $5,592,749); that is 4.6 robust sigmas past the $22,519,398 limit."
A_level,Haiti,2020,114959858.7,76046764.6,266245.96151797473,151827283.238482,25260172.879494008,1.5404919944783642,10,sustained_shift,medium,"Haiti FY2020: no single year breaks a control limit, but this is part of a run of 8+ consecutive years above the historical typical disbursement of $76,046,765 - the level has shifted rather than spiked."
A_level,Haiti,2021,117215565.2,76046764.6,266245.96151797473,151827283.238482,25260172.879494008,1.6297909280510305,10,sustained_shift,medium,"Haiti FY2021: no single year breaks a control limit, but this is part of a run of 8+ consecutive years above the historical typical disbursement of $76,046,765 - the level has shifted rather than spiked."
A_level,Haiti,2022,143382162.3,76046764.6,266245.96151797473,151827283.238482,25260172.879494008,2.6656744599979487,10,sustained_shift,medium,"Haiti FY2022: no single year breaks a control limit, but this is part of a run of 8+ consecutive years above the historical typical disbursement of $76,046,765 - the level has shifted rather than spiked."
A_level,Haiti,2023,76505822.7,76046764.6,266245.96151797473,151827283.238482,25260172.879494008,0.01817319707944946,10,sustained_shift,medium,"Haiti FY2023: no single year breaks a control limit, but this is part of a run of 8+ consecutive years above the historical typical disbursement of $76,046,765 - the level has shifted rather than spiked."
A_level,Haiti,2024,169751619.7,76046764.6,266245.96151797473,151827283.238482,25260172.879494008,3.7095888277181506,10,beyond_limits,medium,"Haiti FY2024: disbursement of $169,751,620 is above the expected range $266,246 to $151,827,283 (learned from FY2010-2019, where a typical year was $76,046,765); that is 3.7 robust sigmas past the $151,827,283 limit."
A_level,Haiti,2025,161221460.0,76046764.6,266245.96151797473,151827283.238482,25260172.879494008,3.37189677229581,10,beyond_limits,medium,"Haiti FY2025: disbursement of $161,221,460 is above the expected range $266,246 to $151,827,283 (learned from FY2010-2019, where a typical year was $76,046,765); that is 3.4 robust sigmas past the $151,827,283 limit."
A_level,Haiti,2026,155738082.9,76046764.6,266245.96151797473,151827283.238482,25260172.879494008,3.1548207797379226,10,beyond_limits,medium,"Haiti FY2026: disbursement of $155,738,083 is above the expected range $266,246 to $151,827,283 (learned from FY2010-2019, where a typical year was $76,046,765); that is 3.2 robust sigmas past the $151,827,283 limit."
A_level,Honduras,2020,138463560.8,73080135.8,0.0,264525733.42420393,63815199.20806798,1.0245744871346223,10,,,
A_level,Honduras,2021,36249483.86,73080135.8,0.0,264525733.42420393,63815199.20806798,-0.5771454511943857,10,,,
A_level,Honduras,2022,57173860.71,73080135.8,0.0,264525733.42420393,63815199.20806798,-0.24925527597489672,10,,,
A_level,Honduras,2023,24802752.56,73080135.8,0.0,264525733.42420393,63815199.20806798,-0.7565185698565745,10,,,
A_level,Honduras,2024,109212561.6,73080135.8,0.0,264525733.42420393,63815199.20806798,0.5662040743959924,10,,,
A_level,Honduras,2025,219416829.4,73080135.8,0.0,264525733.42420393,63815199.20806798,2.2931322853490217,10,,,
A_level,Honduras,2026,218200900.0,73080135.8,0.0,264525733.42420393,63815199.20806798,2.274078370057846,10,,,
A_level,India,2020,1412601152.0,1257181504.0,755385322.5925001,1758977685.4074998,167265393.80249998,0.9291799365475027,10,,,
A_level,India,2021,968505566.5,1257181504.0,755385322.5925001,1758977685.4074998,167265393.80249998,-1.7258557250692068,10,,,
A_level,India,2022,501392030.8,1257181504.0,755385322.5925001,1758977685.4074998,167265393.80249998,-4.5185047308255815,10,beyond_limits,medium,"India FY2022: disbursement of $501,392,031 is below the expected range $755,385,323 to $1,758,977,685 (learned from FY2010-2019, where a typical year was $1,257,181,504); that is 4.5 robust sigmas past the $755,385,323 limit."
A_level,India,2023,270192701.4,1257181504.0,755385322.5925001,1758977685.4074998,167265393.80249998,-5.9007352337650625,10,beyond_limits,high,"India FY2023: disbursement of $270,192,701 is below the expected range $755,385,323 to $1,758,977,685 (learned from FY2010-2019, where a typical year was $1,257,181,504); that is 5.9 robust sigmas past the $755,385,323 limit."
A_level,India,2024,164052590.7,1257181504.0,755385322.5925001,1758977685.4074998,167265393.80249998,-6.535296324299581,10,beyond_limits,high,"India FY2024: disbursement of $164,052,591 is below the expected range $755,385,323 to $1,758,977,685 (learned from FY2010-2019, where a typical year was $1,257,181,504); that is 6.5 robust sigmas past the $755,385,323 limit."
A_level,India,2025,82685173.94,1257181504.0,755385322.5925001,1758977685.4074998,167265393.80249998,-7.0217532949272,10,beyond_limits,high,"India FY2025: disbursement of $82,685,174 is below the expected range $755,385,323 to $1,758,977,685 (learned from FY2010-2019, where a typical year was $1,257,181,504); that is 7.0 robust sigmas past the $755,385,323 limit."
A_level,India,2026,6287163.26,1257181504.0,755385322.5925001,1758977685.4074998,167265393.80249998,-7.4785005571266225,10,beyond_limits,high,"India FY2026: disbursement of $6,287,163 is below the expected range $755,385,323 to $1,758,977,685 (learned from FY2010-2019, where a typical year was $1,257,181,504); that is 7.5 robust sigmas past the $755,385,323 limit."
A_level,Indonesia,2020,0.0,0.0,0.0,8925494.842466999,2975164.947489,0.0,10,,,
A_level,Indonesia,2021,0.0,0.0,0.0,8925494.842466999,2975164.947489,0.0,10,,,
A_level,Indonesia,2022,0.0,0.0,0.0,8925494.842466999,2975164.947489,0.0,10,,,
A_level,Indonesia,2023,0.0,0.0,0.0,8925494.842466999,2975164.947489,0.0,10,,,
A_level,Indonesia,2024,0.0,0.0,0.0,8925494.842466999,2975164.947489,0.0,10,,,
A_level,Indonesia,2025,0.0,0.0,0.0,8925494.842466999,2975164.947489,0.0,10,,,
A_level,Indonesia,2026,0.0,0.0,0.0,8925494.842466999,2975164.947489,0.0,10,,,
A_level,Iraq,2020,0.0,34558498.015,0.0,162492803.56717902,42644768.517393,-0.8103807153016916,10,sustained_shift,medium,"Iraq FY2020: no single year breaks a control limit, but this is part of a run of 8+ consecutive years below the historical typical disbursement of $34,558,498 - the level has shifted rather than spiked."
A_level,Iraq,2021,0.0,34558498.015,0.0,162492803.56717902,42644768.517393,-0.8103807153016916,10,sustained_shift,medium,"Iraq FY2021: no single year breaks a control limit, but this is part of a run of 8+ consecutive years below the historical typical disbursement of $34,558,498 - the level has shifted rather than spiked."
A_level,Iraq,2022,0.0,34558498.015,0.0,162492803.56717902,42644768.517393,-0.8103807153016916,10,sustained_shift,medium,"Iraq FY2022: no single year breaks a control limit, but this is part of a run of 8+ consecutive years below the historical typical disbursement of $34,558,498 - the level has shifted rather than spiked."
A_level,Iraq,2023,0.0,34558498.015,0.0,162492803.56717902,42644768.517393,-0.8103807153016916,10,sustained_shift,medium,"Iraq FY2023: no single year breaks a control limit, but this is part of a run of 8+ consecutive years below the historical typical disbursement of $34,558,498 - the level has shifted rather than spiked."
A_level,Iraq,2024,0.0,34558498.015,0.0,162492803.56717902,42644768.517393,-0.8103807153016916,10,sustained_shift,medium,"Iraq FY2024: no single year breaks a control limit, but this is part of a run of 8+ consecutive years below the historical typical disbursement of $34,558,498 - the level has shifted rather than spiked."
A_level,Iraq,2025,0.0,34558498.015,0.0,162492803.56717902,42644768.517393,-0.8103807153016916,10,sustained_shift,medium,"Iraq FY2025: no single year breaks a control limit, but this is part of a run of 8+ consecutive years below the historical typical disbursement of $34,558,498 - the level has shifted rather than spiked."
A_level,Iraq,2026,0.0,34558498.015,0.0,162492803.56717902,42644768.517393,-0.8103807153016916,10,sustained_shift,medium,"Iraq FY2026: no single year breaks a control limit, but this is part of a run of 8+ consecutive years below the historical typical disbursement of $34,558,498 - the level has shifted rather than spiked."
A_level,Kenya,2020,1911309871.0,495859367.70000005,199603723.65669,792115011.7433101,98751881.34777002,14.333402908196474,10,beyond_limits,high,"Kenya FY2020: disbursement of $1,911,309,871 is above the expected range $199,603,724 to $792,115,012 (learned from FY2010-2019, where a typical year was $495,859,368); that is 14.3 robust sigmas past the $792,115,012 limit."
A_level,Kenya,2021,1438320244.0,495859367.70000005,199603723.65669,792115011.7433101,98751881.34777002,9.54372578463572,10,beyond_limits,high,"Kenya FY2021: disbursement of $1,438,320,244 is above the expected range $199,603,724 to $792,115,012 (learned from FY2010-2019, where a typical year was $495,859,368); that is 9.5 robust sigmas past the $792,115,012 limit."
A_level,Kenya,2022,1055140135.0,495859367.70000005,199603723.65669,792115011.7433101,98751881.34777002,5.6634948080675676,10,beyond_limits,high,"Kenya FY2022: disbursement of $1,055,140,135 is above the expected range $199,603,724 to $792,115,012 (learned from FY2010-2019, where a typical year was $495,859,368); that is 5.7 robust sigmas past the $792,115,012 limit."
A_level,Kenya,2023,1161798453.0,495859367.70000005,199603723.65669,792115011.7433101,98751881.34777002,6.743558464013384,10,beyond_limits,high,"Kenya FY2023: disbursement of $1,161,798,453 is above the expected range $199,603,724 to $792,115,012 (learned from FY2010-2019, where a typical year was $495,859,368); that is 6.7 robust sigmas past the $792,115,012 limit."
A_level,Kenya,2024,1095342791.0,495859367.70000005,199603723.65669,792115011.7433101,98751881.34777002,6.0706025558017105,10,beyond_limits,high,"Kenya FY2024: disbursement of $1,095,342,791 is above the expected range $199,603,724 to $792,115,012 (learned from FY2010-2019, where a typical year was $495,859,368); that is 6.1 robust sigmas past the $792,115,012 limit."
A_level,Kenya,2025,799278941.3,495859367.70000005,199603723.65669,792115011.7433101,98751881.34777002,3.0725447399980257,10,beyond_limits,medium,"Kenya FY2025: disbursement of $799,278,941 is above the expected range $199,603,724 to $792,115,012 (learned from FY2010-2019, where a typical year was $495,859,368); that is 3.1 robust sigmas past the $792,115,012 limit."
A_level,Kenya,2026,1381485839.0,495859367.70000005,199603723.65669,792115011.7433101,98751881.34777002,8.968198470884108,10,beyond_limits,high,"Kenya FY2026: disbursement of $1,381,485,839 is above the expected range $199,603,724 to $792,115,012 (learned from FY2010-2019, where a typical year was $495,859,368); that is 9.0 robust sigmas past the $792,115,012 limit."
A_level,Kiribati,2020,1361796.25,9375612.49,0.0,27562685.370759994,6062357.626919999,-1.3218976400228382,9,,,
A_level,Kiribati,2021,1933778.79,9375612.49,0.0,27562685.370759994,6062357.626919999,-1.2275477888263167,9,,,
A_level,Kiribati,2022,6351157.19,9375612.49,0.0,27562685.370759994,6062357.626919999,-0.4988909408065694,9,,,
A_level,Kiribati,2023,8672056.38,9375612.49,0.0,27562685.370759994,6062357.626919999,-0.11605321779036046,9,,,
A_level,Kiribati,2024,22154057.43,9375612.49,0.0,27562685.370759994,6062357.626919999,2.107834233212687,9,,,
A_level,Kiribati,2025,21275862.6,9375612.49,0.0,27562685.370759994,6062357.626919999,1.9629739521068081,9,,,
A_level,Kiribati,2026,52887212.32,9375612.49,0.0,27562685.370759994,6062357.626919999,7.1773396601985375,9,beyond_limits,high,"Kiribati FY2026: disbursement of $52,887,212 is above the expected range $0 to $27,562,685 (learned from FY2010-2019, where a typical year was $9,375,612); that is 7.2 robust sigmas past the $27,562,685 limit."
A_level,Kosovo,2020,12030964.9,10497203.649999999,0.0,23096755.957572993,4199850.769190998,0.3651942257689896,10,sustained_shift,medium,"Kosovo FY2020: no single year breaks a control limit, but this is part of a run of 8+ consecutive years above the historical typical disbursement of $10,497,204 - the level has shifted rather than spiked."
A_level,Kosovo,2021,94198813.57,10497203.649999999,0.0,23096755.957572993,4199850.769190998,19.929662866598264,10,beyond_limits,high,"Kosovo FY2021: disbursement of $94,198,814 is above the expected range $0 to $23,096,756 (learned from FY2010-2019, where a typical year was $10,497,204); that is 19.9 robust sigmas past the $23,096,756 limit."
A_level,Kosovo,2022,30694515.18,10497203.649999999,0.0,23096755.957572993,4199850.769190998,4.809054568834249,10,beyond_limits,medium,"Kosovo FY2022: disbursement of $30,694,515 is above the expected range $0 to $23,096,756 (learned from FY2010-2019, where a typical year was $10,497,204); that is 4.8 robust sigmas past the $23,096,756 limit."
A_level,Kosovo,2023,87463987.48,10497203.649999999,0.0,23096755.957572993,4199850.769190998,18.32607586788753,10,beyond_limits,high,"Kosovo FY2023: disbursement of $87,463,987 is above the expected range $0 to $23,096,756 (learned from FY2010-2019, where a typical year was $10,497,204); that is 18.3 robust sigmas past the $23,096,756 limit."
A_level,Kosovo,2024,26346325.42,10497203.649999999,0.0,23096755.957572993,4199850.769190998,3.7737345065365173,10,beyond_limits,medium,"Kosovo FY2024: disbursement of $26,346,325 is above the expected range $0 to $23,096,756 (learned from FY2010-2019, where a typical year was $10,497,204); that is 3.8 robust sigmas past the $23,096,756 limit."
A_level,Kosovo,2025,21285521.04,10497203.649999999,0.0,23096755.957572993,4199850.769190998,2.5687382678309105,10,sustained_shift,medium,"Kosovo FY2025: no single year breaks a control limit, but this is part of a run of 8+ consecutive years above the historical typical disbursement of $10,497,204 - the level has shifted rather than spiked."
A_level,Kosovo,2026,125968171.2,10497203.649999999,0.0,23096755.957572993,4199850.769190998,27.49406440749388,10,beyond_limits,high,"Kosovo FY2026: disbursement of $125,968,171 is above the expected range $0 to $23,096,756 (learned from FY2010-2019, where a typical year was $10,497,204); that is 27.5 robust sigmas past the $23,096,756 limit."
A_level,Kyrgyz Republic,2020,45958788.91,55549840.665,13804448.805444002,97295232.524556,13915130.619851999,-0.6892534477051149,10,,,
A_level,Kyrgyz Republic,2021,46314620.09,55549840.665,13804448.805444002,97295232.524556,13915130.619851999,-0.6636819177122623,10,,,
A_level,Kyrgyz Republic,2022,78995111.62,55549840.665,13804448.805444002,97295232.524556,13915130.619851999,1.6848760960642257,10,,,
A_level,Kyrgyz Republic,2023,151432253.5,55549840.665,13804448.805444002,97295232.524556,13915130.619851999,6.890514753645899,10,beyond_limits,high,"Kyrgyz Republic FY2023: disbursement of $151,432,254 is above the expected range $13,804,449 to $97,295,233 (learned from FY2010-2019, where a typical year was $55,549,841); that is 6.9 robust sigmas past the $97,295,233 limit."
A_level,Kyrgyz Republic,2024,165919696.5,55549840.665,13804448.805444002,97295232.524556,13915130.619851999,7.931643536104579,10,beyond_limits,high,"Kyrgyz Republic FY2024: disbursement of $165,919,696 is above the expected range $13,804,449 to $97,295,233 (learned from FY2010-2019, where a typical year was $55,549,841); that is 7.9 robust sigmas past the $97,295,233 limit."
A_level,Kyrgyz Republic,2025,159283521.8,55549840.665,13804448.805444002,97295232.524556,13915130.619851999,7.454740021412988,10,beyond_limits,high,"Kyrgyz Republic FY2025: disbursement of $159,283,522 is above the expected range $13,804,449 to $97,295,233 (learned from FY2010-2019, where a typical year was $55,549,841); that is 7.5 robust sigmas past the $97,295,233 limit."
A_level,Kyrgyz Republic,2026,239486616.1,55549840.665,13804448.805444002,97295232.524556,13915130.619851999,13.218472787642172,10,beyond_limits,high,"Kyrgyz Republic FY2026: disbursement of $239,486,616 is above the expected range $13,804,449 to $97,295,233 (learned from FY2010-2019, where a typical year was $55,549,841); that is 13.2 robust sigmas past the $97,295,233 limit."
A_level,Lao People's Democratic Republic,2020,62510019.98,57412168.385000005,14893084.250689976,99931252.51931003,14173028.04477001,0.3596868346620643,10,sustained_shift,medium,"Lao People's Democratic Republic FY2020: no single year breaks a control limit, but this is part of a run of 8+ consecutive years above the historical typical disbursement of $57,412,168 - the level has shifted rather than spiked."
A_level,Lao People's Democratic Republic,2021,58279351.62,57412168.385000005,14893084.250689976,99931252.51931003,14173028.04477001,0.06118545961108087,10,sustained_shift,medium,"Lao People's Democratic Republic FY2021: no single year breaks a control limit, but this is part of a run of 8+ consecutive years above the historical typical disbursement of $57,412,168 - the level has shifted rather than spiked."
A_level,Lao People's Democratic Republic,2022,83992313.09,57412168.385000005,14893084.250689976,99931252.51931003,14173028.04477001,1.875403380353032,10,sustained_shift,medium,"Lao People's Democratic Republic FY2022: no single year breaks a control limit, but this is part of a run of 8+ consecutive years above the historical typical disbursement of $57,412,168 - the level has shifted rather than spiked."
A_level,Lao People's Democratic Republic,2023,105021961.5,57412168.385000005,14893084.250689976,99931252.51931003,14173028.04477001,3.3591828764191636,10,beyond_limits,medium,"Lao People's Democratic Republic FY2023: disbursement of $105,021,962 is above the expected range $14,893,084 to $99,931,253 (learned from FY2010-2019, where a typical year was $57,412,168); that is 3.4 robust sigmas past the $99,931,253 limit."
A_level,Lao People's Democratic Republic,2024,99978896.9,57412168.385000005,14893084.250689976,99931252.51931003,14173028.04477001,3.003361623256475,10,beyond_limits,medium,"Lao People's Democratic Republic FY2024: disbursement of $99,978,897 is above the expected range $14,893,084 to $99,931,253 (learned from FY2010-2019, where a typical year was $57,412,168); that is 3.0 robust sigmas past the $99,931,253 limit."
A_level,Lao People's Democratic Republic,2025,137661779.2,57412168.385000005,14893084.250689976,99931252.51931003,14173028.04477001,5.662135893720531,10,beyond_limits,high,"Lao People's Democratic Republic FY2025: disbursement of $137,661,779 is above the expected range $14,893,084 to $99,931,253 (learned from FY2010-2019, where a typical year was $57,412,168); that is 5.7 robust sigmas past the $99,931,253 limit."
A_level,Lao People's Democratic Republic,2026,131458417.5,57412168.385000005,14893084.250689976,99931252.51931003,14173028.04477001,5.224448077087084,10,beyond_limits,high,"Lao People's Democratic Republic FY2026: disbursement of $131,458,418 is above the expected range $14,893,084 to $99,931,253 (learned from FY2010-2019, where a typical year was $57,412,168); that is 5.2 robust sigmas past the $99,931,253 limit."
A_level,Lesotho,2020,45694162.86,24176892.15,0.0,75661244.66647798,17161450.838825997,1.2538141974173544,10,sustained_shift,medium,"Lesotho FY2020: no single year breaks a control limit, but this is part of a run of 8+ consecutive years above the historical typical disbursement of $24,176,892 - the level has shifted rather than spiked."
A_level,Lesotho,2021,35349417.42,24176892.15,0.0,75661244.66647798,17161450.838825997,0.6510245185519704,10,sustained_shift,medium,"Lesotho FY2021: no single year breaks a control limit, but this is part of a run of 8+ consecutive years above the historical typical disbursement of $24,176,892 - the level has shifted rather than spiked."
A_level,Lesotho,2022,44431912.98,24176892.15,0.0,75661244.66647798,17161450.838825997,1.1802627307112707,10,sustained_shift,medium,"Lesotho FY2022: no single year breaks a control limit, but this is part of a run of 8+ consecutive years above the historical typical disbursement of $24,176,892 - the level has shifted rather than spiked."
A_level,Lesotho,2023,47639576.24,24176892.15,0.0,75661244.66647798,17161450.838825997,1.3671736912195163,10,sustained_shift,medium,"Lesotho FY2023: no single year breaks a control limit, but this is part of a run of 8+ consecutive years above the historical typical disbursement of $24,176,892 - the level has shifted rather than spiked."
A_level,Lesotho,2024,53194984.45,24176892.15,0.0,75661244.66647798,17161450.838825997,1.6908880590881972,10,sustained_shift,medium,"Lesotho FY2024: no single year breaks a control limit, but this is part of a run of 8+ consecutive years above the historical typical disbursement of $24,176,892 - the level has shifted rather than spiked."
A_level,Lesotho,2025,75624304.08,24176892.15,0.0,75661244.66647798,17161450.838825997,2.9978474671620177,10,sustained_shift,medium,"Lesotho FY2025: no single year breaks a control limit, but this is part of a run of 8+ consecutive years above the historical typical disbursement of $24,176,892 - the level has shifted rather than spiked."
A_level,Lesotho,2026,75267218.96,24176892.15,0.0,75661244.66647798,17161450.838825997,2.9770400702027735,10,sustained_shift,medium,"Lesotho FY2026: no single year breaks a control limit, but this is part of a run of 8+ consecutive years above the historical typical disbursement of $24,176,892 - the level has shifted rather than spiked."
A_level,Liberia,2020,134637493.3,73586299.84,0.0,206624368.870972,44346023.010324,1.3767005317655419,10,sustained_shift,medium,"Liberia FY2020: no single year breaks a control limit, but this is part of a run of 8+ consecutive years above the historical typical disbursement of $73,586,300 - the level has shifted rather than spiked."
A_level,Liberia,2021,96054066.73,73586299.84,0.0,206624368.870972,44346023.010324,0.5066467151917857,10,sustained_shift,medium,"Liberia FY2021: no single year breaks a control limit, but this is part of a run of 8+ consecutive years above the historical typical disbursement of $73,586,300 - the level has shifted rather than spiked."
A_level,Liberia,2022,144466999.1,73586299.84,0.0,206624368.870972,44346023.010324,1.5983552627368314,10,sustained_shift,medium,"Liberia FY2022: no single year breaks a control limit, but this is part of a run of 8+ consecutive years above the historical typical disbursement of $73,586,300 - the level has shifted rather than spiked."
A_level,Liberia,2023,143409189.4,73586299.84,0.0,206624368.870972,44346023.010324,1.5745017212421697,10,sustained_shift,medium,"Liberia FY2023: no single year breaks a control limit, but this is part of a run of 8+ consecutive years above the historical typical disbursement of $73,586,300 - the level has shifted rather than spiked."
A_level,Liberia,2024,188459986.4,73586299.84,0.0,206624368.870972,44346023.010324,2.5903943299099623,10,sustained_shift,medium,"Liberia FY2024: no single year breaks a control limit, but this is part of a run of 8+ consecutive years above the historical typical disbursement of $73,586,300 - the level has shifted rather than spiked."
A_level,Liberia,2025,174073525.9,73586299.84,0.0,206624368.870972,44346023.010324,2.2659805601193597,10,sustained_shift,medium,"Liberia FY2025: no single year breaks a control limit, but this is part of a run of 8+ consecutive years above the historical typical disbursement of $73,586,300 - the level has shifted rather than spiked."
A_level,Liberia,2026,122387912.9,73586299.84,0.0,206624368.870972,44346023.010324,1.1004732723978137,10,sustained_shift,medium,"Liberia FY2026: no single year breaks a control limit, but this is part of a run of 8+ consecutive years above the historical typical disbursement of $73,586,300 - the level has shifted rather than spiked."
A_level,Madagascar,2020,355473589.7,102565118.42,0.0,276685653.890546,58040178.490182,4.357472321053969,10,beyond_limits,medium,"Madagascar FY2020: disbursement of $355,473,590 is above the expected range $0 to $276,685,654 (learned from FY2010-2019, where a typical year was $102,565,118); that is 4.4 robust sigmas past the $276,685,654 limit."
A_level,Madagascar,2021,327627821.3,102565118.42,0.0,276685653.890546,58040178.490182,3.8777052161903898,10,beyond_limits,medium,"Madagascar FY2021: disbursement of $327,627,821 is above the expected range $0 to $276,685,654 (learned from FY2010-2019, where a typical year was $102,565,118); that is 3.9 robust sigmas past the $276,685,654 limit."
A_level,Madagascar,2022,351476670.8,102565118.42,0.0,276685653.890546,58040178.490182,4.28860763104141,10,beyond_limits,medium,"Madagascar FY2022: disbursement of $351,476,671 is above the expected range $0 to $276,685,654 (learned from FY2010-2019, where a typical year was $102,565,118); that is 4.3 robust sigmas past the $276,685,654 limit."
A_level,Madagascar,2023,452003948.3,102565118.42,0.0,276685653.890546,58040178.490182,6.02063672045927,10,beyond_limits,high,"Madagascar FY2023: disbursement of $452,003,948 is above the expected range $0 to $276,685,654 (learned from FY2010-2019, where a typical year was $102,565,118); that is 6.0 robust sigmas past the $276,685,654 limit."
A_level,Madagascar,2024,631138639.2,102565118.42,0.0,276685653.890546,58040178.490182,9.107027830202362,10,beyond_limits,high,"Madagascar FY2024: disbursement of $631,138,639 is above the expected range $0 to $276,685,654 (learned from FY2010-2019, where a typical year was $102,565,118); that is 9.1 robust sigmas past the $276,685,654 limit."
A_level,Madagascar,2025,488446100.3,102565118.42,0.0,276685653.890546,58040178.490182,6.648514734414111,10,beyond_limits,high,"Madagascar FY2025: disbursement of $488,446,100 is above the expected range $0 to $276,685,654 (learned from FY2010-2019, where a typical year was $102,565,118); that is 6.6 robust sigmas past the $276,685,654 limit."
A_level,Madagascar,2026,763486841.3,102565118.42,0.0,276685653.890546,58040178.490182,11.387313755277315,10,beyond_limits,high,"Madagascar FY2026: disbursement of $763,486,841 is above the expected range $0 to $276,685,654 (learned from FY2010-2019, where a typical year was $102,565,118); that is 11.4 robust sigmas past the $276,685,654 limit."
A_level,Malawi,2020,127777782.8,167663464.65,0.0,397818060.27480006,76718198.5416,-0.5198985717628943,10,,,
A_level,Malawi,2021,199917041.9,167663464.65,0.0,397818060.27480006,76718198.5416,0.420416248857964,10,,,
A_level,Malawi,2022,338152502.2,167663464.65,0.0,397818060.27480006,76718198.5416,2.222276341089439,10,,,
A_level,Malawi,2023,490021933.3,167663464.65,0.0,397818060.27480006,76718198.5416,4.2018513830874555,10,beyond_limits,medium,"Malawi FY2023: disbursement of $490,021,933 is above the expected range $0 to $397,818,060 (learned from FY2010-2019, where a typical year was $167,663,465); that is 4.2 robust sigmas past the $397,818,060 limit."
A_level,Malawi,2024,630884030.8,167663464.65,0.0,397818060.27480006,76718198.5416,6.037948947651857,10,beyond_limits,high,"Malawi FY2024: disbursement of $630,884,031 is above the expected range $0 to $397,818,060 (learned from FY2010-2019, where a typical year was $167,663,465); that is 6.0 robust sigmas past the $397,818,060 limit."
A_level,Malawi,2025,511029852.0,167663464.65,0.0,397818060.27480006,76718198.5416,4.475683656255453,10,beyond_limits,medium,"Malawi FY2025: disbursement of $511,029,852 is above the expected range $0 to $397,818,060 (learned from FY2010-2019, where a typical year was $167,663,465); that is 4.5 robust sigmas past the $397,818,060 limit."
A_level,Malawi,2026,362139406.4,167663464.65,0.0,397818060.27480006,76718198.5416,2.5349388469353396,10,,,
A_level,Maldives,2020,39682817.75,6031697.390000001,0.0,17504279.276822,3824193.962274,8.799532840638099,10,beyond_limits,high,"Maldives FY2020: disbursement of $39,682,818 is above the expected range $0 to $17,504,279 (learned from FY2010-2019, where a typical year was $6,031,697); that is 8.8 robust sigmas past the $17,504,279 limit."
A_level,Maldives,2021,39243277.38,6031697.390000001,0.0,17504279.276822,3824193.962274,8.684596105123086,10,beyond_limits,high,"Maldives FY2021: disbursement of $39,243,277 is above the expected range $0 to $17,504,279 (learned from FY2010-2019, where a typical year was $6,031,697); that is 8.7 robust sigmas past the $17,504,279 limit."
A_level,Maldives,2022,16647005.79,6031697.390000001,0.0,17504279.276822,3824193.962274,2.7758289733002357,10,,,
A_level,Maldives,2023,12712924.0,6031697.390000001,0.0,17504279.276822,3824193.962274,1.7470940741789958,10,,,
A_level,Maldives,2024,17541963.91,6031697.390000001,0.0,17504279.276822,3824193.962274,3.0098542682588176,10,beyond_limits,medium,"Maldives FY2024: disbursement of $17,541,964 is above the expected range $0 to $17,504,279 (learned from FY2010-2019, where a typical year was $6,031,697); that is 3.0 robust sigmas past the $17,504,279 limit."
A_level,Maldives,2025,8365256.95,6031697.390000001,0.0,17504279.276822,3824193.962274,0.6102095194492654,10,,,
A_level,Maldives,2026,48126116.85,6031697.390000001,0.0,17504279.276822,3824193.962274,11.007396558664398,10,beyond_limits,high,"Maldives FY2026: disbursement of $48,126,117 is above the expected range $0 to $17,504,279 (learned from FY2010-2019, where a typical year was $6,031,697); that is 11.0 robust sigmas past the $17,504,279 limit."
A_level,Mali,2020,420931189.5,160424323.7,6734081.108029962,314114566.29197,51230080.86399001,5.0850371775054555,10,beyond_limits,high,"Mali FY2020: disbursement of $420,931,190 is above the expected range $6,734,081 to $314,114,566 (learned from FY2010-2019, where a typical year was $160,424,324); that is 5.1 robust sigmas past the $314,114,566 limit."
A_level,Mali,2021,219171653.6,160424323.7,6734081.108029962,314114566.29197,51230080.86399001,1.14673506091016,10,,,
A_level,Mali,2022,135372339.5,160424323.7,6734081.108029962,314114566.29197,51230080.86399001,-0.48900926521100235,10,,,
A_level,Mali,2023,286953917.8,160424323.7,6734081.108029962,314114566.29197,51230080.86399001,2.4698300679228202,10,,,
A_level,Mali,2024,252210395.6,160424323.7,6734081.108029962,314114566.29197,51230080.86399001,1.791644095657032,10,,,
A_level,Mali,2025,271121548.1,160424323.7,6734081.108029962,314114566.29197,51230080.86399001,2.160785666020877,10,,,
A_level,Mali,2026,326683356.7,160424323.7,6734081.108029962,314114566.29197,51230080.86399001,3.2453400462396043,10,beyond_limits,medium,"Mali FY2026: disbursement of $326,683,357 is above the expected range $6,734,081 to $314,114,566 (learned from FY2010-2019, where a typical year was $160,424,324); that is 3.2 robust sigmas past the $314,114,566 limit."
A_level,Mauritania,2020,105278107.1,38456341.260000005,0.0,111107388.129828,24217015.623276,2.7592898678966353,10,sustained_shift,medium,"Mauritania FY2020: no single year breaks a control limit, but this is part of a run of 8+ consecutive years above the historical typical disbursement of $38,456,341 - the level has shifted rather than spiked."
A_level,Mauritania,2021,164199868.5,38456341.260000005,0.0,111107388.129828,24217015.623276,5.192362642700803,10,beyond_limits,high,"Mauritania FY2021: disbursement of $164,199,868 is above the expected range $0 to $111,107,388 (learned from FY2010-2019, where a typical year was $38,456,341); that is 5.2 robust sigmas past the $111,107,388 limit."
A_level,Mauritania,2022,126548329.4,38456341.260000005,0.0,111107388.129828,24217015.623276,3.6376071069356315,10,beyond_limits,medium,"Mauritania FY2022: disbursement of $126,548,329 is above the expected range $0 to $111,107,388 (learned from FY2010-2019, where a typical year was $38,456,341); that is 3.6 robust sigmas past the $111,107,388 limit."
A_level,Mauritania,2023,125282884.3,38456341.260000005,0.0,111107388.129828,24217015.623276,3.5853527284570657,10,beyond_limits,medium,"Mauritania FY2023: disbursement of $125,282,884 is above the expected range $0 to $111,107,388 (learned from FY2010-2019, where a typical year was $38,456,341); that is 3.6 robust sigmas past the $111,107,388 limit."
A_level,Mauritania,2024,121551434.1,38456341.260000005,0.0,111107388.129828,24217015.623276,3.4312689116050192,10,beyond_limits,medium,"Mauritania FY2024: disbursement of $121,551,434 is above the expected range $0 to $111,107,388 (learned from FY2010-2019, where a typical year was $38,456,341); that is 3.4 robust sigmas past the $111,107,388 limit."
A_level,Mauritania,2025,143747861.0,38456341.260000005,0.0,111107388.129828,24217015.623276,4.347832176265347,10,beyond_limits,medium,"Mauritania FY2025: disbursement of $143,747,861 is above the expected range $0 to $111,107,388 (learned from FY2010-2019, where a typical year was $38,456,341); that is 4.3 robust sigmas past the $111,107,388 limit."
A_level,Mauritania,2026,178586553.4,38456341.260000005,0.0,111107388.129828,24217015.623276,5.78643604645136,10,beyond_limits,high,"Mauritania FY2026: disbursement of $178,586,553 is above the expected range $0 to $111,107,388 (learned from FY2010-2019, where a typical year was $38,456,341); that is 5.8 robust sigmas past the $111,107,388 limit."
A_level,Mekong,2020,689.62,849476.77,0.0,3449665.5425800006,866729.5908600001,-0.9792986866385893,8,,,
A_level,Moldova,2020,23082432.5,44338652.349999994,0.0,106231282.94347897,20630876.864492994,-1.0303110231142552,10,,,
A_level,Moldova,2021,94671254.32,44338652.349999994,0.0,106231282.94347897,20630876.864492994,2.439673422540052,10,,,
A_level,Moldova,2022,43717410.7,44338652.349999994,0.0,106231282.94347897,20630876.864492994,-0.03011222712831882,10,,,
A_level,Moldova,2023,135382221.4,44338652.349999994,0.0,106231282.94347897,20630876.864492994,4.412976222386921,10,beyond_limits,medium,"Moldova FY2023: disbursement of $135,382,221 is above the expected range $0 to $106,231,283 (learned from FY2010-2019, where a typical year was $44,338,652); that is 4.4 robust sigmas past the $106,231,283 limit."
A_level,Moldova,2024,59127351.0,44338652.349999994,0.0,106231282.94347897,20630876.864492994,0.716823562427066,10,,,
A_level,Moldova,2025,49933670.9,44338652.349999994,0.0,106231282.94347897,20630876.864492994,0.2711963522805652,10,,,
A_level,Moldova,2026,106528243.2,44338652.349999994,0.0,106231282.94347897,20630876.864492994,3.0143939716412205,10,beyond_limits,medium,"Moldova FY2026: disbursement of $106,528,243 is above the expected range $0 to $106,231,283 (learned from FY2010-2019, where a typical year was $44,338,652); that is 3.0 robust sigmas past the $106,231,283 limit."
A_level,Mongolia,2020,116661280.6,20281904.87,0.0,55372323.01504101,11696806.048347,8.23980284289833,10,beyond_limits,high,"Mongolia FY2020: disbursement of $116,661,281 is above the expected range $0 to $55,372,323 (learned from FY2010-2019, where a typical year was $20,281,905); that is 8.2 robust sigmas past the $55,372,323 limit."
A_level,Mongolia,2021,74937268.54,20281904.87,0.0,55372323.01504101,11696806.048347,4.672674185080117,10,beyond_limits,medium,"Mongolia FY2021: disbursement of $74,937,269 is above the expected range $0 to $55,372,323 (learned from FY2010-2019, where a typical year was $20,281,905); that is 4.7 robust sigmas past the $55,372,323 limit."
A_level,Mongolia,2022,73586915.25,20281904.87,0.0,55372323.01504101,11696806.048347,4.557227858585643,10,beyond_limits,medium,"Mongolia FY2022: disbursement of $73,586,915 is above the expected range $0 to $55,372,323 (learned from FY2010-2019, where a typical year was $20,281,905); that is 4.6 robust sigmas past the $55,372,323 limit."
A_level,Mongolia,2023,41220539.39,20281904.87,0.0,55372323.01504101,11696806.048347,1.79011556090212,10,,,
A_level,Mongolia,2024,42533363.77,20281904.87,0.0,55372323.01504101,11696806.048347,1.9023534123782955,10,,,
A_level,Mongolia,2025,20274366.52,20281904.87,0.0,55372323.01504101,11696806.048347,-0.000644479353495548,10,,,
A_level,Mongolia,2026,16333575.52,20281904.87,0.0,55372323.01504101,11696806.048347,-0.33755619556998484,10,,,
A_level,Montenegro,2020,0.0,241075.99,0.0,1313333.7783219998,357419.26277399994,-0.6744907594765952,10,sustained_shift,medium,"Montenegro FY2020: no single year breaks a control limit, but this is part of a run of 8+ consecutive years below the historical typical disbursement of $241,076 - the level has shifted rather than spiked."
A_level,Montenegro,2021,0.0,241075.99,0.0,1313333.7783219998,357419.26277399994,-0.6744907594765952,10,sustained_shift,medium,"Montenegro FY2021: no single year breaks a control limit, but this is part of a run of 8+ consecutive years below the historical typical disbursement of $241,076 - the level has shifted rather than spiked."
A_level,Montenegro,2022,0.0,241075.99,0.0,1313333.7783219998,357419.26277399994,-0.6744907594765952,10,sustained_shift,medium,"Montenegro FY2022: no single year breaks a control limit, but this is part of a run of 8+ consecutive years below the historical typical disbursement of $241,076 - the level has shifted rather than spiked."
A_level,Montenegro,2023,0.0,241075.99,0.0,1313333.7783219998,357419.26277399994,-0.6744907594765952,10,sustained_shift,medium,"Montenegro FY2023: no single year breaks a control limit, but this is part of a run of 8+ consecutive years below the historical typical disbursement of $241,076 - the level has shifted rather than spiked."
A_level,Montenegro,2024,0.0,241075.99,0.0,1313333.7783219998,357419.26277399994,-0.6744907594765952,10,sustained_shift,medium,"Montenegro FY2024: no single year breaks a control limit, but this is part of a run of 8+ consecutive years below the historical typical disbursement of $241,076 - the level has shifted rather than spiked."
A_level,Montenegro,2025,0.0,241075.99,0.0,1313333.7783219998,357419.26277399994,-0.6744907594765952,10,sustained_shift,medium,"Montenegro FY2025: no single year breaks a control limit, but this is part of a run of 8+ consecutive years below the historical typical disbursement of $241,076 - the level has shifted rather than spiked."
A_level,Montenegro,2026,0.0,241075.99,0.0,1313333.7783219998,357419.26277399994,-0.6744907594765952,10,sustained_shift,medium,"Montenegro FY2026: no single year breaks a control limit, but this is part of a run of 8+ consecutive years below the historical typical disbursement of $241,076 - the level has shifted rather than spiked."
A_level,Mozambique,2020,340989915.4,246160548.39999998,46058962.790830076,446262134.0091699,66700528.53638996,1.4217183743643609,10,sustained_shift,medium,"Mozambique FY2020: no single year breaks a control limit, but this is part of a run of 8+ consecutive years above the historical typical disbursement of $246,160,548 - the level has shifted rather than spiked."
A_level,Mozambique,2021,531212472.7,246160548.39999998,46058962.790830076,446262134.0091699,66700528.53638996,4.27360817904889,10,beyond_limits,medium,"Mozambique FY2021: disbursement of $531,212,473 is above the expected range $46,058,963 to $446,262,134 (learned from FY2010-2019, where a typical year was $246,160,548); that is 4.3 robust sigmas past the $446,262,134 limit."
A_level,Mozambique,2022,577824096.1,246160548.39999998,46058962.790830076,446262134.0091699,66700528.53638996,4.972427580076125,10,beyond_limits,medium,"Mozambique FY2022: disbursement of $577,824,096 is above the expected range $46,058,963 to $446,262,134 (learned from FY2010-2019, where a typical year was $246,160,548); that is 5.0 robust sigmas past the $446,262,134 limit."
A_level,Mozambique,2023,945997692.1,246160548.39999998,46058962.790830076,446262134.0091699,66700528.53638996,10.492227858707121,10,beyond_limits,high,"Mozambique FY2023: disbursement of $945,997,692 is above the expected range $46,058,963 to $446,262,134 (learned from FY2010-2019, where a typical year was $246,160,548); that is 10.5 robust sigmas past the $446,262,134 limit."
A_level,Mozambique,2024,1182280745.0,246160548.39999998,46058962.790830076,446262134.0091699,66700528.53638996,14.034674344286174,10,beyond_limits,high,"Mozambique FY2024: disbursement of $1,182,280,745 is above the expected range $46,058,963 to $446,262,134 (learned from FY2010-2019, where a typical year was $246,160,548); that is 14.0 robust sigmas past the $446,262,134 limit."
A_level,Mozambique,2025,759310454.0,246160548.39999998,46058962.790830076,446262134.0091699,66700528.53638996,7.693340920380258,10,beyond_limits,high,"Mozambique FY2025: disbursement of $759,310,454 is above the expected range $46,058,963 to $446,262,134 (learned from FY2010-2019, where a typical year was $246,160,548); that is 7.7 robust sigmas past the $446,262,134 limit."
A_level,Mozambique,2026,949113384.8,246160548.39999998,46058962.790830076,446262134.0091699,66700528.53638996,10.538939523042735,10,beyond_limits,high,"Mozambique FY2026: disbursement of $949,113,385 is above the expected range $46,058,963 to $446,262,134 (learned from FY2010-2019, where a typical year was $246,160,548); that is 10.5 robust sigmas past the $446,262,134 limit."
A_level,Nepal,2020,448392325.6,244909555.25,1924736.7816500068,487894373.71835,80994939.48945,2.5122899236995506,10,sustained_shift,medium,"Nepal FY2020: no single year breaks a control limit, but this is part of a run of 8+ consecutive years above the historical typical disbursement of $244,909,555 - the level has shifted rather than spiked."
A_level,Nepal,2021,817632928.0,244909555.25,1924736.7816500068,487894373.71835,80994939.48945,7.071100692958727,10,beyond_limits,high,"Nepal FY2021: disbursement of $817,632,928 is above the expected range $1,924,737 to $487,894,374 (learned from FY2010-2019, where a typical year was $244,909,555); that is 7.1 robust sigmas past the $487,894,374 limit."
A_level,Nepal,2022,456961240.3,244909555.25,1924736.7816500068,487894373.71835,80994939.48945,2.6180856037014615,10,sustained_shift,medium,"Nepal FY2022: no single year breaks a control limit, but this is part of a run of 8+ consecutive years above the historical typical disbursement of $244,909,555 - the level has shifted rather than spiked."
A_level,Nepal,2023,365897638.3,244909555.25,1924736.7816500068,487894373.71835,80994939.48945,1.4937733618007003,10,sustained_shift,medium,"Nepal FY2023: no single year breaks a control limit, but this is part of a run of 8+ consecutive years above the historical typical disbursement of $244,909,555 - the level has shifted rather than spiked."
A_level,Nepal,2024,268524588.7,244909555.25,1924736.7816500068,487894373.71835,80994939.48945,0.29156183829331667,10,sustained_shift,medium,"Nepal FY2024: no single year breaks a control limit, but this is part of a run of 8+ consecutive years above the historical typical disbursement of $244,909,555 - the level has shifted rather than spiked."
A_level,Nepal,2025,519162995.9,244909555.25,1924736.7816500068,487894373.71835,80994939.48945,3.3860564916617153,10,beyond_limits,medium,"Nepal FY2025: disbursement of $519,162,996 is above the expected range $1,924,737 to $487,894,374 (learned from FY2010-2019, where a typical year was $244,909,555); that is 3.4 robust sigmas past the $487,894,374 limit."
A_level,Nepal,2026,203875555.6,244909555.25,1924736.7816500068,487894373.71835,80994939.48945,-0.506624239843341,10,,,
A_level,Nicaragua,2020,78417903.15,61514671.825,22859488.957510002,100169854.69249001,12885060.95583,1.311847214611114,10,,,
A_level,Nicaragua,2021,98415463.67,61514671.825,22859488.957510002,100169854.69249001,12885060.95583,2.863843017234916,10,,,
A_level,Nicaragua,2022,105310012.6,61514671.825,22859488.957510002,100169854.69249001,12885060.95583,3.3989238331995835,10,beyond_limits,medium,"Nicaragua FY2022: disbursement of $105,310,013 is above the expected range $22,859,489 to $100,169,855 (learned from FY2010-2019, where a typical year was $61,514,672); that is 3.4 robust sigmas past the $100,169,855 limit."
A_level,Nicaragua,2023,63754021.0,61514671.825,22859488.957510002,100169854.69249001,12885060.95583,0.1737942243871789,10,,,
A_level,Nicaragua,2024,79629355.35,61514671.825,22859488.957510002,100169854.69249001,12885060.95583,1.4058671190689078,10,,,
A_level,Nicaragua,2025,29532379.97,61514671.825,22859488.957510002,100169854.69249001,12885060.95583,-2.4821218901979063,10,,,
A_level,Nicaragua,2026,-11139664.39,61514671.825,22859488.957510002,100169854.69249001,12885060.95583,-5.638649010979392,10,beyond_limits,high,"Nicaragua FY2026: disbursement of $-11,139,664 is below the expected range $22,859,489 to $100,169,855 (learned from FY2010-2019, where a typical year was $61,514,672); that is 5.6 robust sigmas past the $22,859,489 limit."
A_level,Niger,2020,519570899.2,148193009.25,0.0,378238661.35115993,76681884.03371997,4.8430981401903335,10,beyond_limits,medium,"Niger FY2020: disbursement of $519,570,899 is above the expected range $0 to $378,238,661 (learned from FY2010-2019, where a typical year was $148,193,009); that is 4.8 robust sigmas past the $378,238,661 limit."
A_level,Niger,2021,552802748.6,148193009.25,0.0,378238661.35115993,76681884.03371997,5.276471026351903,10,beyond_limits,high,"Niger FY2021: disbursement of $552,802,749 is above the expected range $0 to $378,238,661 (learned from FY2010-2019, where a typical year was $148,193,009); that is 5.3 robust sigmas past the $378,238,661 limit."
A_level,Niger,2022,545711408.8,148193009.25,0.0,378238661.35115993,76681884.03371997,5.183993645424724,10,beyond_limits,high,"Niger FY2022: disbursement of $545,711,409 is above the expected range $0 to $378,238,661 (learned from FY2010-2019, where a typical year was $148,193,009); that is 5.2 robust sigmas past the $378,238,661 limit."
A_level,Niger,2023,782326976.2,148193009.25,0.0,378238661.35115993,76681884.03371997,8.26967118688877,10,beyond_limits,high,"Niger FY2023: disbursement of $782,326,976 is above the expected range $0 to $378,238,661 (learned from FY2010-2019, where a typical year was $148,193,009); that is 8.3 robust sigmas past the $378,238,661 limit."
A_level,Niger,2024,148350553.1,148193009.25,0.0,378238661.35115993,76681884.03371997,0.00205451198787338,10,sustained_shift,medium,"Niger FY2024: no single year breaks a control limit, but this is part of a run of 8+ consecutive years above the historical typical disbursement of $148,193,009 - the level has shifted rather than spiked."
A_level,Niger,2025,620742935.8,148193009.25,0.0,378238661.35115993,76681884.03371997,6.162471521203125,10,beyond_limits,high,"Niger FY2025: disbursement of $620,742,936 is above the expected range $0 to $378,238,661 (learned from FY2010-2019, where a typical year was $148,193,009); that is 6.2 robust sigmas past the $378,238,661 limit."
A_level,Niger,2026,742359199.8,148193009.25,0.0,378238661.35115993,76681884.03371997,7.748455818961389,10,beyond_limits,high,"Niger FY2026: disbursement of $742,359,200 is above the expected range $0 to $378,238,661 (learned from FY2010-2019, where a typical year was $148,193,009); that is 7.7 robust sigmas past the $378,238,661 limit."
A_level,Nigeria,2020,989880048.7,819493219.3499999,289524142.56473947,1349462296.1352603,176656358.92842016,0.96451002603897,10,sustained_shift,medium,"Nigeria FY2020: no single year breaks a control limit, but this is part of a run of 8+ consecutive years above the historical typical disbursement of $819,493,219 - the level has shifted rather than spiked."
A_level,Nigeria,2021,1390573158.0,819493219.3499999,289524142.56473947,1349462296.1352603,176656358.92842016,3.232716569695617,10,beyond_limits,medium,"Nigeria FY2021: disbursement of $1,390,573,158 is above the expected range $289,524,143 to $1,349,462,296 (learned from FY2010-2019, where a typical year was $819,493,219); that is 3.2 robust sigmas past the $1,349,462,296 limit."
A_level,Nigeria,2022,2166472224.0,819493219.3499999,289524142.56473947,1349462296.1352603,176656358.92842016,7.624854337656681,10,beyond_limits,high,"Nigeria FY2022: disbursement of $2,166,472,224 is above the expected range $289,524,143 to $1,349,462,296 (learned from FY2010-2019, where a typical year was $819,493,219); that is 7.6 robust sigmas past the $1,349,462,296 limit."
A_level,Nigeria,2023,1829965033.0,819493219.3499999,289524142.56473947,1349462296.1352603,176656358.92842016,5.719985511868473,10,beyond_limits,high,"Nigeria FY2023: disbursement of $1,829,965,033 is above the expected range $289,524,143 to $1,349,462,296 (learned from FY2010-2019, where a typical year was $819,493,219); that is 5.7 robust sigmas past the $1,349,462,296 limit."
A_level,Nigeria,2024,2848772371.0,819493219.3499999,289524142.56473947,1349462296.1352603,176656358.92842016,11.487155990078167,10,beyond_limits,high,"Nigeria FY2024: disbursement of $2,848,772,371 is above the expected range $289,524,143 to $1,349,462,296 (learned from FY2010-2019, where a typical year was $819,493,219); that is 11.5 robust sigmas past the $1,349,462,296 limit."
A_level,Nigeria,2025,1437381873.0,819493219.3499999,289524142.56473947,1349462296.1352603,176656358.92842016,3.4976870201449355,10,beyond_limits,medium,"Nigeria FY2025: disbursement of $1,437,381,873 is above the expected range $289,524,143 to $1,349,462,296 (learned from FY2010-2019, where a typical year was $819,493,219); that is 3.5 robust sigmas past the $1,349,462,296 limit."
A_level,Nigeria,2026,1758257037.0,819493219.3499999,289524142.56473947,1349462296.1352603,176656358.92842016,5.314067511322252,10,beyond_limits,high,"Nigeria FY2026: disbursement of $1,758,257,037 is above the expected range $289,524,143 to $1,349,462,296 (learned from FY2010-2019, where a typical year was $819,493,219); that is 5.3 robust sigmas past the $1,349,462,296 limit."
A_level,Pakistan,2020,1179136043.0,680802437.15,0.0,1471532179.4875698,263576580.77918994,1.8906596495668053,10,,,
A_level,Pakistan,2021,1558856391.0,680802437.15,0.0,1471532179.4875698,263576580.77918994,3.3313048953525413,10,beyond_limits,medium,"Pakistan FY2021: disbursement of $1,558,856,391 is above the expected range $0 to $1,471,532,179 (learned from FY2010-2019, where a typical year was $680,802,437); that is 3.3 robust sigmas past the $1,471,532,179 limit."
A_level,Pakistan,2022,1108936273.0,680802437.15,0.0,1471532179.4875698,263576580.77918994,1.6243242650175629,10,,,
A_level,Pakistan,2023,1713500150.0,680802437.15,0.0,1471532179.4875698,263576580.77918994,3.9180177153718287,10,beyond_limits,medium,"Pakistan FY2023: disbursement of $1,713,500,150 is above the expected range $0 to $1,471,532,179 (learned from FY2010-2019, where a typical year was $680,802,437); that is 3.9 robust sigmas past the $1,471,532,179 limit."
A_level,Pakistan,2024,1914038403.0,680802437.15,0.0,1471532179.4875698,263576580.77918994,4.678852583201,10,beyond_limits,medium,"Pakistan FY2024: disbursement of $1,914,038,403 is above the expected range $0 to $1,471,532,179 (learned from FY2010-2019, where a typical year was $680,802,437); that is 4.7 robust sigmas past the $1,471,532,179 limit."
A_level,Pakistan,2025,1328628717.0,680802437.15,0.0,1471532179.4875698,263576580.77918994,2.4578294396827065,10,,,
A_level,Pakistan,2026,1498233057.0,680802437.15,0.0,1471532179.4875698,263576580.77918994,3.101302162102174,10,beyond_limits,medium,"Pakistan FY2026: disbursement of $1,498,233,057 is above the expected range $0 to $1,471,532,179 (learned from FY2010-2019, where a typical year was $680,802,437); that is 3.1 robust sigmas past the $1,471,532,179 limit."
A_level,Papua New Guinea,2020,34234610.42,26199986.33,0.0,54908784.83159301,9569599.500531003,0.8395987825356928,10,,,
A_level,Papua New Guinea,2021,15250625.39,26199986.33,0.0,54908784.83159301,9569599.500531003,-1.1441817329338009,10,,,
A_level,Papua New Guinea,2022,119981351.6,26199986.33,0.0,54908784.83159301,9569599.500531003,9.799925823938212,10,beyond_limits,high,"Papua New Guinea FY2022: disbursement of $119,981,352 is above the expected range $0 to $54,908,785 (learned from FY2010-2019, where a typical year was $26,199,986); that is 9.8 robust sigmas past the $54,908,785 limit."
A_level,Papua New Guinea,2023,33718082.56,26199986.33,0.0,54908784.83159301,9569599.500531003,0.7856228705896037,10,,,
A_level,Papua New Guinea,2024,38470901.33,26199986.33,0.0,54908784.83159301,9569599.500531003,1.2822809355103215,10,,,
A_level,Papua New Guinea,2025,58243774.7,26199986.33,0.0,54908784.83159301,9569599.500531003,3.34849837427595,10,beyond_limits,medium,"Papua New Guinea FY2025: disbursement of $58,243,775 is above the expected range $0 to $54,908,785 (learned from FY2010-2019, where a typical year was $26,199,986); that is 3.3 robust sigmas past the $54,908,785 limit."
A_level,Papua New Guinea,2026,185932611.0,26199986.33,0.0,54908784.83159301,9569599.500531003,16.691672902417356,10,beyond_limits,high,"Papua New Guinea FY2026: disbursement of $185,932,611 is above the expected range $0 to $54,908,785 (learned from FY2010-2019, where a typical year was $26,199,986); that is 16.7 robust sigmas past the $54,908,785 limit."
A_level,Rwanda,2020,445994814.3,210111077.2,0.0,469846333.8193,86578418.8731,2.724509643052506,10,sustained_shift,medium,"Rwanda FY2020: no single year breaks a control limit, but this is part of a run of 8+ consecutive years above the historical typical disbursement of $210,111,077 - the level has shifted rather than spiked."
A_level,Rwanda,2021,505133231.4,210111077.2,0.0,469846333.8193,86578418.8731,3.4075715177060557,10,beyond_limits,medium,"Rwanda FY2021: disbursement of $505,133,231 is above the expected range $0 to $469,846,334 (learned from FY2010-2019, where a typical year was $210,111,077); that is 3.4 robust sigmas past the $469,846,334 limit."
A_level,Rwanda,2022,400466518.5,210111077.2,0.0,469846333.8193,86578418.8731,2.1986476974014555,10,sustained_shift,medium,"Rwanda FY2022: no single year breaks a control limit, but this is part of a run of 8+ consecutive years above the historical typical disbursement of $210,111,077 - the level has shifted rather than spiked."
A_level,Rwanda,2023,485324004.2,210111077.2,0.0,469846333.8193,86578418.8731,3.1787705363779626,10,beyond_limits,medium,"Rwanda FY2023: disbursement of $485,324,004 is above the expected range $0 to $469,846,334 (learned from FY2010-2019, where a typical year was $210,111,077); that is 3.2 robust sigmas past the $469,846,334 limit."
A_level,Rwanda,2024,506383236.8,210111077.2,0.0,469846333.8193,86578418.8731,3.422009358177966,10,beyond_limits,medium,"Rwanda FY2024: disbursement of $506,383,237 is above the expected range $0 to $469,846,334 (learned from FY2010-2019, where a typical year was $210,111,077); that is 3.4 robust sigmas past the $469,846,334 limit."
A_level,Rwanda,2025,692105054.7,210111077.2,0.0,469846333.8193,86578418.8731,5.5671376744182615,10,beyond_limits,high,"Rwanda FY2025: disbursement of $692,105,055 is above the expected range $0 to $469,846,334 (learned from FY2010-2019, where a typical year was $210,111,077); that is 5.6 robust sigmas past the $469,846,334 limit."
A_level,Rwanda,2026,417963550.6,210111077.2,0.0,469846333.8193,86578418.8731,2.4007423109060726,10,sustained_shift,medium,"Rwanda FY2026: no single year breaks a control limit, but this is part of a run of 8+ consecutive years above the historical typical disbursement of $210,111,077 - the level has shifted rather than spiked."
A_level,Samoa,2020,29814915.83,13628667.06,0.0,55916830.113759,14096054.351253001,1.1482822332166447,10,sustained_shift,medium,"Samoa FY2020: no single year breaks a control limit, but this is part of a run of 8+ consecutive years above the historical typical disbursement of $13,628,667 - the level has shifted rather than spiked."
A_level,Samoa,2021,19133643.05,13628667.06,0.0,55916830.113759,14096054.351253001,0.39053311322616047,10,sustained_shift,medium,"Samoa FY2021: no single year breaks a control limit, but this is part of a run of 8+ consecutive years above the historical typical disbursement of $13,628,667 - the level has shifted rather than spiked."
A_level,Samoa,2022,30009233.51,13628667.06,0.0,55916830.113759,14096054.351253001,1.1620674865334872,10,sustained_shift,medium,"Samoa FY2022: no single year breaks a control limit, but this is part of a run of 8+ consecutive years above the historical typical disbursement of $13,628,667 - the level has shifted rather than spiked."
A_level,Samoa,2023,27674707.96,13628667.06,0.0,55916830.113759,14096054.351253001,0.996451953858382,10,sustained_shift,medium,"Samoa FY2023: no single year breaks a control limit, but this is part of a run of 8+ consecutive years above the historical typical disbursement of $13,628,667 - the level has shifted rather than spiked."
A_level,Samoa,2024,15201071.06,13628667.06,0.0,55916830.113759,14096054.351253001,0.11154922936716888,10,sustained_shift,medium,"Samoa FY2024: no single year breaks a control limit, but this is part of a run of 8+ consecutive years above the historical typical disbursement of $13,628,667 - the level has shifted rather than spiked."
A_level,Samoa,2025,16608030.02,13628667.06,0.0,55916830.113759,14096054.351253001,0.21136148355835213,10,sustained_shift,medium,"Samoa FY2025: no single year breaks a control limit, but this is part of a run of 8+ consecutive years above the historical typical disbursement of $13,628,667 - the level has shifted rather than spiked."
A_level,Samoa,2026,11362421.22,13628667.06,0.0,55916830.113759,14096054.351253001,-0.16077164457006743,10,,,
A_level,Sao Tome and Principe,2020,16902588.09,4348857.324999999,0.0,18776050.060080998,4809064.245026999,2.610431078765828,10,sustained_shift,medium,"Sao Tome and Principe FY2020: no single year breaks a control limit, but this is part of a run of 8+ consecutive years above the historical typical disbursement of $4,348,857 - the level has shifted rather than spiked."
A_level,Sao Tome and Principe,2021,23954601.42,4348857.324999999,0.0,18776050.060080998,4809064.245026999,4.07683139506279,10,beyond_limits,medium,"Sao Tome and Principe FY2021: disbursement of $23,954,601 is above the expected range $0 to $18,776,050 (learned from FY2010-2019, where a typical year was $4,348,857); that is 4.1 robust sigmas past the $18,776,050 limit."
A_level,Sao Tome and Principe,2022,34437089.47,4348857.324999999,0.0,18776050.060080998,4809064.245026999,6.256566893676647,10,beyond_limits,high,"Sao Tome and Principe FY2022: disbursement of $34,437,089 is above the expected range $0 to $18,776,050 (learned from FY2010-2019, where a typical year was $4,348,857); that is 6.3 robust sigmas past the $18,776,050 limit."
A_level,Sao Tome and Principe,2023,21075456.43,4348857.324999999,0.0,18776050.060080998,4809064.245026999,3.478140081471524,10,beyond_limits,medium,"Sao Tome and Principe FY2023: disbursement of $21,075,456 is above the expected range $0 to $18,776,050 (learned from FY2010-2019, where a typical year was $4,348,857); that is 3.5 robust sigmas past the $18,776,050 limit."
A_level,Sao Tome and Principe,2024,42786283.37,4348857.324999999,0.0,18776050.060080998,4809064.245026999,7.99270379570157,10,beyond_limits,high,"Sao Tome and Principe FY2024: disbursement of $42,786,283 is above the expected range $0 to $18,776,050 (learned from FY2010-2019, where a typical year was $4,348,857); that is 8.0 robust sigmas past the $18,776,050 limit."
A_level,Sao Tome and Principe,2025,48098122.31,4348857.324999999,0.0,18776050.060080998,4809064.245026999,9.097251098327629,10,beyond_limits,high,"Sao Tome and Principe FY2025: disbursement of $48,098,122 is above the expected range $0 to $18,776,050 (learned from FY2010-2019, where a typical year was $4,348,857); that is 9.1 robust sigmas past the $18,776,050 limit."
A_level,Sao Tome and Principe,2026,61087298.51,4348857.324999999,0.0,18776050.060080998,4809064.245026999,11.798228988866724,10,beyond_limits,high,"Sao Tome and Principe FY2026: disbursement of $61,087,299 is above the expected range $0 to $18,776,050 (learned from FY2010-2019, where a typical year was $4,348,857); that is 11.8 robust sigmas past the $18,776,050 limit."
A_level,Senegal,2020,534347066.0,161472811.7,70138867.26197009,252806756.13802987,30444648.146009967,12.247612536421066,10,beyond_limits,high,"Senegal FY2020: disbursement of $534,347,066 is above the expected range $70,138,867 to $252,806,756 (learned from FY2010-2019, where a typical year was $161,472,812); that is 12.2 robust sigmas past the $252,806,756 limit."
A_level,Senegal,2021,318403237.9,161472811.7,70138867.26197009,252806756.13802987,30444648.146009967,5.154614546615053,10,beyond_limits,high,"Senegal FY2021: disbursement of $318,403,238 is above the expected range $70,138,867 to $252,806,756 (learned from FY2010-2019, where a typical year was $161,472,812); that is 5.2 robust sigmas past the $252,806,756 limit."
A_level,Senegal,2022,705333671.6,161472811.7,70138867.26197009,252806756.13802987,30444648.146009967,17.863923317217832,10,beyond_limits,high,"Senegal FY2022: disbursement of $705,333,672 is above the expected range $70,138,867 to $252,806,756 (learned from FY2010-2019, where a typical year was $161,472,812); that is 17.9 robust sigmas past the $252,806,756 limit."
A_level,Senegal,2023,678818228.5,161472811.7,70138867.26197009,252806756.13802987,30444648.146009967,16.99298393329609,10,beyond_limits,high,"Senegal FY2023: disbursement of $678,818,228 is above the expected range $70,138,867 to $252,806,756 (learned from FY2010-2019, where a typical year was $161,472,812); that is 17.0 robust sigmas past the $252,806,756 limit."
A_level,Senegal,2024,442067280.9,161472811.7,70138867.26197009,252806756.13802987,30444648.146009967,9.21654498532197,10,beyond_limits,high,"Senegal FY2024: disbursement of $442,067,281 is above the expected range $70,138,867 to $252,806,756 (learned from FY2010-2019, where a typical year was $161,472,812); that is 9.2 robust sigmas past the $252,806,756 limit."
A_level,Senegal,2025,269099195.8,161472811.7,70138867.26197009,252806756.13802987,30444648.146009967,3.5351495469362284,10,beyond_limits,medium,"Senegal FY2025: disbursement of $269,099,196 is above the expected range $70,138,867 to $252,806,756 (learned from FY2010-2019, where a typical year was $161,472,812); that is 3.5 robust sigmas past the $252,806,756 limit."
A_level,Senegal,2026,604097201.7,161472811.7,70138867.26197009,252806756.13802987,30444648.146009967,14.53866005864843,10,beyond_limits,high,"Senegal FY2026: disbursement of $604,097,202 is above the expected range $70,138,867 to $252,806,756 (learned from FY2010-2019, where a typical year was $161,472,812); that is 14.5 robust sigmas past the $252,806,756 limit."
A_level,Serbia,2020,0.0,1937696.57,0.0,10574614.990529,2878972.806843,-0.6730513624145076,10,sustained_shift,medium,"Serbia FY2020: no single year breaks a control limit, but this is part of a run of 8+ consecutive years below the historical typical disbursement of $1,937,697 - the level has shifted rather than spiked."
A_level,Serbia,2021,0.0,1937696.57,0.0,10574614.990529,2878972.806843,-0.6730513624145076,10,sustained_shift,medium,"Serbia FY2021: no single year breaks a control limit, but this is part of a run of 8+ consecutive years below the historical typical disbursement of $1,937,697 - the level has shifted rather than spiked."
A_level,Serbia,2022,0.0,1937696.57,0.0,10574614.990529,2878972.806843,-0.6730513624145076,10,sustained_shift,medium,"Serbia FY2022: no single year breaks a control limit, but this is part of a run of 8+ consecutive years below the historical typical disbursement of $1,937,697 - the level has shifted rather than spiked."
A_level,Serbia,2023,0.0,1937696.57,0.0,10574614.990529,2878972.806843,-0.6730513624145076,10,sustained_shift,medium,"Serbia FY2023: no single year breaks a control limit, but this is part of a run of 8+ consecutive years below the historical typical disbursement of $1,937,697 - the level has shifted rather than spiked."
A_level,Serbia,2024,0.0,1937696.57,0.0,10574614.990529,2878972.806843,-0.6730513624145076,10,sustained_shift,medium,"Serbia FY2024: no single year breaks a control limit, but this is part of a run of 8+ consecutive years below the historical typical disbursement of $1,937,697 - the level has shifted rather than spiked."
A_level,Serbia,2025,0.0,1937696.57,0.0,10574614.990529,2878972.806843,-0.6730513624145076,10,sustained_shift,medium,"Serbia FY2025: no single year breaks a control limit, but this is part of a run of 8+ consecutive years below the historical typical disbursement of $1,937,697 - the level has shifted rather than spiked."
A_level,Serbia,2026,0.0,1937696.57,0.0,10574614.990529,2878972.806843,-0.6730513624145076,10,sustained_shift,medium,"Serbia FY2026: no single year breaks a control limit, but this is part of a run of 8+ consecutive years below the historical typical disbursement of $1,937,697 - the level has shifted rather than spiked."
A_level,Sierra Leone,2020,98000185.43,60153242.055,0.0,135098761.300107,24981839.748369005,1.5149782304352077,10,sustained_shift,medium,"Sierra Leone FY2020: no single year breaks a control limit, but this is part of a run of 8+ consecutive years above the historical typical disbursement of $60,153,242 - the level has shifted rather than spiked."
A_level,Sierra Leone,2021,234910175.6,60153242.055,0.0,135098761.300107,24981839.748369005,6.995358840871973,10,beyond_limits,high,"Sierra Leone FY2021: disbursement of $234,910,176 is above the expected range $0 to $135,098,761 (learned from FY2010-2019, where a typical year was $60,153,242); that is 7.0 robust sigmas past the $135,098,761 limit."
A_level,Sierra Leone,2022,167971247.0,60153242.055,0.0,135098761.300107,24981839.748369005,4.315855278514431,10,beyond_limits,medium,"Sierra Leone FY2022: disbursement of $167,971,247 is above the expected range $0 to $135,098,761 (learned from FY2010-2019, where a typical year was $60,153,242); that is 4.3 robust sigmas past the $135,098,761 limit."
A_level,Sierra Leone,2023,239611135.1,60153242.055,0.0,135098761.300107,24981839.748369005,7.183533913138495,10,beyond_limits,high,"Sierra Leone FY2023: disbursement of $239,611,135 is above the expected range $0 to $135,098,761 (learned from FY2010-2019, where a typical year was $60,153,242); that is 7.2 robust sigmas past the $135,098,761 limit."
A_level,Sierra Leone,2024,186938555.3,60153242.055,0.0,135098761.300107,24981839.748369005,5.075099132892223,10,beyond_limits,high,"Sierra Leone FY2024: disbursement of $186,938,555 is above the expected range $0 to $135,098,761 (learned from FY2010-2019, where a typical year was $60,153,242); that is 5.1 robust sigmas past the $135,098,761 limit."
A_level,Sierra Leone,2025,188166155.0,60153242.055,0.0,135098761.300107,24981839.748369005,5.124238816452964,10,beyond_limits,high,"Sierra Leone FY2025: disbursement of $188,166,155 is above the expected range $0 to $135,098,761 (learned from FY2010-2019, where a typical year was $60,153,242); that is 5.1 robust sigmas past the $135,098,761 limit."
A_level,Sierra Leone,2026,124063836.4,60153242.055,0.0,135098761.300107,24981839.748369005,2.5582821356930907,10,sustained_shift,medium,"Sierra Leone FY2026: no single year breaks a control limit, but this is part of a run of 8+ consecutive years above the historical typical disbursement of $60,153,242 - the level has shifted rather than spiked."
A_level,Solomon Islands,2020,26706239.0,5711163.215,0.0,13842572.508518,2710469.7645059996,7.7459177224308515,10,beyond_limits,high,"Solomon Islands FY2020: disbursement of $26,706,239 is above the expected range $0 to $13,842,573 (learned from FY2010-2019, where a typical year was $5,711,163); that is 7.7 robust sigmas past the $13,842,573 limit."
A_level,Solomon Islands,2021,18432064.58,5711163.215,0.0,13842572.508518,2710469.7645059996,4.693245994322488,10,beyond_limits,medium,"Solomon Islands FY2021: disbursement of $18,432,065 is above the expected range $0 to $13,842,573 (learned from FY2010-2019, where a typical year was $5,711,163); that is 4.7 robust sigmas past the $13,842,573 limit."
A_level,Solomon Islands,2022,28336194.49,5711163.215,0.0,13842572.508518,2710469.7645059996,8.347273070992383,10,beyond_limits,high,"Solomon Islands FY2022: disbursement of $28,336,194 is above the expected range $0 to $13,842,573 (learned from FY2010-2019, where a typical year was $5,711,163); that is 8.3 robust sigmas past the $13,842,573 limit."
A_level,Solomon Islands,2023,53832807.84,5711163.215,0.0,13842572.508518,2710469.7645059996,17.753986875323243,10,beyond_limits,high,"Solomon Islands FY2023: disbursement of $53,832,808 is above the expected range $0 to $13,842,573 (learned from FY2010-2019, where a typical year was $5,711,163); that is 17.8 robust sigmas past the $13,842,573 limit."
A_level,Solomon Islands,2024,58330957.66,5711163.215,0.0,13842572.508518,2710469.7645059996,19.413533083476505,10,beyond_limits,high,"Solomon Islands FY2024: disbursement of $58,330,958 is above the expected range $0 to $13,842,573 (learned from FY2010-2019, where a typical year was $5,711,163); that is 19.4 robust sigmas past the $13,842,573 limit."
A_level,Solomon Islands,2025,69473286.84,5711163.215,0.0,13842572.508518,2710469.7645059996,23.52438107223124,10,beyond_limits,high,"Solomon Islands FY2025: disbursement of $69,473,287 is above the expected range $0 to $13,842,573 (learned from FY2010-2019, where a typical year was $5,711,163); that is 23.5 robust sigmas past the $13,842,573 limit."
A_level,Solomon Islands,2026,85030826.72,5711163.215,0.0,13842572.508518,2710469.7645059996,29.264175732082556,10,beyond_limits,high,"Solomon Islands FY2026: disbursement of $85,030,827 is above the expected range $0 to $13,842,573 (learned from FY2010-2019, where a typical year was $5,711,163); that is 29.3 robust sigmas past the $13,842,573 limit."
A_level,Sri Lanka,2020,187301318.8,182704085.2,39427081.56099993,325981088.83900005,47759001.21300002,0.0962589979530111,10,,,
A_level,Sri Lanka,2021,282448196.6,182704085.2,39427081.56099993,325981088.83900005,47759001.21300002,2.0884882193233483,10,,,
A_level,Sri Lanka,2022,194314670.7,182704085.2,39427081.56099993,325981088.83900005,47759001.21300002,0.24310779549635123,10,,,
A_level,Sri Lanka,2023,337813762.9,182704085.2,39427081.56099993,325981088.83900005,47759001.21300002,3.2477579882424146,10,beyond_limits,medium,"Sri Lanka FY2023: disbursement of $337,813,763 is above the expected range $39,427,082 to $325,981,089 (learned from FY2010-2019, where a typical year was $182,704,085); that is 3.2 robust sigmas past the $325,981,089 limit."
A_level,Sri Lanka,2024,431822046.8,182704085.2,39427081.56099993,325981088.83900005,47759001.21300002,5.216146805268407,10,beyond_limits,high,"Sri Lanka FY2024: disbursement of $431,822,047 is above the expected range $39,427,082 to $325,981,089 (learned from FY2010-2019, where a typical year was $182,704,085); that is 5.2 robust sigmas past the $325,981,089 limit."
A_level,Sri Lanka,2025,390050264.3,182704085.2,39427081.56099993,325981088.83900005,47759001.21300002,4.341509952757561,10,beyond_limits,medium,"Sri Lanka FY2025: disbursement of $390,050,264 is above the expected range $39,427,082 to $325,981,089 (learned from FY2010-2019, where a typical year was $182,704,085); that is 4.3 robust sigmas past the $325,981,089 limit."
A_level,Sri Lanka,2026,156284095.2,182704085.2,39427081.56099993,325981088.83900005,47759001.21300002,-0.5531939389219988,10,,,
A_level,St. Lucia,2020,11703759.32,4078803.77,0.0,8187234.205949,1369476.811983,5.56778726246491,10,beyond_limits,high,"St. Lucia FY2020: disbursement of $11,703,759 is above the expected range $0 to $8,187,234 (learned from FY2010-2019, where a typical year was $4,078,804); that is 5.6 robust sigmas past the $8,187,234 limit."
A_level,St. Lucia,2021,43364442.6,4078803.77,0.0,8187234.205949,1369476.811983,28.686603881313232,10,beyond_limits,high,"St. Lucia FY2021: disbursement of $43,364,443 is above the expected range $0 to $8,187,234 (learned from FY2010-2019, where a typical year was $4,078,804); that is 28.7 robust sigmas past the $8,187,234 limit."
A_level,St. Lucia,2022,15763400.36,4078803.77,0.0,8187234.205949,1369476.811983,8.532160959396402,10,beyond_limits,high,"St. Lucia FY2022: disbursement of $15,763,400 is above the expected range $0 to $8,187,234 (learned from FY2010-2019, where a typical year was $4,078,804); that is 8.5 robust sigmas past the $8,187,234 limit."
A_level,St. Lucia,2023,17925870.24,4078803.77,0.0,8187234.205949,1369476.811983,10.111209148513783,10,beyond_limits,high,"St. Lucia FY2023: disbursement of $17,925,870 is above the expected range $0 to $8,187,234 (learned from FY2010-2019, where a typical year was $4,078,804); that is 10.1 robust sigmas past the $8,187,234 limit."
A_level,St. Lucia,2024,64378544.72,4078803.77,0.0,8187234.205949,1369476.811983,44.0312244956423,10,beyond_limits,high,"St. Lucia FY2024: disbursement of $64,378,545 is above the expected range $0 to $8,187,234 (learned from FY2010-2019, where a typical year was $4,078,804); that is 44.0 robust sigmas past the $8,187,234 limit."
A_level,St. Lucia,2025,19571728.38,4078803.77,0.0,8187234.205949,1369476.811983,11.31302441518982,10,beyond_limits,high,"St. Lucia FY2025: disbursement of $19,571,728 is above the expected range $0 to $8,187,234 (learned from FY2010-2019, where a typical year was $4,078,804); that is 11.3 robust sigmas past the $8,187,234 limit."
A_level,St. Lucia,2026,25492272.27,4078803.77,0.0,8187234.205949,1369476.811983,15.63624028726221,10,beyond_limits,high,"St. Lucia FY2026: disbursement of $25,492,272 is above the expected range $0 to $8,187,234 (learned from FY2010-2019, where a typical year was $4,078,804); that is 15.6 robust sigmas past the $8,187,234 limit."
A_level,St. Vincent and the Grenadines,2020,56555184.24,1612017.44,0.0,4286625.979336999,891536.179779,61.627523421000916,10,beyond_limits,high,"St. Vincent and the Grenadines FY2020: disbursement of $56,555,184 is above the expected range $0 to $4,286,626 (learned from FY2010-2019, where a typical year was $1,612,017); that is 61.6 robust sigmas past the $4,286,626 limit."
A_level,St. Vincent and the Grenadines,2021,56691144.07,1612017.44,0.0,4286625.979336999,891536.179779,61.78002405202825,10,beyond_limits,high,"St. Vincent and the Grenadines FY2021: disbursement of $56,691,144 is above the expected range $0 to $4,286,626 (learned from FY2010-2019, where a typical year was $1,612,017); that is 61.8 robust sigmas past the $4,286,626 limit."
A_level,St. Vincent and the Grenadines,2022,62164960.75,1612017.44,0.0,4286625.979336999,891536.179779,67.91978237496798,10,beyond_limits,high,"St. Vincent and the Grenadines FY2022: disbursement of $62,164,961 is above the expected range $0 to $4,286,626 (learned from FY2010-2019, where a typical year was $1,612,017); that is 67.9 robust sigmas past the $4,286,626 limit."
A_level,St. Vincent and the Grenadines,2023,17528487.14,1612017.44,0.0,4286625.979336999,891536.179779,17.852858987669443,10,beyond_limits,high,"St. Vincent and the Grenadines FY2023: disbursement of $17,528,487 is above the expected range $0 to $4,286,626 (learned from FY2010-2019, where a typical year was $1,612,017); that is 17.9 robust sigmas past the $4,286,626 limit."
A_level,St. Vincent and the Grenadines,2024,18170014.7,1612017.44,0.0,4286625.979336999,891536.179779,18.572434451403314,10,beyond_limits,high,"St. Vincent and the Grenadines FY2024: disbursement of $18,170,015 is above the expected range $0 to $4,286,626 (learned from FY2010-2019, where a typical year was $1,612,017); that is 18.6 robust sigmas past the $4,286,626 limit."
A_level,St. Vincent and the Grenadines,2025,36736939.76,1612017.44,0.0,4286625.979336999,891536.179779,39.39820179670892,10,beyond_limits,high,"St. Vincent and the Grenadines FY2025: disbursement of $36,736,940 is above the expected range $0 to $4,286,626 (learned from FY2010-2019, where a typical year was $1,612,017); that is 39.4 robust sigmas past the $4,286,626 limit."
A_level,St. Vincent and the Grenadines,2026,23655555.71,1612017.44,0.0,4286625.979336999,891536.179779,24.725343480131453,10,beyond_limits,high,"St. Vincent and the Grenadines FY2026: disbursement of $23,655,556 is above the expected range $0 to $4,286,626 (learned from FY2010-2019, where a typical year was $1,612,017); that is 24.7 robust sigmas past the $4,286,626 limit."
A_level,Tajikistan,2020,75332213.29,31734314.225,0.0,68813365.01052502,12359683.595175002,3.5274284110330982,10,beyond_limits,medium,"Tajikistan FY2020: disbursement of $75,332,213 is above the expected range $0 to $68,813,365 (learned from FY2010-2019, where a typical year was $31,734,314); that is 3.5 robust sigmas past the $68,813,365 limit."
A_level,Tajikistan,2021,133273946.9,31734314.225,0.0,68813365.01052502,12359683.595175002,8.215390943716331,10,beyond_limits,high,"Tajikistan FY2021: disbursement of $133,273,947 is above the expected range $0 to $68,813,365 (learned from FY2010-2019, where a typical year was $31,734,314); that is 8.2 robust sigmas past the $68,813,365 limit."
A_level,Tajikistan,2022,126263729.7,31734314.225,0.0,68813365.01052502,12359683.595175002,7.648206747938319,10,beyond_limits,high,"Tajikistan FY2022: disbursement of $126,263,730 is above the expected range $0 to $68,813,365 (learned from FY2010-2019, where a typical year was $31,734,314); that is 7.6 robust sigmas past the $68,813,365 limit."
A_level,Tajikistan,2023,227996136.0,31734314.225,0.0,68813365.01052502,12359683.595175002,15.879194662524945,10,beyond_limits,high,"Tajikistan FY2023: disbursement of $227,996,136 is above the expected range $0 to $68,813,365 (learned from FY2010-2019, where a typical year was $31,734,314); that is 15.9 robust sigmas past the $68,813,365 limit."
A_level,Tajikistan,2024,232815435.2,31734314.225,0.0,68813365.01052502,12359683.595175002,16.26911558265929,10,beyond_limits,high,"Tajikistan FY2024: disbursement of $232,815,435 is above the expected range $0 to $68,813,365 (learned from FY2010-2019, where a typical year was $31,734,314); that is 16.3 robust sigmas past the $68,813,365 limit."
A_level,Tajikistan,2025,229100419.9,31734314.225,0.0,68813365.01052502,12359683.595175002,15.96854030729785,10,beyond_limits,high,"Tajikistan FY2025: disbursement of $229,100,420 is above the expected range $0 to $68,813,365 (learned from FY2010-2019, where a typical year was $31,734,314); that is 16.0 robust sigmas past the $68,813,365 limit."
A_level,Tajikistan,2026,485446958.2,31734314.225,0.0,68813365.01052502,12359683.595175002,36.70908243574465,10,beyond_limits,high,"Tajikistan FY2026: disbursement of $485,446,958 is above the expected range $0 to $68,813,365 (learned from FY2010-2019, where a typical year was $31,734,314); that is 36.7 robust sigmas past the $68,813,365 limit."
A_level,Tanzania,2020,750675907.5,558376038.2,168530973.22973007,948221103.17027,129948354.99009,1.4798176499784468,10,,,
A_level,Tanzania,2021,466502351.5,558376038.2,168530973.22973007,948221103.17027,129948354.99009,-0.7070015369337029,10,,,
A_level,Tanzania,2022,836769876.8,558376038.2,168530973.22973007,948221103.17027,129948354.99009,2.1423421529362994,10,,,
A_level,Tanzania,2023,1521585063.0,558376038.2,168530973.22973007,948221103.17027,129948354.99009,7.4122448481433665,10,beyond_limits,high,"Tanzania FY2023: disbursement of $1,521,585,063 is above the expected range $168,530,973 to $948,221,103 (learned from FY2010-2019, where a typical year was $558,376,038); that is 7.4 robust sigmas past the $948,221,103 limit."
A_level,Tanzania,2024,2147398287.0,558376038.2,168530973.22973007,948221103.17027,129948354.99009,12.228105918856615,10,beyond_limits,high,"Tanzania FY2024: disbursement of $2,147,398,287 is above the expected range $168,530,973 to $948,221,103 (learned from FY2010-2019, where a typical year was $558,376,038); that is 12.2 robust sigmas past the $948,221,103 limit."
A_level,Tanzania,2025,1571236097.0,558376038.2,168530973.22973007,948221103.17027,129948354.99009,7.794327668689933,10,beyond_limits,high,"Tanzania FY2025: disbursement of $1,571,236,097 is above the expected range $168,530,973 to $948,221,103 (learned from FY2010-2019, where a typical year was $558,376,038); that is 7.8 robust sigmas past the $948,221,103 limit."
A_level,Tanzania,2026,1336377527.0,558376038.2,168530973.22973007,948221103.17027,129948354.99009,5.9870052903657855,10,beyond_limits,high,"Tanzania FY2026: disbursement of $1,336,377,527 is above the expected range $168,530,973 to $948,221,103 (learned from FY2010-2019, where a typical year was $558,376,038); that is 6.0 robust sigmas past the $948,221,103 limit."
A_level,Timor-Leste,2020,2785202.01,6700161.42,0.0,21577711.540607996,4959183.373535999,-0.7894363073750496,10,,,
A_level,Timor-Leste,2021,3673412.86,6700161.42,0.0,21577711.540607996,4959183.373535999,-0.6103320510695023,10,,,
A_level,Timor-Leste,2022,4744564.71,6700161.42,0.0,21577711.540607996,4959183.373535999,-0.39433845508431353,10,,,
A_level,Timor-Leste,2023,4714684.63,6700161.42,0.0,21577711.540607996,4959183.373535999,-0.40036365676559255,10,,,
A_level,Timor-Leste,2024,5574260.32,6700161.42,0.0,21577711.540607996,4959183.373535999,-0.22703356887511283,10,,,
A_level,Timor-Leste,2025,5066410.66,6700161.42,0.0,21577711.540607996,4959183.373535999,-0.32943947358718095,10,,,
A_level,Timor-Leste,2026,9806322.08,6700161.42,0.0,21577711.540607996,4959183.373535999,0.6263451915441562,10,,,
A_level,Togo,2020,217500910.7,37187074.635000005,0.0,90175012.81332903,17662646.05944301,10.208766877746413,10,beyond_limits,high,"Togo FY2020: disbursement of $217,500,911 is above the expected range $0 to $90,175,013 (learned from FY2010-2019, where a typical year was $37,187,075); that is 10.2 robust sigmas past the $90,175,013 limit."
A_level,Togo,2021,143721594.8,37187074.635000005,0.0,90175012.81332903,17662646.05944301,6.0316285457151695,10,beyond_limits,high,"Togo FY2021: disbursement of $143,721,595 is above the expected range $0 to $90,175,013 (learned from FY2010-2019, where a typical year was $37,187,075); that is 6.0 robust sigmas past the $90,175,013 limit."
A_level,Togo,2022,177046528.2,37187074.635000005,0.0,90175012.81332903,17662646.05944301,7.918374919267927,10,beyond_limits,high,"Togo FY2022: disbursement of $177,046,528 is above the expected range $0 to $90,175,013 (learned from FY2010-2019, where a typical year was $37,187,075); that is 7.9 robust sigmas past the $90,175,013 limit."
A_level,Togo,2023,148167181.3,37187074.635000005,0.0,90175012.81332903,17662646.05944301,6.283322798379156,10,beyond_limits,high,"Togo FY2023: disbursement of $148,167,181 is above the expected range $0 to $90,175,013 (learned from FY2010-2019, where a typical year was $37,187,075); that is 6.3 robust sigmas past the $90,175,013 limit."
A_level,Togo,2024,272102993.5,37187074.635000005,0.0,90175012.81332903,17662646.05944301,13.30015435254711,10,beyond_limits,high,"Togo FY2024: disbursement of $272,102,994 is above the expected range $0 to $90,175,013 (learned from FY2010-2019, where a typical year was $37,187,075); that is 13.3 robust sigmas past the $90,175,013 limit."
A_level,Togo,2025,369800160.5,37187074.635000005,0.0,90175012.81332903,17662646.05944301,18.83144149215256,10,beyond_limits,high,"Togo FY2025: disbursement of $369,800,160 is above the expected range $0 to $90,175,013 (learned from FY2010-2019, where a typical year was $37,187,075); that is 18.8 robust sigmas past the $90,175,013 limit."
A_level,Togo,2026,317514023.7,37187074.635000005,0.0,90175012.81332903,17662646.05944301,15.871175141118131,10,beyond_limits,high,"Togo FY2026: disbursement of $317,514,024 is above the expected range $0 to $90,175,013 (learned from FY2010-2019, where a typical year was $37,187,075); that is 15.9 robust sigmas past the $90,175,013 limit."
A_level,Tonga,2020,15846898.47,12328193.559999999,0.0,30330700.087179992,6000835.509059997,0.5863691655416148,10,sustained_shift,medium,"Tonga FY2020: no single year breaks a control limit, but this is part of a run of 8+ consecutive years above the historical typical disbursement of $12,328,194 - the level has shifted rather than spiked."
A_level,Tonga,2021,49079897.67,12328193.559999999,0.0,30330700.087179992,6000835.509059997,6.124431182043345,10,beyond_limits,high,"Tonga FY2021: disbursement of $49,079,898 is above the expected range $0 to $30,330,700 (learned from FY2010-2019, where a typical year was $12,328,194); that is 6.1 robust sigmas past the $30,330,700 limit."
A_level,Tonga,2022,32403664.74,12328193.559999999,0.0,30330700.087179992,6000835.509059997,3.3454460049255252,10,beyond_limits,medium,"Tonga FY2022: disbursement of $32,403,665 is above the expected range $0 to $30,330,700 (learned from FY2010-2019, where a typical year was $12,328,194); that is 3.3 robust sigmas past the $30,330,700 limit."
A_level,Tonga,2023,28384837.61,12328193.559999999,0.0,30330700.087179992,6000835.509059997,2.675734741563546,10,sustained_shift,medium,"Tonga FY2023: no single year breaks a control limit, but this is part of a run of 8+ consecutive years above the historical typical disbursement of $12,328,194 - the level has shifted rather than spiked."
A_level,Tonga,2024,22997154.94,12328193.559999999,0.0,30330700.087179992,6000835.509059997,1.777912652978426,10,sustained_shift,medium,"Tonga FY2024: no single year breaks a control limit, but this is part of a run of 8+ consecutive years above the historical typical disbursement of $12,328,194 - the level has shifted rather than spiked."
A_level,Tonga,2025,42243236.16,12328193.559999999,0.0,30330700.087179992,6000835.509059997,4.98514624419126,10,beyond_limits,medium,"Tonga FY2025: disbursement of $42,243,236 is above the expected range $0 to $30,330,700 (learned from FY2010-2019, where a typical year was $12,328,194); that is 5.0 robust sigmas past the $30,330,700 limit."
A_level,Tonga,2026,26884134.84,12328193.559999999,0.0,30330700.087179992,6000835.509059997,2.425652437568668,10,sustained_shift,medium,"Tonga FY2026: no single year breaks a control limit, but this is part of a run of 8+ consecutive years above the historical typical disbursement of $12,328,194 - the level has shifted rather than spiked."
A_level,Tuvalu,2020,17081753.73,5182933.3,0.0,19184777.517004002,4667281.405668001,2.549411401581643,8,,,
A_level,Tuvalu,2021,6174768.92,5182933.3,0.0,19184777.517004002,4667281.405668001,0.21250821062460545,8,,,
A_level,Tuvalu,2022,11252350.24,5182933.3,0.0,19184777.517004002,4667281.405668001,1.3004180404955292,8,,,
A_level,Tuvalu,2023,3998735.87,5182933.3,0.0,19184777.517004002,4667281.405668001,-0.2537231692440693,8,,,
A_level,Tuvalu,2024,27374908.64,5182933.3,0.0,19184777.517004002,4667281.405668001,4.7547969387596405,8,beyond_limits,medium,"Tuvalu FY2024: disbursement of $27,374,909 is above the expected range $0 to $19,184,778 (learned from FY2010-2019, where a typical year was $5,182,933); that is 4.8 robust sigmas past the $19,184,778 limit."
A_level,Tuvalu,2025,41295326.91,5182933.3,0.0,19184777.517004002,4667281.405668001,7.737350819718024,8,beyond_limits,high,"Tuvalu FY2025: disbursement of $41,295,327 is above the expected range $0 to $19,184,778 (learned from FY2010-2019, where a typical year was $5,182,933); that is 7.7 robust sigmas past the $19,184,778 limit."
A_level,Tuvalu,2026,37018620.79,5182933.3,0.0,19184777.517004002,4667281.405668001,6.821034500156423,8,beyond_limits,high,"Tuvalu FY2026: disbursement of $37,018,621 is above the expected range $0 to $19,184,778 (learned from FY2010-2019, where a typical year was $5,182,933); that is 6.8 robust sigmas past the $19,184,778 limit."
A_level,Uganda,2020,330392341.7,246890754.25,39129097.87276,454652410.62724,69253885.45908,1.2057314459177677,10,sustained_shift,medium,"Uganda FY2020: no single year breaks a control limit, but this is part of a run of 8+ consecutive years above the historical typical disbursement of $246,890,754 - the level has shifted rather than spiked."
A_level,Uganda,2021,738595956.9,246890754.25,39129097.87276,454652410.62724,69253885.45908,7.1000377724731925,10,beyond_limits,high,"Uganda FY2021: disbursement of $738,595,957 is above the expected range $39,129,098 to $454,652,411 (learned from FY2010-2019, where a typical year was $246,890,754); that is 7.1 robust sigmas past the $454,652,411 limit."
A_level,Uganda,2022,549240701.4,246890754.25,39129097.87276,454652410.62724,69253885.45908,4.365819262641217,10,beyond_limits,medium,"Uganda FY2022: disbursement of $549,240,701 is above the expected range $39,129,098 to $454,652,411 (learned from FY2010-2019, where a typical year was $246,890,754); that is 4.4 robust sigmas past the $454,652,411 limit."
A_level,Uganda,2023,356740860.2,246890754.25,39129097.87276,454652410.62724,69253885.45908,1.586194120688103,10,sustained_shift,medium,"Uganda FY2023: no single year breaks a control limit, but this is part of a run of 8+ consecutive years above the historical typical disbursement of $246,890,754 - the level has shifted rather than spiked."
A_level,Uganda,2024,499845671.7,246890754.25,39129097.87276,454652410.62724,69253885.45908,3.652573653783849,10,beyond_limits,medium,"Uganda FY2024: disbursement of $499,845,672 is above the expected range $39,129,098 to $454,652,411 (learned from FY2010-2019, where a typical year was $246,890,754); that is 3.7 robust sigmas past the $454,652,411 limit."
A_level,Uganda,2025,698853294.8,246890754.25,39129097.87276,454652410.62724,69253885.45908,6.526168713191562,10,beyond_limits,high,"Uganda FY2025: disbursement of $698,853,295 is above the expected range $39,129,098 to $454,652,411 (learned from FY2010-2019, where a typical year was $246,890,754); that is 6.5 robust sigmas past the $454,652,411 limit."
A_level,Uganda,2026,709910105.1,246890754.25,39129097.87276,454652410.62724,69253885.45908,6.68582488593487,10,beyond_limits,high,"Uganda FY2026: disbursement of $709,910,105 is above the expected range $39,129,098 to $454,652,411 (learned from FY2010-2019, where a typical year was $246,890,754); that is 6.7 robust sigmas past the $454,652,411 limit."
A_level,Uzbekistan,2020,169284560.0,74390996.77000001,0.0,190685106.226546,38764703.152182,2.4479373118753935,10,sustained_shift,medium,"Uzbekistan FY2020: no single year breaks a control limit, but this is part of a run of 8+ consecutive years above the historical typical disbursement of $74,390,997 - the level has shifted rather than spiked."
A_level,Uzbekistan,2021,483052903.6,74390996.77000001,0.0,190685106.226546,38764703.152182,10.542113665250579,10,beyond_limits,high,"Uzbekistan FY2021: disbursement of $483,052,904 is above the expected range $0 to $190,685,106 (learned from FY2010-2019, where a typical year was $74,390,997); that is 10.5 robust sigmas past the $190,685,106 limit."
A_level,Uzbekistan,2022,446671842.0,74390996.77000001,0.0,190685106.226546,38764703.152182,9.60360366409887,10,beyond_limits,high,"Uzbekistan FY2022: disbursement of $446,671,842 is above the expected range $0 to $190,685,106 (learned from FY2010-2019, where a typical year was $74,390,997); that is 9.6 robust sigmas past the $190,685,106 limit."
A_level,Uzbekistan,2023,789243072.2,74390996.77000001,0.0,190685106.226546,38764703.152182,18.44079838877245,10,beyond_limits,high,"Uzbekistan FY2023: disbursement of $789,243,072 is above the expected range $0 to $190,685,106 (learned from FY2010-2019, where a typical year was $74,390,997); that is 18.4 robust sigmas past the $190,685,106 limit."
A_level,Uzbekistan,2024,700902864.5,74390996.77000001,0.0,190685106.226546,38764703.152182,16.161915783811047,10,beyond_limits,high,"Uzbekistan FY2024: disbursement of $700,902,864 is above the expected range $0 to $190,685,106 (learned from FY2010-2019, where a typical year was $74,390,997); that is 16.2 robust sigmas past the $190,685,106 limit."
A_level,Uzbekistan,2025,852866824.5,74390996.77000001,0.0,190685106.226546,38764703.152182,20.082078912712657,10,beyond_limits,high,"Uzbekistan FY2025: disbursement of $852,866,824 is above the expected range $0 to $190,685,106 (learned from FY2010-2019, where a typical year was $74,390,997); that is 20.1 robust sigmas past the $190,685,106 limit."
A_level,Uzbekistan,2026,766141576.8,74390996.77000001,0.0,190685106.226546,38764703.152182,17.844856887316638,10,beyond_limits,high,"Uzbekistan FY2026: disbursement of $766,141,577 is above the expected range $0 to $190,685,106 (learned from FY2010-2019, where a typical year was $74,390,997); that is 17.8 robust sigmas past the $190,685,106 limit."
A_level,Vietnam,2020,897497860.0,1050267616.2,96390227.42856026,2004145004.9714398,317959129.5904799,-0.48046978992791334,10,sustained_shift,medium,"Vietnam FY2020: no single year breaks a control limit, but this is part of a run of 8+ consecutive years below the historical typical disbursement of $1,050,267,616 - the level has shifted rather than spiked."
A_level,Vietnam,2021,593106612.7,1050267616.2,96390227.42856026,2004145004.9714398,317959129.5904799,-1.437798009098865,10,sustained_shift,medium,"Vietnam FY2021: no single year breaks a control limit, but this is part of a run of 8+ consecutive years below the historical typical disbursement of $1,050,267,616 - the level has shifted rather than spiked."
A_level,Vietnam,2022,690011262.7,1050267616.2,96390227.42856026,2004145004.9714398,317959129.5904799,-1.1330272351795572,10,sustained_shift,medium,"Vietnam FY2022: no single year breaks a control limit, but this is part of a run of 8+ consecutive years below the historical typical disbursement of $1,050,267,616 - the level has shifted rather than spiked."
A_level,Vietnam,2023,661412967.8,1050267616.2,96390227.42856026,2004145004.9714398,317959129.5904799,-1.222970539958488,10,sustained_shift,medium,"Vietnam FY2023: no single year breaks a control limit, but this is part of a run of 8+ consecutive years below the historical typical disbursement of $1,050,267,616 - the level has shifted rather than spiked."
A_level,Western Africa,2020,16391428.14,16113568.614999998,0.0,87783499.10079698,23889976.828598995,0.011630799267556136,10,,,
A_level,Western Africa,2021,131344931.8,16113568.614999998,0.0,87783499.10079698,23889976.828598995,4.823418792397281,10,beyond_limits,medium,"Western Africa FY2021: disbursement of $131,344,932 is above the expected range $0 to $87,783,499 (learned from FY2010-2019, where a typical year was $16,113,569); that is 4.8 robust sigmas past the $87,783,499 limit."
A_level,"Yemen, Republic of",2020,56597971.3,144776561.0,0.0,446381646.669167,100535028.55638899,-0.8770931979249561,10,,,
A_level,"Yemen, Republic of",2021,298800130.0,144776561.0,0.0,446381646.669167,100535028.55638899,1.532038844685958,10,,,
A_level,"Yemen, Republic of",2022,492935189.3,144776561.0,0.0,446381646.669167,100535028.55638899,3.4630579341281202,10,beyond_limits,medium,"Yemen, Republic of FY2022: disbursement of $492,935,189 is above the expected range $0 to $446,381,647 (learned from FY2010-2019, where a typical year was $144,776,561); that is 3.5 robust sigmas past the $446,381,647 limit."
A_level,"Yemen, Republic of",2023,495694817.7,144776561.0,0.0,446381646.669167,100535028.55638899,3.4905073558831665,10,beyond_limits,medium,"Yemen, Republic of FY2023: disbursement of $495,694,818 is above the expected range $0 to $446,381,647 (learned from FY2010-2019, where a typical year was $144,776,561); that is 3.5 robust sigmas past the $446,381,647 limit."
A_level,"Yemen, Republic of",2024,479197587.5,144776561.0,0.0,446381646.669167,100535028.55638899,3.3264130055170464,10,beyond_limits,medium,"Yemen, Republic of FY2024: disbursement of $479,197,588 is above the expected range $0 to $446,381,647 (learned from FY2010-2019, where a typical year was $144,776,561); that is 3.3 robust sigmas past the $446,381,647 limit."
A_level,"Yemen, Republic of",2025,414319162.9,144776561.0,0.0,446381646.669167,100535028.55638899,2.6810814675286685,10,,,
A_level,"Yemen, Republic of",2026,132225724.8,144776561.0,0.0,446381646.669167,100535028.55638899,-0.12484043004931736,10,,,
A_level,Zambia,2020,125500963.5,80586335.42,0.0,173912154.722324,31108606.434107997,1.4438007107497701,10,sustained_shift,medium,"Zambia FY2020: no single year breaks a control limit, but this is part of a run of 8+ consecutive years above the historical typical disbursement of $80,586,335 - the level has shifted rather than spiked."
A_level,Zambia,2021,152188009.8,80586335.42,0.0,173912154.722324,31108606.434107997,2.3016676922401365,10,sustained_shift,medium,"Zambia FY2021: no single year breaks a control limit, but this is part of a run of 8+ consecutive years above the historical typical disbursement of $80,586,335 - the level has shifted rather than spiked."
A_level,Zambia,2022,380819752.7,80586335.42,0.0,173912154.722324,31108606.434107997,9.651136829800869,10,beyond_limits,high,"Zambia FY2022: disbursement of $380,819,753 is above the expected range $0 to $173,912,155 (learned from FY2010-2019, where a typical year was $80,586,335); that is 9.7 robust sigmas past the $173,912,155 limit."
A_level,Zambia,2023,593736299.2,80586335.42,0.0,173912154.722324,31108606.434107997,16.49543398438362,10,beyond_limits,high,"Zambia FY2023: disbursement of $593,736,299 is above the expected range $0 to $173,912,155 (learned from FY2010-2019, where a typical year was $80,586,335); that is 16.5 robust sigmas past the $173,912,155 limit."
A_level,Zambia,2024,508162072.7,80586335.42,0.0,173912154.722324,31108606.434107997,13.744612385182217,10,beyond_limits,high,"Zambia FY2024: disbursement of $508,162,073 is above the expected range $0 to $173,912,155 (learned from FY2010-2019, where a typical year was $80,586,335); that is 13.7 robust sigmas past the $173,912,155 limit."
A_level,Zambia,2025,398702716.7,80586335.42,0.0,173912154.722324,31108606.434107997,10.225992667135737,10,beyond_limits,high,"Zambia FY2025: disbursement of $398,702,717 is above the expected range $0 to $173,912,155 (learned from FY2010-2019, where a typical year was $80,586,335); that is 10.2 robust sigmas past the $173,912,155 limit."
A_level,Zambia,2026,496284747.6,80586335.42,0.0,173912154.722324,31108606.434107997,13.362810483346541,10,beyond_limits,high,"Zambia FY2026: disbursement of $496,284,748 is above the expected range $0 to $173,912,155 (learned from FY2010-2019, where a typical year was $80,586,335); that is 13.4 robust sigmas past the $173,912,155 limit."
B_growth,Afghanistan,2020,0.5063472078931146,-0.05711499076590529,-2.2020371877659053,2.087807206234095,0.7149740656666667,0.7880876044554542,9,,,
B_growth,Afghanistan,2021,-0.14913619742357923,-0.05711499076590529,-2.2020371877659053,2.087807206234095,0.7149740656666667,-0.1287056567175904,9,,,
B_growth,Afghanistan,2022,-1.0280910244587853,-0.05711499076590529,-2.2020371877659053,2.087807206234095,0.7149740656666667,-1.3580576979215437,9,,,
B_growth,Afghanistan,2023,-3.172976934410284,-0.05711499076590529,-2.2020371877659053,2.087807206234095,0.7149740656666667,-4.358006944963858,9,beyond_limits,medium,"Afghanistan FY2023: year-over-year change of -96% is below the expected range -89% to +707% (learned from FY2010-2019, where a typical year was -6%); that is 4.4 robust sigmas past the -89% limit."
B_growth,Afghanistan,2024,2.6581715889363124,-0.05711499076590529,-2.2020371877659053,2.087807206234095,0.7149740656666667,3.7977413588706748,9,beyond_limits,medium,"Afghanistan FY2024: year-over-year change of +1327% is above the expected range -89% to +707% (learned from FY2010-2019, where a typical year was -6%); that is 3.8 robust sigmas past the +707% limit."
B_growth,Afghanistan,2025,0.581831072369035,-0.05711499076590529,-2.2020371877659053,2.087807206234095,0.7149740656666667,0.8936632723022825,9,,,
B_growth,Afghanistan,2026,-0.8697873420937142,-0.05711499076590529,-2.2020371877659053,2.087807206234095,0.7149740656666667,-1.1366459153592445,9,,,
B_growth,Africa,2020,0.2693830637881586,-0.09305489655518671,-0.9969754594610648,0.8108656663506913,0.30130685430195936,1.202886542966336,9,,,
B_growth,Africa,2021,-0.8437316409228554,-0.09305489655518671,-0.9969754594610648,0.8108656663506913,0.30130685430195936,-2.4914028129455237,9,,,
B_growth,Albania,2020,-0.2664069144293287,-0.3629328226953257,-1.5827619840506435,0.8568963386599922,0.4066097204517726,0.23739203322229918,9,,,
B_growth,Albania,2021,-0.4065147059657215,-0.3629328226953257,-1.5827619840506435,0.8568963386599922,0.4066097204517726,-0.1071835745145817,9,,,
B_growth,Albania,2022,-0.04506381022118312,-0.3629328226953257,-1.5827619840506435,0.8568963386599922,0.4066097204517726,0.7817545830457945,9,,,
B_growth,Albania,2023,0.0,-0.3629328226953257,-1.5827619840506435,0.8568963386599922,0.4066097204517726,0.892582750584716,9,,,
B_growth,Albania,2024,0.0,-0.3629328226953257,-1.5827619840506435,0.8568963386599922,0.4066097204517726,0.892582750584716,9,,,
B_growth,Albania,2025,0.0,-0.3629328226953257,-1.5827619840506435,0.8568963386599922,0.4066097204517726,0.892582750584716,9,,,
B_growth,Albania,2026,0.0,-0.3629328226953257,-1.5827619840506435,0.8568963386599922,0.4066097204517726,0.892582750584716,9,,,
B_growth,Angola,2020,-0.9453557209114176,-0.06315682291163119,-1.189538337905329,1.0632246920820665,0.3754605049978993,-2.3496449992915296,9,,,
B_growth,Angola,2021,-0.7346283041799921,-0.06315682291163119,-1.189538337905329,1.0632246920820665,0.3754605049978993,-1.7883944445025393,9,,,
B_growth,Angola,2022,0.1873829672967318,-0.06315682291163119,-1.189538337905329,1.0632246920820665,0.3754605049978993,0.6672866702977581,9,,,
B_growth,Angola,2023,-1.1216111088356966,-0.06315682291163119,-1.189538337905329,1.0632246920820665,0.3754605049978993,-2.8190828911019215,9,,,
B_growth,Angola,2024,0.0,-0.06315682291163119,-1.189538337905329,1.0632246920820665,0.3754605049978993,0.16821162830957295,9,,,
B_growth,Angola,2025,0.0,-0.06315682291163119,-1.189538337905329,1.0632246920820665,0.3754605049978993,0.16821162830957295,9,,,
B_growth,Angola,2026,0.0,-0.06315682291163119,-1.189538337905329,1.0632246920820665,0.3754605049978993,0.16821162830957295,9,,,
B_growth,Armenia,2020,-0.04785113574714983,-0.22589267173833788,-2.667572314544249,2.2157869710675735,0.8138932142686371,0.21875294310098878,9,,,
B_growth,Armenia,2021,0.06317665293953661,-0.22589267173833788,-2.667572314544249,2.2157869710675735,0.8138932142686371,0.35516861378139347,9,,,
B_growth,Armenia,2022,-0.601940557321392,-0.22589267173833788,-2.667572314544249,2.2157869710675735,0.8138932142686371,-0.46203590224175783,9,,,
B_growth,Armenia,2023,-0.4677956516519491,-0.22589267173833788,-2.667572314544249,2.2157869710675735,0.8138932142686371,-0.2972170988438388,9,,,
B_growth,Armenia,2024,0.09548788798768551,-0.22589267173833788,-2.667572314544249,2.2157869710675735,0.8138932142686371,0.3948682137801276,9,,,
B_growth,Armenia,2025,-1.3575281319648116,-0.22589267173833788,-2.667572314544249,2.2157869710675735,0.8138932142686371,-1.3903979544089935,9,,,
B_growth,Armenia,2026,0.0,-0.22589267173833788,-2.667572314544249,2.2157869710675735,0.8138932142686371,0.27754583497949986,9,,,
B_growth,Azerbaijan,2020,0.0,0.07303256643804977,-2.8884048794681574,3.034470012344257,0.9871458153020691,-0.07398356484518108,9,sustained_shift,medium,"Azerbaijan FY2020: no single year breaks a control limit, but this is part of a run of 8+ consecutive years below the historical typical year-over-year change of +8% - the level has shifted rather than spiked."
B_growth,Azerbaijan,2021,0.0,0.07303256643804977,-2.8884048794681574,3.034470012344257,0.9871458153020691,-0.07398356484518108,9,sustained_shift,medium,"Azerbaijan FY2021: no single year breaks a control limit, but this is part of a run of 8+ consecutive years below the historical typical year-over-year change of +8% - the level has shifted rather than spiked."
B_growth,Azerbaijan,2022,0.0,0.07303256643804977,-2.8884048794681574,3.034470012344257,0.9871458153020691,-0.07398356484518108,9,sustained_shift,medium,"Azerbaijan FY2022: no single year breaks a control limit, but this is part of a run of 8+ consecutive years below the historical typical year-over-year change of +8% - the level has shifted rather than spiked."
B_growth,Azerbaijan,2023,0.0,0.07303256643804977,-2.8884048794681574,3.034470012344257,0.9871458153020691,-0.07398356484518108,9,sustained_shift,medium,"Azerbaijan FY2023: no single year breaks a control limit, but this is part of a run of 8+ consecutive years below the historical typical year-over-year change of +8% - the level has shifted rather than spiked."
B_growth,Azerbaijan,2024,0.0,0.07303256643804977,-2.8884048794681574,3.034470012344257,0.9871458153020691,-0.07398356484518108,9,sustained_shift,medium,"Azerbaijan FY2024: no single year breaks a control limit, but this is part of a run of 8+ consecutive years below the historical typical year-over-year change of +8% - the level has shifted rather than spiked."
B_growth,Azerbaijan,2025,0.0,0.07303256643804977,-2.8884048794681574,3.034470012344257,0.9871458153020691,-0.07398356484518108,9,sustained_shift,medium,"Azerbaijan FY2025: no single year breaks a control limit, but this is part of a run of 8+ consecutive years below the historical typical year-over-year change of +8% - the level has shifted rather than spiked."
B_growth,Azerbaijan,2026,0.0,0.07303256643804977,-2.8884048794681574,3.034470012344257,0.9871458153020691,-0.07398356484518108,9,sustained_shift,medium,"Azerbaijan FY2026: no single year breaks a control limit, but this is part of a run of 8+ consecutive years below the historical typical year-over-year change of +8% - the level has shifted rather than spiked."
B_growth,Bangladesh,2020,-0.33634480994625193,0.1491668559813844,-0.20948871833922295,0.5078224303019918,0.11955185810686912,-4.0610967793878245,9,beyond_limits,medium,"Bangladesh FY2020: year-over-year change of -29% is below the expected range -19% to +66% (learned from FY2010-2019, where a typical year was +16%); that is 4.1 robust sigmas past the -19% limit."
B_growth,Bangladesh,2021,0.133487689185182,0.1491668559813844,-0.20948871833922295,0.5078224303019918,0.11955185810686912,-0.1311495031903776,9,,,
B_growth,Bangladesh,2022,0.07568845031317603,0.1491668559813844,-0.20948871833922295,0.5078224303019918,0.11955185810686912,-0.6146153379107246,9,,,
B_growth,Bangladesh,2023,0.1268369462023017,0.1491668559813844,-0.20948871833922295,0.5078224303019918,0.11955185810686912,-0.18678011477765297,9,,,
B_growth,Bangladesh,2024,0.12158842900522282,0.1491668559813844,-0.20948871833922295,0.5078224303019918,0.11955185810686912,-0.2306817092839229,9,,,
B_growth,Bangladesh,2025,-0.09084142962554743,0.1491668559813844,-0.20948871833922295,0.5078224303019918,0.11955185810686912,-2.0075663348735655,9,,,
B_growth,Bangladesh,2026,0.01605380642722119,0.1491668559813844,-0.20948871833922295,0.5078224303019918,0.11955185810686912,-1.1134335481023772,9,,,
B_growth,Benin,2020,0.6134306532961354,0.2104514908959672,-0.5986691150582062,1.0195720968501405,0.2697068686513911,1.4941375591032422,9,,,
B_growth,Benin,2021,-0.04371862648657019,0.2104514908959672,-0.5986691150582062,1.0195720968501405,0.2697068686513911,-0.9423939355102755,9,,,
B_growth,Benin,2022,0.11447481275597092,0.2104514908959672,-0.5986691150582062,1.0195720968501405,0.2697068686513911,-0.35585552055053776,9,,,
B_growth,Benin,2023,0.4923047924131863,0.2104514908959672,-0.5986691150582062,1.0195720968501405,0.2697068686513911,1.0450356823560465,9,,,
B_growth,Benin,2024,0.2150022435519959,0.2104514908959672,-0.5986691150582062,1.0195720968501405,0.2697068686513911,0.016872957959075036,9,,,
B_growth,Benin,2025,-0.3136944069351595,0.2104514908959672,-0.5986691150582062,1.0195720968501405,0.2697068686513911,-1.9433909876007276,9,,,
B_growth,Benin,2026,0.3428045250215879,0.2104514908959672,-0.5986691150582062,1.0195720968501405,0.2697068686513911,0.49072919346630833,9,,,
B_growth,Bhutan,2020,0.5306014588284095,0.15404480234978368,-5.169080096082918,5.477169700782485,1.7743749661442338,0.21221932436123908,9,,,
B_growth,Bhutan,2021,-0.44047998769299007,0.15404480234978368,-5.169080096082918,5.477169700782485,1.7743749661442338,-0.33506152948871487,9,,,
B_growth,Bhutan,2022,0.5132810669843119,0.15404480234978368,-5.169080096082918,5.477169700782485,1.7743749661442338,0.2024579198246685,9,,,
B_growth,Bhutan,2023,-2.4161088226586336,0.15404480234978368,-5.169080096082918,5.477169700782485,1.7743749661442338,-1.4484839304250514,9,,,
B_growth,Bhutan,2024,2.3336329271277845,0.15404480234978368,-5.169080096082918,5.477169700782485,1.7743749661442338,1.2283695196141695,9,,,
B_growth,Bhutan,2025,-2.690280255618926,0.15404480234978368,-5.169080096082918,5.477169700782485,1.7743749661442338,-1.6030011199659264,9,,,
B_growth,Bhutan,2026,2.890378787790065,0.15404480234978368,-5.169080096082918,5.477169700782485,1.7743749661442338,1.5421396478481721,9,,,
B_growth,Bolivia,2020,-1.2067317728521039,0.07881650990866788,-1.506328516980425,1.663961536797761,0.5283816756296976,-2.43299179750835,9,,,
B_growth,Bolivia,2021,1.1581833613553376,0.07881650990866788,-1.506328516980425,1.663961536797761,0.5283816756296976,2.042778735958882,9,,,
B_growth,Bolivia,2022,-0.6789652731924476,0.07881650990866788,-1.506328516980425,1.663961536797761,0.5283816756296976,-1.4341560618998204,9,,,
B_growth,Bolivia,2023,0.4840137197102189,0.07881650990866788,-1.506328516980425,1.663961536797761,0.5283816756296976,0.7668646141421505,9,,,
B_growth,Bolivia,2024,-0.13700792945179033,0.07881650990866788,-1.506328516980425,1.663961536797761,0.5283816756296976,-0.40846314191961697,9,,,
B_growth,Bolivia,2025,-0.44169113553567985,0.07881650990866788,-1.506328516980425,1.663961536797761,0.5283816756296976,-0.9850978363775276,9,,,
B_growth,Bolivia,2026,-0.71905073329342,0.07881650990866788,-1.506328516980425,1.663961536797761,0.5283816756296976,-1.5100206536330605,9,,,
B_growth,Bosnia and Herzegovina,2020,0.030960171085852042,-0.0027466047678624365,-1.6042093265073658,1.598716116971641,0.5338209072465011,0.06314247980203179,9,,,
B_growth,Bosnia and Herzegovina,2021,-1.399798000722096,-0.0027466047678624365,-1.6042093265073658,1.598716116971641,0.5338209072465011,-2.617078831101534,9,,,
B_growth,Bosnia and Herzegovina,2022,-1.537972335971571,-0.0027466047678624365,-1.6042093265073658,1.598716116971641,0.5338209072465011,-2.875919077659488,9,,,
B_growth,Bosnia and Herzegovina,2023,0.0,-0.0027466047678624365,-1.6042093265073658,1.598716116971641,0.5338209072465011,0.0051451802103999345,9,,,
B_growth,Bosnia and Herzegovina,2024,0.0,-0.0027466047678624365,-1.6042093265073658,1.598716116971641,0.5338209072465011,0.0051451802103999345,9,,,
B_growth,Bosnia and Herzegovina,2025,0.0,-0.0027466047678624365,-1.6042093265073658,1.598716116971641,0.5338209072465011,0.0051451802103999345,9,,,
B_growth,Bosnia and Herzegovina,2026,0.0,-0.0027466047678624365,-1.6042093265073658,1.598716116971641,0.5338209072465011,0.0051451802103999345,9,,,
B_growth,Burkina Faso,2020,0.33594255688884633,-0.015452748120811087,-1.6113513837951297,1.5804458875535075,0.5319662118914396,0.6605594437290466,9,,,
B_growth,Burkina Faso,2021,0.0442922421516926,-0.015452748120811087,-1.6113513837951297,1.5804458875535075,0.5319662118914396,0.1123097462526362,9,,,
B_growth,Burkina Faso,2022,-0.16141738540512557,-0.015452748120811087,-1.6113513837951297,1.5804458875535075,0.5319662118914396,-0.27438704568346167,9,,,
B_growth,Burkina Faso,2023,0.3966892451817187,-0.015452748120811087,-1.6113513837951297,1.5804458875535075,0.5319662118914396,0.7747522005902083,9,,,
B_growth,Burkina Faso,2024,-0.09699418151296973,-0.015452748120811087,-1.6113513837951297,1.5804458875535075,0.5319662118914396,-0.1532831062751766,9,,,
B_growth,Burkina Faso,2025,0.13053629984826312,-0.015452748120811087,-1.6113513837951297,1.5804458875535075,0.5319662118914396,0.274432933343644,9,,,
B_growth,Burkina Faso,2026,-0.07652376108735497,-0.015452748120811087,-1.6113513837951297,1.5804458875535075,0.5319662118914396,-0.11480242842755374,9,,,
B_growth,Burundi,2020,0.059140072897283444,0.017748565232931324,-1.3035546183637523,1.3390517488296148,0.4404343945322279,0.09397882676332033,9,,,
B_growth,Burundi,2021,-0.2846081474624255,0.017748565232931324,-1.3035546183637523,1.3390517488296148,0.4404343945322279,-0.6864965961990339,9,,,
B_growth,Burundi,2022,0.3645191982643058,0.017748565232931324,-1.3035546183637523,1.3390517488296148,0.4404343945322279,0.7873377677501076,9,,,
B_growth,Burundi,2023,0.06209975972982865,0.017748565232931324,-1.3035546183637523,1.3390517488296148,0.4404343945322279,0.10069875342955764,9,,,
B_growth,Burundi,2024,0.453780739997545,0.017748565232931324,-1.3035546183637523,1.3390517488296148,0.4404343945322279,0.9900048229151366,9,,,
B_growth,Burundi,2025,-0.045941059198615554,0.017748565232931324,-1.3035546183637523,1.3390517488296148,0.4404343945322279,-0.14460638229489256,9,,,
B_growth,Burundi,2026,0.3274099166155462,0.017748565232931324,-1.3035546183637523,1.3390517488296148,0.4404343945322279,0.7030816739721176,9,,,
B_growth,Cabo Verde,2020,0.9725557668165515,-0.3080992562312846,-6.464159567532268,5.847961055069699,2.0520201037669943,0.6240947740701345,9,,,
B_growth,Cabo Verde,2021,-0.01040747918866068,-0.3080992562312846,-6.464159567532268,5.847961055069699,2.0520201037669943,0.14507254412183215,9,,,
B_growth,Cabo Verde,2022,-0.38095384887775774,-0.3080992562312846,-6.464159567532268,5.847961055069699,2.0520201037669943,-0.03550383961284316,9,,,
B_growth,Cabo Verde,2023,0.5135716172149372,-0.3080992562312846,-6.464159567532268,5.847961055069699,2.0520201037669943,0.40042047928177704,9,,,
B_growth,Cabo Verde,2024,-0.47798829556680533,-0.3080992562312846,-6.464159567532268,5.847961055069699,2.0520201037669943,-0.0827911183831226,9,,,
B_growth,Cabo Verde,2025,0.3088943493268722,-0.3080992562312846,-6.464159567532268,5.847961055069699,2.0520201037669943,0.3006761992367966,9,,,
B_growth,Cabo Verde,2026,0.1819637813954432,-0.3080992562312846,-6.464159567532268,5.847961055069699,2.0520201037669943,0.2388198033377426,9,,,
B_growth,Cambodia,2020,0.34318508390588737,0.04595082477344958,-2.291194114746284,2.383095764293183,0.7790483131732444,0.38153507825687183,9,,,
B_growth,Cambodia,2021,-0.11896434991189911,0.04595082477344958,-2.291194114746284,2.383095764293183,0.7790483131732444,-0.2116879940521416,9,,,
B_growth,Cambodia,2022,1.3248679352577277,0.04595082477344958,-2.291194114746284,2.383095764293183,0.7790483131732444,1.6416403050472597,9,,,
B_growth,Cambodia,2023,0.3858293797679721,0.04595082477344958,-2.291194114746284,2.383095764293183,0.7790483131732444,0.4362740400657802,9,,,
B_growth,Cambodia,2024,-1.0475618327554694,0.04595082477344958,-2.291194114746284,2.383095764293183,0.7790483131732444,-1.4036519161113234,9,,,
B_growth,Cambodia,2025,1.128602484476109,0.04595082477344958,-2.291194114746284,2.383095764293183,0.7790483131732444,1.3897105499051376,9,,,
B_growth,Cambodia,2026,-0.6387548955281547,0.04595082477344958,-2.291194114746284,2.383095764293183,0.7790483131732444,-0.8789002026236846,9,,,
B_growth,Cameroon,2020,1.0216553412724194,-0.037046733729382796,-0.3137117083026979,0.23961824084393232,0.09222165819110505,11.479972229602742,9,beyond_limits,high,"Cameroon FY2020: year-over-year change of +178% is above the expected range -27% to +27% (learned from FY2010-2019, where a typical year was -4%); that is 11.5 robust sigmas past the +27% limit."
B_growth,Cameroon,2021,-0.6242494544521582,-0.037046733729382796,-0.3137117083026979,0.23961824084393232,0.09222165819110505,-6.367297359866949,9,beyond_limits,high,"Cameroon FY2021: year-over-year change of -46% is below the expected range -27% to +27% (learned from FY2010-2019, where a typical year was -4%); that is 6.4 robust sigmas past the -27% limit."
B_growth,Cameroon,2022,0.35241789184244615,-0.037046733729382796,-0.3137117083026979,0.23961824084393232,0.09222165819110505,4.223136226468259,9,beyond_limits,medium,"Cameroon FY2022: year-over-year change of +42% is above the expected range -27% to +27% (learned from FY2010-2019, where a typical year was -4%); that is 4.2 robust sigmas past the +27% limit."
B_growth,Cameroon,2023,0.1796869857147222,-0.037046733729382796,-0.3137117083026979,0.23961824084393232,0.09222165819110505,2.3501390421215542,9,,,
B_growth,Cameroon,2024,0.05603974595844957,-0.037046733729382796,-0.3137117083026979,0.23961824084393232,0.09222165819110505,1.0093776398482797,9,,,
B_growth,Cameroon,2025,0.43785074589923595,-0.037046733729382796,-0.3137117083026979,0.23961824084393232,0.09222165819110505,5.149522237439268,9,beyond_limits,high,"Cameroon FY2025: year-over-year change of +55% is above the expected range -27% to +27% (learned from FY2010-2019, where a typical year was -4%); that is 5.1 robust sigmas past the +27% limit."
B_growth,Cameroon,2026,0.26391352770327897,-0.037046733729382796,-0.3137117083026979,0.23961824084393232,0.09222165819110505,3.2634444807856418,9,beyond_limits,medium,"Cameroon FY2026: year-over-year change of +30% is above the expected range -27% to +27% (learned from FY2010-2019, where a typical year was -4%); that is 3.3 robust sigmas past the +27% limit."
B_growth,Caribbean,2020,2.0526356846322065,-0.559695794258641,-5.888881286244504,4.769489697727223,1.7763951639952877,1.470580156847228,9,,,
B_growth,Caribbean,2021,0.18576611450079558,-0.559695794258641,-5.888881286244504,4.769489697727223,1.7763951639952877,0.41964869296470014,9,,,
B_growth,Caribbean,2022,-0.3290643517637751,-0.559695794258641,-5.888881286244504,4.769489697727223,1.7763951639952877,0.12983115872492756,9,,,
B_growth,Caribbean,2023,0.8743186201365184,-0.559695794258641,-5.888881286244504,4.769489697727223,1.7763951639952877,0.8072609312727016,9,,,
B_growth,Caribbean,2024,-1.12655267106312,-0.559695794258641,-5.888881286244504,4.769489697727223,1.7763951639952877,-0.31910516775420733,9,,,
B_growth,Caribbean,2025,0.3847572748066103,-0.559695794258641,-5.888881286244504,4.769489697727223,1.7763951639952877,0.5316683405853703,9,,,
B_growth,Caribbean,2026,0.8420748247968077,-0.559695794258641,-5.888881286244504,4.769489697727223,1.7763951639952877,0.7891096797982317,9,,,
B_growth,Central Africa,2020,0.25669289306023474,0.14160434422851303,-7.617752732745214,7.900961421202241,2.5864523589912425,0.04449668227278235,9,,,
B_growth,Central Africa,2021,-0.5442425793401333,0.14160434422851303,-7.617752732745214,7.900961421202241,2.5864523589912425,-0.26516897602403067,9,,,
B_growth,Central Africa,2022,0.7473457079253563,0.14160434422851303,-7.617752732745214,7.900961421202241,2.5864523589912425,0.23419776575088044,9,,,
B_growth,Central Africa,2023,-0.23093210226220945,0.14160434422851303,-7.617752732745214,7.900961421202241,2.5864523589912425,-0.14403375542398067,9,,,
B_growth,Central Africa,2024,0.047122582125537285,0.14160434422851303,-7.617752732745214,7.900961421202241,2.5864523589912425,-0.03652948092182341,9,,,
B_growth,Central Africa,2025,-0.0036250386835313068,0.14160434422851303,-7.617752732745214,7.900961421202241,2.5864523589912425,-0.05615003207276786,9,,,
B_growth,Central Africa,2026,-3.2541768785496723,0.14160434422851303,-7.617752732745214,7.900961421202241,2.5864523589912425,-1.3129107949634122,9,,,
B_growth,Central African Republic,2020,-0.7189908920104587,0.3482762131861815,-1.1948118284165758,1.8913642547889387,0.5143626805342524,-2.0749310663209535,9,,,
B_growth,Central African Republic,2021,0.7754151197296102,0.3482762131861815,-1.1948118284165758,1.8913642547889387,0.5143626805342524,0.8304235954672545,9,,,
B_growth,Central African Republic,2022,-0.3883476793437426,0.3482762131861815,-1.1948118284165758,1.8913642547889387,0.5143626805342524,-1.4321099107828275,9,,,
B_growth,Central African Republic,2023,0.05033969877204649,0.3482762131861815,-1.1948118284165758,1.8913642547889387,0.5143626805342524,-0.5792343140149238,9,,,
B_growth,Central African Republic,2024,0.16766193901844356,0.3482762131861815,-1.1948118284165758,1.8913642547889387,0.5143626805342524,-0.35114187129622154,9,,,
B_growth,Central African Republic,2025,-0.16757367528811576,0.3482762131861815,-1.1948118284165758,1.8913642547889387,0.5143626805342524,-1.0028913605055876,9,,,
B_growth,Central African Republic,2026,0.7189752582999949,0.3482762131861815,-1.1948118284165758,1.8913642547889387,0.5143626805342524,0.7206958419471254,9,,,
B_growth,Central Asia,2020,0.15183537347002327,-0.01282853451158933,-1.6978856073922348,1.6722285383690563,0.5616856909602151,0.29316023290555204,9,,,
B_growth,Central Asia,2021,0.3862130074801331,-0.01282853451158933,-1.6978856073922348,1.6722285383690563,0.5616856909602151,0.7104356554099702,9,,,
B_growth,Central Asia,2022,-0.49679344440523804,-0.01282853451158933,-1.6978856073922348,1.6722285383690563,0.5616856909602151,-0.86162940890714,9,,,
B_growth,Central Asia,2023,-0.0015952021992986288,-0.01282853451158933,-1.6978856073922348,1.6722285383690563,0.5616856909602151,0.019999320782210155,9,,,
B_growth,Central Asia,2024,-3.412659826120832,-0.01282853451158933,-1.6978856073922348,1.6722285383690563,0.5616856909602151,-6.052907072988007,9,beyond_limits,high,"Central Asia FY2024: year-over-year change of -97% is below the expected range -82% to +432% (learned from FY2010-2019, where a typical year was -1%); that is 6.1 robust sigmas past the -82% limit."
B_growth,Central Asia,2026,0.0,-0.01282853451158933,-1.6978856073922348,1.6722285383690563,0.5616856909602151,0.022839347197288654,9,,,
B_growth,Chad,2020,0.3386482195891908,0.13357231528656344,-0.0583505646166525,0.3254951951897794,0.06397429330107197,3.205598588444134,9,beyond_limits,medium,"Chad FY2020: year-over-year change of +40% is above the expected range -6% to +38% (learned from FY2010-2019, where a typical year was +14%); that is 3.2 robust sigmas past the +38% limit."
B_growth,Chad,2021,-0.6969669306542434,0.13357231528656344,-0.0583505646166525,0.3254951951897794,0.06397429330107197,-12.98239031781364,9,beyond_limits,high,"Chad FY2021: year-over-year change of -50% is below the expected range -6% to +38% (learned from FY2010-2019, where a typical year was +14%); that is 13.0 robust sigmas past the -6% limit."
B_growth,Chad,2022,0.12344201254322736,0.13357231528656344,-0.0583505646166525,0.3254951951897794,0.06397429330107197,-0.158349584194099,9,,,
B_growth,Chad,2023,0.5710275826164023,0.13357231528656344,-0.0583505646166525,0.3254951951897794,0.06397429330107197,6.83798514617603,9,beyond_limits,high,"Chad FY2023: year-over-year change of +77% is above the expected range -6% to +38% (learned from FY2010-2019, where a typical year was +14%); that is 6.8 robust sigmas past the +38% limit."
B_growth,Chad,2024,0.6878738318548578,0.13357231528656344,-0.0583505646166525,0.3254951951897794,0.06397429330107197,8.66444141805012,9,beyond_limits,high,"Chad FY2024: year-over-year change of +99% is above the expected range -6% to +38% (learned from FY2010-2019, where a typical year was +14%); that is 8.7 robust sigmas past the +38% limit."
B_growth,Chad,2025,0.14772970886074874,0.13357231528656344,-0.0583505646166525,0.3254951951897794,0.06397429330107197,0.2212981628035909,9,,,
B_growth,Chad,2026,0.1158412346790757,0.13357231528656344,-0.0583505646166525,0.3254951951897794,0.06397429330107197,-0.2771594603482807,9,,,
B_growth,Comoros,2020,0.9289517864934177,0.021147864944341146,-2.975567456774175,3.017863186662857,0.9989051072395053,0.908798958949976,9,,,
B_growth,Comoros,2021,0.7576672460293521,0.021147864944341146,-2.975567456774175,3.017863186662857,0.9989051072395053,0.7373266747232851,9,,,
B_growth,Comoros,2022,-0.21041937268349636,0.021147864944341146,-2.975567456774175,3.017863186662857,0.9989051072395053,-0.2318210568246851,9,,,
B_growth,Comoros,2023,0.08655066702595195,0.021147864944341146,-2.975567456774175,3.017863186662857,0.9989051072395053,0.06547448962629972,9,,,
B_growth,Comoros,2024,0.8577649179655854,0.021147864944341146,-2.975567456774175,3.017863186662857,0.9989051072395053,0.8375340630034944,9,,,
B_growth,Comoros,2025,-0.23460162454052172,0.021147864944341146,-2.975567456774175,3.017863186662857,0.9989051072395053,-0.2560298146754218,9,,,
B_growth,Comoros,2026,0.5381497080905284,0.021147864944341146,-2.975567456774175,3.017863186662857,0.9989051072395053,0.517568525177464,9,,,
B_growth,"Congo, Democratic Republic of",2020,-0.019250825434661275,-0.028563259704404115,-0.48741582329205935,0.43028930388325115,0.15295085452921842,0.06088514051396734,9,,,
B_growth,"Congo, Democratic Republic of",2021,0.4027015976043071,-0.028563259704404115,-0.48741582329205935,0.43028930388325115,0.15295085452921842,2.8196302572884684,9,,,
B_growth,"Congo, Democratic Republic of",2022,0.14269844885535943,-0.028563259704404115,-0.48741582329205935,0.43028930388325115,0.15295085452921842,1.1197172391544055,9,,,
B_growth,"Congo, Democratic Republic of",2023,0.7027380685042234,-0.028563259704404115,-0.48741582329205935,0.43028930388325115,0.15295085452921842,4.781283049771559,9,beyond_limits,medium,"Congo, Democratic Republic of FY2023: year-over-year change of +102% is above the expected range -39% to +54% (learned from FY2010-2019, where a typical year was -3%); that is 4.8 robust sigmas past the +54% limit."
B_growth,"Congo, Democratic Republic of",2024,-0.6752581817750808,-0.028563259704404115,-0.48741582329205935,0.43028930388325115,0.15295085452921842,-4.228122321128566,9,beyond_limits,medium,"Congo, Democratic Republic of FY2024: year-over-year change of -49% is below the expected range -39% to +54% (learned from FY2010-2019, where a typical year was -3%); that is 4.2 robust sigmas past the -39% limit."
B_growth,"Congo, Democratic Republic of",2025,0.5869985936714638,-0.028563259704404115,-0.48741582329205935,0.43028930388325115,0.15295085452921842,4.0245728294265675,9,beyond_limits,medium,"Congo, Democratic Republic of FY2025: year-over-year change of +80% is above the expected range -39% to +54% (learned from FY2010-2019, where a typical year was -3%); that is 4.0 robust sigmas past the +54% limit."
B_growth,"Congo, Democratic Republic of",2026,-0.3358867269238171,-0.028563259704404115,-0.48741582329205935,0.43028930388325115,0.15295085452921842,-2.0092955228354383,9,,,
B_growth,"Congo, Republic of",2020,0.23214024551729037,-0.027340850313599525,-1.4358716291120739,1.381189928484875,0.4695102595994915,0.5526633135817656,9,,,
B_growth,"Congo, Republic of",2021,0.7183382890786542,-0.027340850313599525,-1.4358716291120739,1.381189928484875,0.4695102595994915,1.5882062726985857,9,,,
B_growth,"Congo, Republic of",2022,-0.3256820006001634,-0.027340850313599525,-1.4358716291120739,1.381189928484875,0.4695102595994915,-0.63543052401253,9,,,
B_growth,"Congo, Republic of",2023,0.9525758673134287,-0.027340850313599525,-1.4358716291120739,1.381189928484875,0.4695102595994915,2.0871039505354605,9,,,
B_growth,"Congo, Republic of",2024,-0.16754854804033584,-0.027340850313599525,-1.4358716291120739,1.381189928484875,0.4695102595994915,-0.2986254184228867,9,,,
B_growth,"Congo, Republic of",2025,-0.7707815246760302,-0.027340850313599525,-1.4358716291120739,1.381189928484875,0.4695102595994915,-1.5834386132405527,9,,,
B_growth,"Congo, Republic of",2026,0.887981443119349,-0.027340850313599525,-1.4358716291120739,1.381189928484875,0.4695102595994915,1.9495256487339598,9,,,
B_growth,Cote d'Ivoire,2020,0.4424405086021292,0.2188341693390644,-0.5028404595453305,0.9405087982234593,0.24055820962813163,0.9295311085359672,9,,,
B_growth,Cote d'Ivoire,2021,0.4283172495475208,0.2188341693390644,-0.5028404595453305,0.9405087982234593,0.24055820962813163,0.8708207486757035,9,,,
B_growth,Cote d'Ivoire,2022,-0.5423944528686269,0.2188341693390644,-0.5028404595453305,0.9405087982234593,0.24055820962813163,-3.1644258717440623,9,beyond_limits,medium,"Cote d'Ivoire FY2022: year-over-year change of -42% is below the expected range -40% to +156% (learned from FY2010-2019, where a typical year was +24%); that is 3.2 robust sigmas past the -40% limit."
B_growth,Cote d'Ivoire,2023,0.8471718535599263,0.2188341693390644,-0.5028404595453305,0.9405087982234593,0.24055820962813163,2.611998506274974,9,,,
B_growth,Cote d'Ivoire,2024,0.04471714806086678,0.2188341693390644,-0.5028404595453305,0.9405087982234593,0.24055820962813163,-0.7238041118919095,9,,,
B_growth,Cote d'Ivoire,2025,0.23950267471726394,0.2188341693390644,-0.5028404595453305,0.9405087982234593,0.24055820962813163,0.08591893583740112,9,,,
B_growth,Cote d'Ivoire,2026,-0.5164613366529052,0.2188341693390644,-0.5028404595453305,0.9405087982234593,0.24055820962813163,-3.0566219591034978,9,beyond_limits,medium,"Cote d'Ivoire FY2026: year-over-year change of -40% is below the expected range -40% to +156% (learned from FY2010-2019, where a typical year was +24%); that is 3.1 robust sigmas past the -40% limit."
B_growth,Djibouti,2020,0.4586782859656708,0.14575678227076122,-1.1159562467260347,1.4074698112675572,0.4205710096655987,0.7440396425414995,9,,,
B_growth,Djibouti,2021,0.4979037697325174,0.14575678227076122,-1.1159562467260347,1.4074698112675572,0.4205710096655987,0.8373068503740966,9,,,
B_growth,Djibouti,2022,-0.28499405134743117,0.14575678227076122,-1.1159562467260347,1.4074698112675572,0.4205710096655987,-1.0242047685614084,9,,,
B_growth,Djibouti,2023,0.5110547199053793,0.14575678227076122,-1.1159562467260347,1.4074698112675572,0.4205710096655987,0.868576124457725,9,,,
B_growth,Djibouti,2024,-0.00012128699972318609,0.14575678227076122,-1.1159562467260347,1.4074698112675572,0.4205710096655987,-0.34685716779783254,9,,,
B_growth,Djibouti,2025,-0.11645564932560871,0.14575678227076122,-1.1159562467260347,1.4074698112675572,0.4205710096655987,-0.6234676798214369,9,,,
B_growth,Djibouti,2026,0.40311463794177654,0.14575678227076122,-1.1159562467260347,1.4074698112675572,0.4205710096655987,0.6119248587192061,9,,,
B_growth,Dominica,2020,1.3203683617787612,0.10007377452740845,-1.5250582135627266,1.7252057626175437,0.5417106626967118,2.252668576203678,9,,,
B_growth,Dominica,2021,1.0407386768383997,0.10007377452740845,-1.5250582135627266,1.7252057626175437,0.5417106626967118,1.7364710851882244,9,,,
B_growth,Dominica,2022,0.297328335470169,0.10007377452740845,-1.5250582135627266,1.7252057626175437,0.5417106626967118,0.3641326902461171,9,,,
B_growth,Dominica,2023,-0.7198666080820555,0.10007377452740845,-1.5250582135627266,1.7252057626175437,0.5417106626967118,-1.5136131501043115,9,,,
B_growth,Dominica,2024,-0.5005103869608443,0.10007377452740845,-1.5250582135627266,1.7252057626175437,0.5417106626967118,-1.108680708809497,9,,,
B_growth,Dominica,2025,1.6264412509333743,0.10007377452740845,-1.5250582135627266,1.7252057626175437,0.5417106626967118,2.8176803255219203,9,,,
B_growth,Dominica,2026,-1.8629865240144055,0.10007377452740845,-1.5250582135627266,1.7252057626175437,0.5417106626967118,-3.6238169815034174,9,beyond_limits,medium,"Dominica FY2026: year-over-year change of -84% is below the expected range -78% to +461% (learned from FY2010-2019, where a typical year was +11%); that is 3.6 robust sigmas past the -78% limit."
B_growth,Ethiopia,2020,-0.015215603341828424,0.035505692830694095,-0.666098392855653,0.7371097785170411,0.23386802856211567,-0.21687999203812025,9,,,
B_growth,Ethiopia,2021,-0.5639971753697377,0.035505692830694095,-0.666098392855653,0.7371097785170411,0.23386802856211567,-2.5634237902732524,9,,,
B_growth,Ethiopia,2022,-0.0003879171341566686,0.035505692830694095,-0.666098392855653,0.7371097785170411,0.23386802856211567,-0.1534780542066158,9,,,
B_growth,Ethiopia,2023,0.40643949078328356,0.035505692830694095,-0.666098392855653,0.7371097785170411,0.23386802856211567,1.5860816898880599,9,,,
B_growth,Ethiopia,2024,-0.07189891825907457,0.035505692830694095,-0.666098392855653,0.7371097785170411,0.23386802856211567,-0.45925307426637785,9,,,
B_growth,Ethiopia,2025,0.6407169188065943,0.035505692830694095,-0.666098392855653,0.7371097785170411,0.23386802856211567,2.5878322475154203,9,,,
B_growth,Ethiopia,2026,0.04136414915003589,0.035505692830694095,-0.666098392855653,0.7371097785170411,0.23386802856211567,0.025050265978471615,9,,,
B_growth,"Gambia, The",2020,0.25507842740770353,-0.1558129765981901,-2.3200138599157736,2.0083879067193937,0.7214002944391945,0.5695747661502055,9,,,
B_growth,"Gambia, The",2021,1.1285511695735286,-0.1558129765981901,-2.3200138599157736,2.0083879067193937,0.7214002944391945,1.7803765205975743,9,,,
B_growth,"Gambia, The",2022,-0.18457638362610732,-0.1558129765981901,-2.3200138599157736,2.0083879067193937,0.7214002944391945,-0.03987163194919049,9,,,
B_growth,"Gambia, The",2023,0.3245206331958142,-0.1558129765981901,-2.3200138599157736,2.0083879067193937,0.7214002944391945,0.665835062026705,9,,,
B_growth,"Gambia, The",2024,0.2927100236971455,-0.1558129765981901,-2.3200138599157736,2.0083879067193937,0.7214002944391945,0.6217394195049649,9,,,
B_growth,"Gambia, The",2025,-0.02363645999199855,-0.1558129765981901,-2.3200138599157736,2.0083879067193937,0.7214002944391945,0.18322215505739925,9,,,
B_growth,"Gambia, The",2026,0.012184560903466238,-0.1558129765981901,-2.3200138599157736,2.0083879067193937,0.7214002944391945,0.2328770015713052,9,,,
B_growth,Georgia,2020,-0.16344948407533164,-0.2866282881689661,-1.652358222118004,1.0791016457800717,0.45524331131634593,0.27057795475887453,9,,,
B_growth,Georgia,2021,1.0062987793388842,-0.2866282881689661,-1.652358222118004,1.0791016457800717,0.45524331131634593,2.840079217790864,9,,,
B_growth,Georgia,2022,-0.5461596810269141,-0.2866282881689661,-1.652358222118004,1.0791016457800717,0.45524331131634593,-0.5700938078749743,9,,,
B_growth,Georgia,2023,-0.07678510974414517,-0.2866282881689661,-1.652358222118004,1.0791016457800717,0.45524331131634593,0.4609473070961875,9,,,
B_growth,Georgia,2024,-1.0272244458107511,-0.2866282881689661,-1.652358222118004,1.0791016457800717,0.45524331131634593,-1.626813923965923,9,,,
B_growth,Georgia,2025,-0.0033957376094908894,-0.2866282881689661,-1.652358222118004,1.0791016457800717,0.45524331131634593,0.6221564238703522,9,,,
B_growth,Georgia,2026,0.0,-0.2866282881689661,-1.652358222118004,1.0791016457800717,0.45524331131634593,0.629615594658984,9,,,
B_growth,Ghana,2020,0.7454868030446641,-0.018789661982350537,-0.96907538363667,0.9314960596719689,0.3167619072181065,2.412778959879074,9,,,
B_growth,Ghana,2021,0.1864379299892631,-0.018789661982350537,-0.96907538363667,0.9314960596719689,0.3167619072181065,0.6478922726977525,9,,,
B_growth,Ghana,2022,0.09733359979477627,-0.018789661982350537,-0.96907538363667,0.9314960596719689,0.3167619072181065,0.36659478027820463,9,,,
B_growth,Ghana,2023,0.09851763936003824,-0.018789661982350537,-0.96907538363667,0.9314960596719689,0.3167619072181065,0.3703327283656516,9,,,
B_growth,Ghana,2024,0.7053817633702293,-0.018789661982350537,-0.96907538363667,0.9314960596719689,0.3167619072181065,2.2861695451718296,9,,,
B_growth,Ghana,2025,-0.3829054982545488,-0.018789661982350537,-0.96907538363667,0.9314960596719689,0.3167619072181065,-1.149493761639357,9,,,
B_growth,Ghana,2026,-0.38267342303810326,-0.018789661982350537,-0.96907538363667,0.9314960596719689,0.3167619072181065,-1.1487611128859647,9,,,
B_growth,Grenada,2020,-0.2745403561049767,0.07307193452161025,-2.402579293255548,2.548723162298769,0.8252170759257195,-0.4212373940961404,9,,,
B_growth,Grenada,2021,0.33920339310353465,0.07307193452161025,-2.402579293255548,2.548723162298769,0.8252170759257195,0.3224987295414131,9,,,
B_growth,Grenada,2022,-0.28169847158387007,0.07307193452161025,-2.402579293255548,2.548723162298769,0.8252170759257195,-0.42991161532558303,9,,,
B_growth,Grenada,2023,-1.8386622724624395,0.07307193452161025,-2.402579293255548,2.548723162298769,0.8252170759257195,-2.3166440234401198,9,,,
B_growth,Grenada,2024,2.2960311921261956,0.07307193452161025,-2.402579293255548,2.548723162298769,0.8252170759257195,2.6937872742282916,9,,,
B_growth,Grenada,2025,-0.43617217107712614,0.07307193452161025,-2.402579293255548,2.548723162298769,0.8252170759257195,-0.6171032089071495,9,,,
B_growth,Grenada,2026,-0.5449375292805191,0.07307193452161025,-2.402579293255548,2.548723162298769,0.8252170759257195,-0.7489053266485707,9,,,
B_growth,Guinea,2020,0.13770871765369427,-0.20838864224278095,-4.460219217298105,4.043441932812543,1.4172768583517747,0.2441988365625118,9,,,
B_growth,Guinea,2021,0.41477145133018417,-0.20838864224278095,-4.460219217298105,4.043441932812543,1.4172768583517747,0.4396883289956985,9,,,
B_growth,Guinea,2022,-1.210375691200935,-0.20838864224278095,-4.460219217298105,4.043441932812543,1.4172768583517747,-0.7069804626058857,9,,,
B_growth,Guinea,2023,0.4057298004176673,-0.20838864224278095,-4.460219217298105,4.043441932812543,1.4172768583517747,0.43330873501641637,9,,,
B_growth,Guinea,2024,0.3518166772947019,-0.20838864224278095,-4.460219217298105,4.043441932812543,1.4172768583517747,0.3952687975086074,9,,,
B_growth,Guinea,2025,0.26819525440983033,-0.20838864224278095,-4.460219217298105,4.043441932812543,1.4172768583517747,0.33626732408998444,9,,,
B_growth,Guinea,2026,-0.30363456990023924,-0.20838864224278095,-4.460219217298105,4.043441932812543,1.4172768583517747,-0.06720347340478328,9,,,
B_growth,Guinea-Bissau,2020,-0.4594484477397175,0.528617007121462,-1.503367945066801,2.560601959309725,0.6773283173960877,-1.4587688562316214,9,,,
B_growth,Guinea-Bissau,2021,-0.03476265749991473,0.528617007121462,-1.503367945066801,2.560601959309725,0.6773283173960877,-0.8317674754648178,9,,,
B_growth,Guinea-Bissau,2022,0.11969728512868856,0.528617007121462,-1.503367945066801,2.560601959309725,0.6773283173960877,-0.6037245328304288,9,,,
B_growth,Guinea-Bissau,2023,0.04859939430606913,0.528617007121462,-1.503367945066801,2.560601959309725,0.6773283173960877,-0.708692668661435,9,,,
B_growth,Guinea-Bissau,2024,0.022666192834329336,0.528617007121462,-1.503367945066801,2.560601959309725,0.6773283173960877,-0.7469801590936039,9,,,
B_growth,Guinea-Bissau,2025,0.48460643511744356,0.528617007121462,-1.503367945066801,2.560601959309725,0.6773283173960877,-0.06497671937475183,9,,,
B_growth,Guinea-Bissau,2026,-0.15310582621501145,0.528617007121462,-1.503367945066801,2.560601959309725,0.6773283173960877,-1.0064880144938868,9,,,
B_growth,Guyana,2020,-1.5124248639045503,0.2994305144382892,-1.7131768930063422,2.312037921882921,0.6708691358148772,-2.7007582874446197,9,,,
B_growth,Guyana,2021,-0.23402475401127287,0.2994305144382892,-1.7131768930063422,2.312037921882921,0.6708691358148772,-0.7951703841638146,9,,,
B_growth,Guyana,2022,0.4951577631338717,0.2994305144382892,-1.7131768930063422,2.312037921882921,0.6708691358148772,0.2917517564104967,9,,,
B_growth,Guyana,2023,1.2041447721226672,0.2994305144382892,-1.7131768930063422,2.312037921882921,0.6708691358148772,1.34857039828708,9,,,
B_growth,Guyana,2024,0.49753478297004583,0.2994305144382892,-1.7131768930063422,2.312037921882921,0.6708691358148772,0.2952949509163624,9,,,
B_growth,Guyana,2025,-2.6135948022509754,0.2994305144382892,-1.7131768930063422,2.312037921882921,0.6708691358148772,-4.342166245509167,9,beyond_limits,medium,"Guyana FY2025: year-over-year change of -93% is below the expected range -82% to +909% (learned from FY2010-2019, where a typical year was +35%); that is 4.3 robust sigmas past the -82% limit."
B_growth,Guyana,2026,1.9328449279613875,0.2994305144382892,-1.7131768930063422,2.312037921882921,0.6708691358148772,2.4347735293248465,9,,,
B_growth,Haiti,2020,-0.022857670207492766,0.11136283993049326,-0.319108190155441,0.5418338700164275,0.14349034336197808,-0.9353975117293617,9,,,
B_growth,Haiti,2021,0.01881534825300301,0.11136283993049326,-0.319108190155441,0.5418338700164275,0.14349034336197808,-0.6449736582204972,9,,,
B_growth,Haiti,2022,0.19574840855552056,0.11136283993049326,-0.319108190155441,0.5418338700164275,0.14349034336197808,0.5880923179070718,9,,,
B_growth,Haiti,2023,-0.6058156591390644,0.11136283993049326,-0.319108190155441,0.5418338700164275,0.14349034336197808,-4.998095915488588,9,beyond_limits,medium,"Haiti FY2023: year-over-year change of -45% is below the expected range -27% to +72% (learned from FY2010-2019, where a typical year was +12%); that is 5.0 robust sigmas past the -27% limit."
B_growth,Haiti,2024,0.7706173014528861,0.11136283993049326,-0.319108190155441,0.5418338700164275,0.14349034336197808,4.594416920860763,9,beyond_limits,medium,"Haiti FY2024: year-over-year change of +116% is above the expected range -27% to +72% (learned from FY2010-2019, where a typical year was +12%); that is 4.6 robust sigmas past the +72% limit."
B_growth,Haiti,2025,-0.05039885255499792,0.11136283993049326,-0.319108190155441,0.5418338700164275,0.14349034336197808,-1.1273350435675005,9,,,
B_growth,Haiti,2026,-0.033792381066161434,0.11136283993049326,-0.319108190155441,0.5418338700164275,0.14349034336197808,-1.011602715525439,9,,,
B_growth,Honduras,2020,2.20128320379601,-0.1493331468281519,-1.76468663029365,1.4660203366373463,0.538451161155166,4.365514498253226,9,beyond_limits,medium,"Honduras FY2020: year-over-year change of +804% is above the expected range -83% to +333% (learned from FY2010-2019, where a typical year was -14%); that is 4.4 robust sigmas past the +333% limit."
B_growth,Honduras,2021,-1.2701908507903712,-0.1493331468281519,-1.76468663029365,1.4660203366373463,0.538451161155166,-2.0816329963103573,9,,,
B_growth,Honduras,2022,0.42158422597103895,-0.1493331468281519,-1.76468663029365,1.4660203366373463,0.538451161155166,1.0602955550775923,9,,,
B_growth,Honduras,2023,-0.7596623116549295,-0.1493331468281519,-1.76468663029365,1.4660203366373463,0.538451161155166,-1.1334902937481055,9,,,
B_growth,Honduras,2024,1.3778205909503716,-0.1493331468281519,-1.76468663029365,1.4660203366373463,0.538451161155166,2.8361973154672833,9,,,
B_growth,Honduras,2025,0.6812830617978116,-0.1493331468281519,-1.76468663029365,1.4660203366373463,0.538451161155166,1.5426026881323858,9,,,
B_growth,Honduras,2026,-0.005465776913618994,-0.1493331468281519,-1.76468663029365,1.4660203366373463,0.538451161155166,0.2671874076859396,9,,,
B_growth,India,2020,0.5825996956930878,-0.07226966962325158,-0.7292684545700319,0.5847291153235288,0.2189995949822601,2.990276604709641,9,,,
B_growth,India,2021,-0.3580871393676579,-0.07226966962325158,-0.7292684545700319,0.5847291153235288,0.2189995949822601,-1.3051050152287211,9,,,
B_growth,India,2022,-0.6031387233595273,-0.07226966962325158,-0.7292684545700319,0.5847291153235288,0.2189995949822601,-2.4240640891563223,9,,,
B_growth,India,2023,-0.5272014126406377,-0.07226966962325158,-0.7292684545700319,0.5847291153235288,0.2189995949822601,-2.0773177368398215,9,,,
B_growth,India,2024,-0.38373715843559947,-0.07226966962325158,-0.7292684545700319,0.5847291153235288,0.2189995949822601,-1.42222860657609,9,,,
B_growth,India,2025,-0.44408064656575585,-0.07226966962325158,-0.7292684545700319,0.5847291153235288,0.2189995949822601,-1.6977701578517648,9,,,
B_growth,India,2026,-0.7442564983650933,-0.07226966962325158,-0.7292684545700319,0.5847291153235288,0.2189995949822601,-3.068438682712064,9,beyond_limits,medium,"India FY2026: year-over-year change of -52% is below the expected range -52% to +79% (learned from FY2010-2019, where a typical year was -7%); that is 3.1 robust sigmas past the -52% limit."
B_growth,Iraq,2020,0.0,0.0,-1.6978943131211106,1.6978943131211106,0.5659647710403702,0.0,9,,,
B_growth,Iraq,2021,0.0,0.0,-1.6978943131211106,1.6978943131211106,0.5659647710403702,0.0,9,,,
B_growth,Iraq,2022,0.0,0.0,-1.6978943131211106,1.6978943131211106,0.5659647710403702,0.0,9,,,
B_growth,Iraq,2023,0.0,0.0,-1.6978943131211106,1.6978943131211106,0.5659647710403702,0.0,9,,,
B_growth,Iraq,2024,0.0,0.0,-1.6978943131211106,1.6978943131211106,0.5659647710403702,0.0,9,,,
B_growth,Iraq,2025,0.0,0.0,-1.6978943131211106,1.6978943131211106,0.5659647710403702,0.0,9,,,
B_growth,Iraq,2026,0.0,0.0,-1.6978943131211106,1.6978943131211106,0.5659647710403702,0.0,9,,,
B_growth,Kenya,2020,0.3035517075227205,0.11834422869059924,-0.20283268825044737,0.43952114563164585,0.10705897231368221,1.7299575629164863,9,,,
B_growth,Kenya,2021,-0.28011060419481315,0.11834422869059924,-0.20283268825044737,0.43952114563164585,0.10705897231368221,-3.721825684240102,9,beyond_limits,medium,"Kenya FY2021: year-over-year change of -24% is below the expected range -18% to +55% (learned from FY2010-2019, where a typical year was +13%); that is 3.7 robust sigmas past the -18% limit."
B_growth,Kenya,2022,-0.303667404858325,0.11834422869059924,-0.20283268825044737,0.43952114563164585,0.10705897231368221,-3.9418614286006077,9,beyond_limits,medium,"Kenya FY2022: year-over-year change of -26% is below the expected range -18% to +55% (learned from FY2010-2019, where a typical year was +13%); that is 3.9 robust sigmas past the -18% limit."
B_growth,Kenya,2023,0.09418574733267154,0.11834422869059924,-0.20283268825044737,0.43952114563164585,0.10705897231368221,-0.22565583094841857,9,,,
B_growth,Kenya,2024,-0.05763495354235354,0.11834422869059924,-0.20283268825044737,0.43952114563164585,0.10705897231368221,-1.643759307882526,9,,,
B_growth,Kenya,2025,-0.3069473755430109,0.11834422869059924,-0.20283268825044737,0.43952114563164585,0.10705897231368221,-3.9724984748359815,9,beyond_limits,medium,"Kenya FY2025: year-over-year change of -26% is below the expected range -18% to +55% (learned from FY2010-2019, where a typical year was +13%); that is 4.0 robust sigmas past the -18% limit."
B_growth,Kenya,2026,0.5344445558575208,0.11834422869059924,-0.20283268825044737,0.43952114563164585,0.10705897231368221,3.8866460061633124,9,beyond_limits,medium,"Kenya FY2026: year-over-year change of +71% is above the expected range -18% to +55% (learned from FY2010-2019, where a typical year was +13%); that is 3.9 robust sigmas past the +55% limit."
B_growth,Kiribati,2020,-2.07411941139899,0.2666642279007106,-1.8045544692935127,2.337882925094934,0.6904062323980744,-3.390443958144995,8,beyond_limits,medium,"Kiribati FY2020: year-over-year change of -87% is below the expected range -84% to +936% (learned from FY2010-2019, where a typical year was +31%); that is 3.4 robust sigmas past the -84% limit."
B_growth,Kiribati,2021,0.2719034426920942,0.2666642279007106,-1.8045544692935127,2.337882925094934,0.6904062323980744,0.007588597184567116,8,,,
B_growth,Kiribati,2022,1.0433157618678168,0.2666642279007106,-1.8045544692935127,2.337882925094934,0.6904062323980744,1.1249196451623347,8,,,
B_growth,Kiribati,2023,0.29290160355262085,0.2666642279007106,-1.8045544692935127,2.337882925094934,0.6904062323980744,0.03800280823186763,8,,,
B_growth,Kiribati,2024,0.9062079721601354,0.2666642279007106,-1.8045544692935127,2.337882925094934,0.6904062323980744,0.9263296219647632,8,,,
B_growth,Kiribati,2025,-0.039592490746095374,0.2666642279007106,-1.8045544692935127,2.337882925094934,0.6904062323980744,-0.4435891570431602,8,,,
B_growth,Kiribati,2026,0.8976188653724065,0.2666642279007106,-1.8045544692935127,2.337882925094934,0.6904062323980744,0.9138889654575135,8,,,
B_growth,Kosovo,2020,-0.16324323194615256,-0.1298309914075522,-0.9132492108160568,0.6535872280009525,0.26113940646950157,-0.12794790717464,9,,,
B_growth,Kosovo,2021,2.020779247883852,-0.1298309914075522,-0.9132492108160568,0.6535872280009525,0.26113940646950157,8.235487199602614,9,beyond_limits,high,"Kosovo FY2021: year-over-year change of +654% is above the expected range -60% to +92% (learned from FY2010-2019, where a typical year was -12%); that is 8.2 robust sigmas past the +92% limit."
B_growth,Kosovo,2022,-1.1099250484975256,-0.1298309914075522,-0.9132492108160568,0.6535872280009525,0.26113940646950157,-3.753144997687044,9,beyond_limits,medium,"Kosovo FY2022: year-over-year change of -67% is below the expected range -60% to +92% (learned from FY2010-2019, where a typical year was -12%); that is 3.8 robust sigmas past the -60% limit."
B_growth,Kosovo,2023,1.0361711680593584,-0.1298309914075522,-0.9132492108160568,0.6535872280009525,0.26113940646950157,4.465056328459902,9,beyond_limits,medium,"Kosovo FY2023: year-over-year change of +182% is above the expected range -60% to +92% (learned from FY2010-2019, where a typical year was -12%); that is 4.5 robust sigmas past the +92% limit."
B_growth,Kosovo,2024,-1.1861555300342945,-0.1298309914075522,-0.9132492108160568,0.6535872280009525,0.26113940646950157,-4.04505988930518,9,beyond_limits,medium,"Kosovo FY2024: year-over-year change of -69% is below the expected range -60% to +92% (learned from FY2010-2019, where a typical year was -12%); that is 4.0 robust sigmas past the -60% limit."
B_growth,Kosovo,2025,-0.2086684859914784,-0.1298309914075522,-0.9132492108160568,0.6535872280009525,0.26113940646950157,-0.30189811507109177,9,,,
B_growth,Kosovo,2026,1.7578011594513925,-0.1298309914075522,-0.9132492108160568,0.6535872280009525,0.26113940646950157,7.228446201892555,9,beyond_limits,high,"Kosovo FY2026: year-over-year change of +480% is above the expected range -60% to +92% (learned from FY2010-2019, where a typical year was -12%); that is 7.2 robust sigmas past the +92% limit."
B_growth,Kyrgyz Republic,2020,-0.1605949440523756,0.014774098122750356,-0.5823649008641136,0.6119130971096143,0.19904633299562133,-0.8810463349705807,9,,,
B_growth,Kyrgyz Republic,2021,0.0072746313839584355,0.014774098122750356,-0.5823649008641136,0.6119130971096143,0.19904633299562133,-0.03767699020587782,9,,,
B_growth,Kyrgyz Republic,2022,0.5102438961724652,0.014774098122750356,-0.5823649008641136,0.6119130971096143,0.19904633299562133,2.4892184176063887,9,,,
B_growth,Kyrgyz Republic,2023,0.6343713908903948,0.014774098122750356,-0.5823649008641136,0.6119130971096143,0.19904633299562133,3.1128294776537007,9,beyond_limits,medium,"Kyrgyz Republic FY2023: year-over-year change of +89% is above the expected range -44% to +84% (learned from FY2010-2019, where a typical year was +1%); that is 3.1 robust sigmas past the +84% limit."
B_growth,Kyrgyz Republic,2024,0.08979166419453861,0.014774098122750356,-0.5823649008641136,0.6119130971096143,0.19904633299562133,0.3768849440368164,9,,,
B_growth,Kyrgyz Republic,2025,-0.040132431005483166,0.014774098122750356,-0.5823649008641136,0.6119130971096143,0.19904633299562133,-0.27584798123078896,9,,,
B_growth,Kyrgyz Republic,2026,0.4020555940573226,0.014774098122750356,-0.5823649008641136,0.6119130971096143,0.19904633299562133,1.9456851583550234,9,,,
B_growth,Lao People's Democratic Republic,2020,-0.30419471904823675,0.20751607921038867,-1.2401411406220637,1.6551732990428412,0.4825524066108175,-1.0604253367061216,9,,,
B_growth,Lao People's Democratic Republic,2021,-0.06689680409474981,0.20751607921038867,-1.2401411406220637,1.6551732990428412,0.4825524066108175,-0.5686695984638508,9,,,
B_growth,Lao People's Democratic Republic,2022,0.35100205258628253,0.20751607921038867,-1.2401411406220637,1.6551732990428412,0.4825524066108175,0.2973479593308017,9,,,
B_growth,Lao People's Democratic Republic,2023,0.2168047478571656,0.20751607921038867,-1.2401411406220637,1.6551732990428412,0.4825524066108175,0.019249036000080145,9,,,
B_growth,Lao People's Democratic Republic,2024,-0.047869202731879903,0.20751607921038867,-1.2401411406220637,1.6551732990428412,0.4825524066108175,-0.5292384380298799,9,,,
B_growth,Lao People's Democratic Republic,2025,0.3121711727146502,0.20751607921038867,-1.2401411406220637,1.6551732990428412,0.4825524066108175,0.216878192027476,9,,,
B_growth,Lao People's Democratic Republic,2026,-0.04514577142462918,0.20751607921038867,-1.2401411406220637,1.6551732990428412,0.4825524066108175,-0.5235946338130932,9,,,
B_growth,Lesotho,2020,0.36180348214393293,0.11875721402783773,-2.140934125198497,2.3784485532541724,0.7532304464087782,0.3226718586255792,9,,,
B_growth,Lesotho,2021,-0.24917459058794053,0.11875721402783773,-2.140934125198497,2.3784485532541724,0.7532304464087782,-0.48847176368133904,9,,,
B_growth,Lesotho,2022,0.2218939161413964,0.11875721402783773,-2.140934125198497,2.3784485532541724,0.7532304464087782,0.13692582742146134,9,,,
B_growth,Lesotho,2023,0.06792092734900398,0.11875721402783773,-2.140934125198497,2.3784485532541724,0.7532304464087782,-0.06749101409961446,9,,,
B_growth,Lesotho,2024,0.1077124870658628,0.11875721402783773,-2.140934125198497,2.3784485532541724,0.7532304464087782,-0.014663144612161576,9,,,
B_growth,Lesotho,2025,0.3452016320949003,0.11875721402783773,-2.140934125198497,2.3784485532541724,0.7532304464087782,0.3006309943347287,9,,,
B_growth,Lesotho,2026,-0.004658373237844094,0.11875721402783773,-2.140934125198497,2.3784485532541724,0.7532304464087782,-0.16384837847978356,9,,,
B_growth,Liberia,2020,0.2721182828623969,0.0361600948639303,-1.4398812190513455,1.512201408779206,0.4920137713050919,0.47957638944246495,9,,,
B_growth,Liberia,2021,-0.3270463236842015,0.0361600948639303,-1.4398812190513455,1.512201408779206,0.4920137713050919,-0.738203765282236,9,,,
B_growth,Liberia,2022,0.3956999515294912,0.0361600948639303,-1.4398812190513455,1.512201408779206,0.4920137713050919,0.730751612321466,9,,,
B_growth,Liberia,2023,-0.007165917841298358,0.0361600948639303,-1.4398812190513455,1.512201408779206,0.4920137713050919,-0.08805853663466406,9,,,
B_growth,Liberia,2024,0.2671861607420808,0.0361600948639303,-1.4398812190513455,1.512201408779206,0.4920137713050919,0.4695520315729008,9,,,
B_growth,Liberia,2025,-0.07782658597245039,0.0361600948639303,-1.4398812190513455,1.512201408779206,0.4920137713050919,-0.23167376094783923,9,,,
B_growth,Liberia,2026,-0.343578731710206,0.0361600948639303,-1.4398812190513455,1.512201408779206,0.4920137713050919,-0.771805280097871,9,,,
B_growth,Madagascar,2020,0.7598637680638938,0.17977757059134222,-0.4772648443824381,0.8368199855651226,0.21901413832459343,2.648624430870419,9,,,
B_growth,Madagascar,2021,-0.08036470821800877,0.17977757059134222,-0.4772648443824381,0.8368199855651226,0.21901413832459343,-1.187787604943581,9,,,
B_growth,Madagascar,2022,0.06921880041966147,0.17977757059134222,-0.4772648443824381,0.8368199855651226,0.21901413832459343,-0.5048019777053175,9,,,
B_growth,Madagascar,2023,0.24834411504196954,0.17977757059134222,-0.4772648443824381,0.8368199855651226,0.21901413832459343,0.3130690327809211,9,,,
B_growth,Madagascar,2024,0.3306454855354405,0.17977757059134222,-0.4772648443824381,0.8368199855651226,0.21901413832459343,0.6888501176143342,9,,,
B_growth,Madagascar,2025,-0.253944603038908,0.17977757059134222,-0.4772648443824381,0.8368199855651226,0.21901413832459343,-1.9803386984425877,9,,,
B_growth,Madagascar,2026,0.44291680174102815,0.17977757059134222,-0.4772648443824381,0.8368199855651226,0.21901413832459343,1.2014714354180014,9,,,
B_growth,Malawi,2020,-0.35887031978598766,-0.07966444616227368,-1.7163896556453813,1.5570607633208338,0.5455750698277025,-0.5117643548336798,9,,,
B_growth,Malawi,2021,0.4251426948769509,-0.07966444616227368,-1.7163896556453813,1.5570607633208338,0.5455750698277025,0.9252753084898969,9,,,
B_growth,Malawi,2022,0.5090053916635158,-0.07966444616227368,-1.7163896556453813,1.5570607633208338,0.5455750698277025,1.0789896210098027,9,,,
B_growth,Malawi,2023,0.3634274405413236,-0.07966444616227368,-1.7163896556453813,1.5570607633208338,0.5455750698277025,0.8121556706092338,9,,,
B_growth,Malawi,2024,0.24890931337593605,-0.07966444616227368,-1.7163896556453813,1.5570607633208338,0.5455750698277025,0.6022521513711692,9,,,
B_growth,Malawi,2025,-0.207623150274634,-0.07966444616227368,-1.7163896556453813,1.5570607633208338,0.5455750698277025,-0.23453913345558627,9,,,
B_growth,Malawi,2026,-0.33778498981716865,-0.07966444616227368,-1.7163896556453813,1.5570607633208338,0.5455750698277025,-0.47311645624938786,9,,,
B_growth,Maldives,2020,2.053353145565148,-0.24328062878948226,-2.300915960168685,1.8143547025897204,0.6858784437930675,3.3484559766213247,9,beyond_limits,medium,"Maldives FY2020: year-over-year change of +679% is above the expected range -90% to +514% (learned from FY2010-2019, where a typical year was -22%); that is 3.3 robust sigmas past the +514% limit."
B_growth,Maldives,2021,-0.011053662977907561,-0.24328062878948226,-2.300915960168685,1.8143547025897204,0.6858784437930675,0.3385832692558546,9,,,
B_growth,Maldives,2022,-0.8472510971418897,-0.24328062878948226,-2.300915960168685,1.8143547025897204,0.6858784437930675,-0.8805794580921804,9,,,
B_growth,Maldives,2023,-0.26411988143089593,-0.24328062878948226,-2.300915960168685,1.8143547025897204,0.6858784437930675,-0.030383303091095493,9,,,
B_growth,Maldives,2024,0.3155772279805838,-0.24328062878948226,-2.300915960168685,1.8143547025897204,0.6858784437930675,0.8148059788545795,9,,,
B_growth,Maldives,2025,-0.722137570895634,-0.24328062878948226,-2.300915960168685,1.8143547025897204,0.6858784437930675,-0.6981659016107306,9,,,
B_growth,Maldives,2026,1.7205675404780225,-0.24328062878948226,-2.300915960168685,1.8143547025897204,0.6858784437930675,2.8632597904768184,9,,,
B_growth,Mali,2020,0.5990733586524836,-0.08263330695641445,-0.6786706490099309,0.513404035097102,0.1986791140178388,3.43119441104257,9,beyond_limits,medium,"Mali FY2020: year-over-year change of +82% is above the expected range -49% to +67% (learned from FY2010-2019, where a typical year was -8%); that is 3.4 robust sigmas past the +67% limit."
B_growth,Mali,2021,-0.635546666948256,-0.08263330695641445,-0.6786706490099309,0.513404035097102,0.1986791140178388,-2.7829465755630314,9,,,
B_growth,Mali,2022,-0.4602063156454167,-0.08263330695641445,-0.6786706490099309,0.513404035097102,0.1986791140178388,-1.9004162090993675,9,,,
B_growth,Mali,2023,0.7212980734902473,-0.08263330695641445,-0.6786706490099309,0.513404035097102,0.1986791140178388,4.046380941554225,9,beyond_limits,medium,"Mali FY2023: year-over-year change of +106% is above the expected range -49% to +67% (learned from FY2010-2019, where a typical year was -8%); that is 4.0 robust sigmas past the +67% limit."
B_growth,Mali,2024,-0.1253190121774041,-0.08263330695641445,-0.6786706490099309,0.513404035097102,0.1986791140178388,-0.2148474711698031,9,,,
B_growth,Mali,2025,0.07015130186041814,-0.08263330695641445,-0.6786706490099309,0.513404035097102,0.1986791140178388,0.7690018629895568,9,,,
B_growth,Mali,2026,0.181524919868303,-0.08263330695641445,-0.6786706490099309,0.513404035097102,0.1986791140178388,1.3295722005333659,9,,,
B_growth,Mauritania,2020,0.9080437492028611,-0.14619289631739796,-1.0929440438014753,0.8005582511666793,0.31558371582802575,3.340592662565501,9,beyond_limits,medium,"Mauritania FY2020: year-over-year change of +148% is above the expected range -66% to +123% (learned from FY2010-2019, where a typical year was -14%); that is 3.3 robust sigmas past the +123% limit."
B_growth,Mauritania,2021,0.43802171551263336,-0.14619289631739796,-1.0929440438014753,0.8005582511666793,0.31558371582802575,1.8512191299135135,9,,,
B_growth,Mauritania,2022,-0.25702224705751364,-0.14619289631739796,-1.0929440438014753,0.8005582511666793,0.31558371582802575,-0.35118843331102373,9,,,
B_growth,Mauritania,2023,-0.009898866040460842,-0.14619289631739796,-1.0929440438014753,0.8005582511666793,0.31558371582802575,0.431879160555956,9,,,
B_growth,Mauritania,2024,-0.02977283021456852,-0.14619289631739796,-1.0929440438014753,0.8005582511666793,0.31558371582802575,0.3689039081036469,9,,,
B_growth,Mauritania,2025,0.1653158025151036,-0.14619289631739796,-1.0929440438014753,0.8005582511666793,0.31558371582802575,0.9870873660739047,9,,,
B_growth,Mauritania,2026,0.2144342461096495,-0.14619289631739796,-1.0929440438014753,0.8005582511666793,0.31558371582802575,1.142730515992681,9,,,
B_growth,Moldova,2020,-0.5670431537965711,-0.17140388894867362,-2.995336101831954,2.652528323934607,0.9413107376277602,-0.4203067584727291,9,,,
B_growth,Moldova,2021,1.3427783003867417,-0.17140388894867362,-2.995336101831954,2.652528323934607,0.9413107376277602,1.6085890968920362,9,,,
B_growth,Moldova,2022,-0.7463445439214098,-0.17140388894867362,-2.995336101831954,2.652528323934607,0.9413107376277602,-0.6107873117666438,9,,,
B_growth,Moldova,2023,1.0971317196377277,-0.17140388894867362,-2.995336101831954,2.652528323934607,0.9413107376277602,1.347626833391166,9,,,
B_growth,Moldova,2024,-0.8078427871048628,-0.17140388894867362,-2.995336101831954,2.652528323934607,0.9413107376277602,-0.6761198748886129,9,,,
B_growth,Moldova,2025,-0.16236623614411447,-0.17140388894867362,-2.995336101831954,2.652528323934607,0.9413107376277602,0.009601136418920863,9,,,
B_growth,Moldova,2026,0.734871554583263,-0.17140388894867362,-2.995336101831954,2.652528323934607,0.9413107376277602,0.9627803097369126,9,,,
B_growth,Mongolia,2020,2.1072552095416515,-0.1513241970695434,-1.5858674417651613,1.2832190476260745,0.47818108156520595,4.72327219474744,9,beyond_limits,medium,"Mongolia FY2020: year-over-year change of +723% is above the expected range -80% to +261% (learned from FY2010-2019, where a typical year was -14%); that is 4.7 robust sigmas past the +261% limit."
B_growth,Mongolia,2021,-0.43783659597961877,-0.1513241970695434,-1.5858674417651613,1.2832190476260745,0.47818108156520595,-0.599171338966922,9,,,
B_growth,Mongolia,2022,-0.01793913260643085,-0.1513241970695434,-1.5858674417651613,1.2832190476260745,0.47818108156520595,0.2789425797158473,9,,,
B_growth,Mongolia,2023,-0.5689134422643105,-0.1513241970695434,-1.5858674417651613,1.2832190476260745,0.47818108156520595,-0.8732868390106387,9,,,
B_growth,Mongolia,2024,0.030610744835441732,-0.1513241970695434,-1.5858674417651613,1.2832190476260745,0.47818108156520595,0.380472898069214,9,,,
B_growth,Mongolia,2025,-0.7156861304802611,-0.1513241970695434,-1.5858674417651613,1.2832190476260745,0.47818108156520595,-1.180226393657023,9,,,
B_growth,Mongolia,2026,-0.20470697725994694,-0.1513241970695434,-1.5858674417651613,1.2832190476260745,0.47818108156520595,-0.11163716476542399,9,,,
B_growth,Montenegro,2020,0.0,0.0,-0.20020956827864744,0.20020956827864744,0.06673652275954915,0.0,9,,,
B_growth,Montenegro,2021,0.0,0.0,-0.20020956827864744,0.20020956827864744,0.06673652275954915,0.0,9,,,
B_growth,Montenegro,2022,0.0,0.0,-0.20020956827864744,0.20020956827864744,0.06673652275954915,0.0,9,,,
B_growth,Montenegro,2023,0.0,0.0,-0.20020956827864744,0.20020956827864744,0.06673652275954915,0.0,9,,,
B_growth,Montenegro,2024,0.0,0.0,-0.20020956827864744,0.20020956827864744,0.06673652275954915,0.0,9,,,
B_growth,Montenegro,2025,0.0,0.0,-0.20020956827864744,0.20020956827864744,0.06673652275954915,0.0,9,,,
B_growth,Montenegro,2026,0.0,0.0,-0.20020956827864744,0.20020956827864744,0.06673652275954915,0.0,9,,,
B_growth,Mozambique,2020,0.202016086950482,0.024700506103957243,-0.6574832475552126,0.7068842597631271,0.2273945845530566,0.779770464609076,9,,,
B_growth,Mozambique,2021,0.43075569297069966,0.024700506103957243,-0.6574832475552126,0.7068842597631271,0.2273945845530566,1.785685387648271,9,,,
B_growth,Mozambique,2022,0.08227902543686466,0.024700506103957243,-0.6574832475552126,0.7068842597631271,0.2273945845530566,0.25320972109374473,9,,,
B_growth,Mozambique,2023,0.4848203997354374,0.024700506103957243,-0.6574832475552126,0.7068842597631271,0.2273945845530566,2.0234426186351113,9,,,
B_growth,Mozambique,2024,0.22039043190934002,0.024700506103957243,-0.6574832475552126,0.7068842597631271,0.2273945845530566,0.8605742576940025,9,,,
B_growth,Mozambique,2025,-0.43706704882528397,0.024700506103957243,-0.6574832475552126,0.7068842597631271,0.2273945845530566,-2.030688443336696,9,,,
B_growth,Mozambique,2026,0.21992259430945973,0.024700506103957243,-0.6574832475552126,0.7068842597631271,0.2273945845530566,0.8585168753653959,9,,,
B_growth,Nepal,2020,-0.12450466547260725,0.13086756663396099,-0.8277851089759121,1.089520242243834,0.31955089186995767,-0.7991598164917432,9,,,
B_growth,Nepal,2021,0.5886671327890338,0.13086756663396099,-0.8277851089759121,1.089520242243834,0.31955089186995767,1.4326342933236935,9,,,
B_growth,Nepal,2022,-0.5702357561791924,0.13086756663396099,-0.8277851089759121,1.089520242243834,0.31955089186995767,-2.1940271194688754,9,,,
B_growth,Nepal,2023,-0.21577069691270684,0.13086756663396099,-0.8277851089759121,1.089520242243834,0.31955089186995767,-1.0847670038352872,9,,,
B_growth,Nepal,2024,-0.297736672333029,0.13086756663396099,-0.8277851089759121,1.089520242243834,0.31955089186995767,-1.3412706704051758,9,,,
B_growth,Nepal,2025,0.6379949135673783,0.13086756663396099,-0.8277851089759121,1.089520242243834,0.31955089186995767,1.5870002551574616,9,,,
B_growth,Nepal,2026,-0.8996923887259974,0.13086756663396099,-0.8277851089759121,1.089520242243834,0.31955089186995767,-3.2250260649541493,9,beyond_limits,medium,"Nepal FY2026: year-over-year change of -59% is below the expected range -56% to +197% (learned from FY2010-2019, where a typical year was +14%); that is 3.2 robust sigmas past the -56% limit."
B_growth,Nicaragua,2020,0.08890656222475143,-0.09726132302810155,-1.1508365161706138,0.9563138701144106,0.351191731047504,0.5301032706481092,9,,,
B_growth,Nicaragua,2021,0.2194471278265477,-0.09726132302810155,-1.1508365161706138,0.9563138701144106,0.351191731047504,0.9018106716522025,9,,,
B_growth,Nicaragua,2022,0.0657245194282422,-0.09726132302810155,-1.1508365161706138,0.9563138701144106,0.351191731047504,0.4640936219375206,9,,,
B_growth,Nicaragua,2023,-0.4835481782772609,-0.09726132302810155,-1.1508365161706138,0.9563138701144106,0.351191731047504,-1.0999315220121404,9,,,
B_growth,Nicaragua,2024,0.21313272571543287,-0.09726132302810155,-1.1508365161706138,0.9563138701144106,0.351191731047504,0.8838307434452348,9,,,
B_growth,Nicaragua,2025,-0.930719995443603,-0.09726132302810155,-1.1508365161706138,0.9563138701144106,0.351191731047504,-2.3732297737464765,9,,,
B_growth,Nicaragua,2026,-2.361017700587307,-0.09726132302810155,-1.1508365161706138,0.9563138701144106,0.351191731047504,-6.445927330939914,9,beyond_limits,high,"Nicaragua FY2026: year-over-year change of -91% is below the expected range -68% to +160% (learned from FY2010-2019, where a typical year was -9%); that is 6.4 robust sigmas past the -68% limit."
B_growth,Niger,2020,0.6760812837794478,0.04417281312167401,-1.1358906253252328,1.224236251568581,0.3933544794823023,1.6064605937357945,9,,,
B_growth,Niger,2021,0.0611523556603968,0.04417281312167401,-1.1358906253252328,1.224236251568581,0.3933544794823023,0.04316600782345159,9,,,
B_growth,Niger,2022,-0.012739104619724866,0.04417281312167401,-1.1358906253252328,1.224236251568581,0.3933544794823023,-0.14468353790276195,9,,,
B_growth,Niger,2023,0.35612261466511824,0.04417281312167401,-1.1358906253252328,1.224236251568581,0.3933544794823023,0.793050080309253,9,,,
B_growth,Niger,2024,-1.6233818379432339,0.04417281312167401,-1.1358906253252328,1.224236251568581,0.3933544794823023,-4.239317811404088,9,beyond_limits,medium,"Niger FY2024: year-over-year change of -80% is below the expected range -68% to +240% (learned from FY2010-2019, where a typical year was +5%); that is 4.2 robust sigmas past the -68% limit."
B_growth,Niger,2025,1.3944654407493915,0.04417281312167401,-1.1358906253252328,1.224236251568581,0.3933544794823023,3.4327628082559296,9,beyond_limits,medium,"Niger FY2025: year-over-year change of +303% is above the expected range -68% to +240% (learned from FY2010-2019, where a typical year was +5%); that is 3.4 robust sigmas past the +240% limit."
B_growth,Niger,2026,0.17698185066616803,0.04417281312167401,-1.1358906253252328,1.224236251568581,0.3933544794823023,0.3376319438875726,9,,,
B_growth,Nigeria,2020,-0.18743295789053235,-0.02839727474470185,-0.7119207428865423,0.6551261933971385,0.22784115604728014,-0.6980112193287346,9,,,
B_growth,Nigeria,2021,0.32836797644910304,-0.02839727474470185,-0.7119207428865423,0.6551261933971385,0.22784115604728014,1.565850776844598,9,,,
B_growth,Nigeria,2022,0.43308034224110803,-0.02839727474470185,-0.7119207428865423,0.6551261933971385,0.22784115604728014,2.025435724571407,9,,,
B_growth,Nigeria,2023,-0.1653957772430252,-0.02839727474470185,-0.7119207428865423,0.6551261933971385,0.22784115604728014,-0.6012895337921051,9,,,
B_growth,Nigeria,2024,0.4347281513083958,-0.02839727474470185,-0.7119207428865423,0.6551261933971385,0.22784115604728014,2.0326679959304315,9,,,
B_growth,Nigeria,2025,-0.6702379453543721,-0.02839727474470185,-0.7119207428865423,0.6551261933971385,0.22784115604728014,-2.8170532565085806,9,,,
B_growth,Nigeria,2026,0.19642871857223376,-0.02839727474470185,-0.7119207428865423,0.6551261933971385,0.22784115604728014,0.9867663824102137,9,,,
B_growth,Pakistan,2020,0.8481538989155519,-0.2138872329185757,-0.8740112030544146,0.4462367372172632,0.22004132337861296,4.826553101604157,9,beyond_limits,medium,"Pakistan FY2020: year-over-year change of +134% is above the expected range -58% to +56% (learned from FY2010-2019, where a typical year was -19%); that is 4.8 robust sigmas past the +56% limit."
B_growth,Pakistan,2021,0.27231221500539426,-0.2138872329185757,-0.8740112030544146,0.4462367372172632,0.22004132337861296,2.2095824568705824,9,,,
B_growth,Pakistan,2022,-0.3319183324562948,-0.2138872329185757,-0.8740112030544146,0.4462367372172632,0.22004132337861296,-0.5364042431913096,9,,,
B_growth,Pakistan,2023,0.42457350759108187,-0.2138872329185757,-0.8740112030544146,0.4462367372172632,0.22004132337861296,2.9015492667761023,9,,,
B_growth,Pakistan,2024,0.10863427463738955,-0.2138872329185757,-0.8740112030544146,0.4462367372172632,0.22004132337861296,1.4657315389847039,9,,,
B_growth,Pakistan,2025,-0.35739835660416264,-0.2138872329185757,-0.8740112030544146,0.4462367372172632,0.22004132337861296,-0.6522007842983896,9,,,
B_growth,Pakistan,2026,0.11730721229774221,-0.2138872329185757,-0.8740112030544146,0.4462367372172632,0.22004132337861296,1.5051465794288554,9,,,
B_growth,Papua New Guinea,2020,-1.6530447675554012,0.1065470357800023,-1.1794866955002163,1.3925807670602208,0.42867791042673953,-4.104694365015842,9,beyond_limits,medium,"Papua New Guinea FY2020: year-over-year change of -81% is below the expected range -69% to +303% (learned from FY2010-2019, where a typical year was +11%); that is 4.1 robust sigmas past the -69% limit."
B_growth,Papua New Guinea,2021,-0.7637606478326673,0.1065470357800023,-1.1794866955002163,1.3925807670602208,0.42867791042673953,-2.0302135063276228,9,,,
B_growth,Papua New Guinea,2022,1.9911676380957322,0.1065470357800023,-1.1794866955002163,1.3925807670602208,0.42867791042673953,4.3963557637939195,9,beyond_limits,medium,"Papua New Guinea FY2022: year-over-year change of +632% is above the expected range -69% to +303% (learned from FY2010-2019, where a typical year was +11%); that is 4.4 robust sigmas past the +303% limit."
B_growth,Papua New Guinea,2023,-1.2420454310479332,0.1065470357800023,-1.1794866955002163,1.3925807670602208,0.42867791042673953,-3.145934124493238,9,beyond_limits,medium,"Papua New Guinea FY2023: year-over-year change of -71% is below the expected range -69% to +303% (learned from FY2010-2019, where a typical year was +11%); that is 3.1 robust sigmas past the -69% limit."
B_growth,Papua New Guinea,2024,0.12723683473995342,0.1065470357800023,-1.1794866955002163,1.3925807670602208,0.42867791042673953,0.048264205961428906,9,,,
B_growth,Papua New Guinea,2025,0.40349275552929664,0.1065470357800023,-1.1794866955002163,1.3925807670602208,0.42867791042673953,0.6927012391510712,9,,,
B_growth,Papua New Guinea,2026,1.1455254879691412,0.1065470357800023,-1.1794866955002163,1.3925807670602208,0.42867791042673953,2.4236808730238946,9,,,
B_growth,Rwanda,2020,0.4805184814651398,0.13134776097792136,-0.38401459565197715,0.6467101176078198,0.17178745220996616,2.0325740675194752,9,,,
B_growth,Rwanda,2021,0.12181698526245101,0.13134776097792136,-0.38401459565197715,0.6467101176078198,0.17178745220996616,-0.055480045794156274,9,,,
B_growth,Rwanda,2022,-0.22688123005605706,0.13134776097792136,-0.38401459565197715,0.6467101176078198,0.17178745220996616,-2.085303591301507,9,,,
B_growth,Rwanda,2023,0.18770697300083958,0.13134776097792136,-0.38401459565197715,0.6467101176078198,0.17178745220996616,0.32807525402980836,9,,,
B_growth,Rwanda,2024,0.04159551153757482,0.13134776097792136,-0.38401459565197715,0.6467101176078198,0.17178745220996616,-0.5224610312669834,9,,,
B_growth,Rwanda,2025,0.3069750924578139,0.13134776097792136,-0.38401459565197715,0.6467101176078198,0.17178745220996616,1.0223525014227064,9,,,
B_growth,Rwanda,2026,-0.4945842048933183,0.13134776097792136,-0.38401459565197715,0.6467101176078198,0.17178745220996616,-3.6436419413578482,9,beyond_limits,medium,"Rwanda FY2026: year-over-year change of -39% is below the expected range -32% to +91% (learned from FY2010-2019, where a typical year was +14%); that is 3.6 robust sigmas past the -32% limit."
B_growth,Samoa,2020,0.1841037800821728,0.07283600014328004,-1.2036589403932922,1.3493309406798522,0.4254983135121907,0.26149993173992897,9,,,
B_growth,Samoa,2021,-0.4311638950795803,0.07283600014328004,-1.2036589403932922,1.3493309406798522,0.4254983135121907,-1.184493285208804,9,,,
B_growth,Samoa,2022,0.4375155149439823,0.07283600014328004,-1.2036589403932922,1.3493309406798522,0.4254983135121907,0.857064536379776,9,,,
B_growth,Samoa,2023,-0.07911496588407196,0.07283600014328004,-1.2036589403932922,1.3493309406798522,0.4254983135121907,-0.35711296896362094,9,,,
B_growth,Samoa,2024,-0.5796254794996804,0.07283600014328004,-1.2036589403932922,1.3493309406798522,0.4254983135121907,-1.533405559841936,9,,,
B_growth,Samoa,2025,0.0848791103599456,0.07283600014328004,-1.2036589403932922,1.3493309406798522,0.4254983135121907,0.028303543948877522,9,,,
B_growth,Samoa,2026,-0.3615427264678285,0.07283600014328004,-1.2036589403932922,1.3493309406798522,0.4254983135121907,-1.0208706187942702,9,,,
B_growth,Sao Tome and Principe,2020,0.2345153127018485,0.006082402108454912,-7.329600203783882,7.341765008000793,2.445227535297446,0.09341989949643122,9,,,
B_growth,Sao Tome and Principe,2021,0.34494759172365025,0.006082402108454912,-7.329600203783882,7.341765008000793,2.445227535297446,0.13858227290654757,9,,,
B_growth,Sao Tome and Principe,2022,0.3602317498090932,0.006082402108454912,-7.329600203783882,7.341765008000793,2.445227535297446,0.14483288061679642,9,,,
B_growth,Sao Tome and Principe,2023,-0.48705486967365946,0.006082402108454912,-7.329600203783882,7.341765008000793,2.445227535297446,-0.20167336767787847,9,,,
B_growth,Sao Tome and Principe,2024,0.7029131178328497,0.006082402108454912,-7.329600203783882,7.341765008000793,2.445227535297446,0.2849758174507183,9,,,
B_growth,Sao Tome and Principe,2025,0.11646700052558345,0.006082402108454912,-7.329600203783882,7.341765008000793,2.445227535297446,0.04514287395495936,9,,,
B_growth,Sao Tome and Principe,2026,0.2381034179133959,0.006082402108454912,-7.329600203783882,7.341765008000793,2.445227535297446,0.09488729063273744,9,,,
B_growth,Senegal,2020,0.34229939380719293,0.186060942575464,-0.8506020562464556,1.2227239413973836,0.34555433294063986,0.4521385968514768,9,,,
B_growth,Senegal,2021,-0.5076827818246263,0.186060942575464,-0.8506020562464556,1.2227239413973836,0.34555433294063986,-2.007625598256536,9,,,
B_growth,Senegal,2022,0.781693392710795,0.186060942575464,-0.8506020562464556,1.2227239413973836,0.34555433294063986,1.7237012919691854,9,,,
B_growth,Senegal,2023,-0.03787563860722768,0.186060942575464,-0.8506020562464556,1.2227239413973836,0.34555433294063986,-0.6480502770056714,9,,,
B_growth,Senegal,2024,-0.4226161914378271,0.186060942575464,-0.8506020562464556,1.2227239413973836,0.34555433294063986,-1.7614513145689625,9,,,
B_growth,Senegal,2025,-0.48491942292089013,0.186060942575464,-0.8506020562464556,1.2227239413973836,0.34555433294063986,-1.9417506931149282,9,,,
B_growth,Senegal,2026,0.7923701279415077,0.186060942575464,-0.8506020562464556,1.2227239413973836,0.34555433294063986,1.7545987058139334,9,,,
B_growth,Serbia,2020,0.0,0.0,-1.3458253077922258,1.3458253077922258,0.4486084359307419,0.0,9,,,
B_growth,Serbia,2021,0.0,0.0,-1.3458253077922258,1.3458253077922258,0.4486084359307419,0.0,9,,,
B_growth,Serbia,2022,0.0,0.0,-1.3458253077922258,1.3458253077922258,0.4486084359307419,0.0,9,,,
B_growth,Serbia,2023,0.0,0.0,-1.3458253077922258,1.3458253077922258,0.4486084359307419,0.0,9,,,
B_growth,Serbia,2024,0.0,0.0,-1.3458253077922258,1.3458253077922258,0.4486084359307419,0.0,9,,,
B_growth,Serbia,2025,0.0,0.0,-1.3458253077922258,1.3458253077922258,0.4486084359307419,0.0,9,,,
B_growth,Serbia,2026,0.0,0.0,-1.3458253077922258,1.3458253077922258,0.4486084359307419,0.0,9,,,
B_growth,Sierra Leone,2020,-0.04116593705163197,0.25172706283713747,-2.376686698612245,2.88014082428652,0.8761379204831274,-0.33430010622900547,9,,,
B_growth,Sierra Leone,2021,0.8567271821661204,0.25172706283713747,-2.376686698612245,2.88014082428652,0.8761379204831274,0.6905306860766494,9,,,
B_growth,Sierra Leone,2022,-0.33038518401765704,0.25172706283713747,-2.376686698612245,2.88014082428652,0.8761379204831274,-0.6644070907623782,9,,,
B_growth,Sierra Leone,2023,0.34995126547961597,0.25172706283713747,-2.376686698612245,2.88014082428652,0.8761379204831274,0.1121104341520966,9,,,
B_growth,Sierra Leone,2024,-0.24475051000669534,0.25172706283713747,-2.376686698612245,2.88014082428652,0.8761379204831274,-0.5666660022774279,9,,,
B_growth,Sierra Leone,2025,0.006442085612668494,0.25172706283713747,-2.376686698612245,2.88014082428652,0.8761379204831274,-0.2799616036356603,9,,,
B_growth,Sierra Leone,2026,-0.40843314301978245,0.25172706283713747,-2.376686698612245,2.88014082428652,0.8761379204831274,-0.7534889090211833,9,,,
B_growth,Solomon Islands,2020,1.00865003950629,0.4784730967809911,-1.321354799844958,2.27830099340694,0.5999426322086497,0.8837127322882307,9,,,
B_growth,Solomon Islands,2021,-0.36606753834301853,0.4784730967809911,-1.321354799844958,2.27830099340694,0.5999426322086497,-1.4077023198282947,9,,,
B_growth,Solomon Islands,2022,0.42470153828286594,0.4784730967809911,-1.321354799844958,2.27830099340694,0.5999426322086497,-0.089627833748318,9,,,
B_growth,Solomon Islands,2023,0.6370065997712911,0.4784730967809911,-1.321354799844958,2.27830099340694,0.5999426322086497,0.26424777050210496,9,,,
B_growth,Solomon Islands,2024,0.07984288612299462,0.4784730967809911,-1.321354799844958,2.27830099340694,0.5999426322086497,-0.6644472142119078,9,,,
B_growth,Solomon Islands,2025,0.17402772589026588,0.4784730967809911,-1.321354799844958,2.27830099340694,0.5999426322086497,-0.5074574710084019,9,,,
B_growth,Solomon Islands,2026,0.20132229869787865,0.4784730967809911,-1.321354799844958,2.27830099340694,0.5999426322086497,-0.46196216638714244,9,,,
B_growth,Sri Lanka,2020,0.5248604937527451,-0.051028027888535624,-0.7904434054088427,0.6883873496317714,0.246471792506769,2.336529124830643,9,,,
B_growth,Sri Lanka,2021,0.39498673290707775,-0.051028027888535624,-0.7904434054088427,0.6883873496317714,0.246471792506769,1.8095975862364218,9,,,
B_growth,Sri Lanka,2022,-0.3599064143164998,-0.051028027888535624,-0.7904434054088427,0.6883873496317714,0.246471792506769,-1.2531997405726711,9,,,
B_growth,Sri Lanka,2023,0.5337580405786984,-0.051028027888535624,-0.7904434054088427,0.6883873496317714,0.246471792506769,2.372628780436097,9,,,
B_growth,Sri Lanka,2024,0.23977023394830319,-0.051028027888535624,-0.7904434054088427,0.6883873496317714,0.246471792506769,1.179843984900838,9,,,
B_growth,Sri Lanka,2025,-0.099521792004374,-0.051028027888535624,-0.7904434054088427,0.6883873496317714,0.246471792506769,-0.19675178089398024,9,,,
B_growth,Sri Lanka,2026,-0.8809426830343436,-0.051028027888535624,-0.7904434054088427,0.6883873496317714,0.246471792506769,-3.367179045947075,9,beyond_limits,medium,"Sri Lanka FY2026: year-over-year change of -59% is below the expected range -55% to +99% (learned from FY2010-2019, where a typical year was -5%); that is 3.4 robust sigmas past the -55% limit."
B_growth,St. Lucia,2020,1.3090161708443706,-0.056069722394430845,-2.759927450506784,2.6477880057179224,0.9012859093707845,1.5145980637729155,9,,,
B_growth,St. Lucia,2021,1.2971465134811013,-0.056069722394430845,-2.759927450506784,2.6477880057179224,0.9012859093707845,1.501428372291157,9,,,
B_growth,St. Lucia,2022,-1.0037863014930724,-0.056069722394430845,-2.759927450506784,2.6477880057179224,0.9012859093707845,-1.0515160275392208,9,,,
B_growth,St. Lucia,2023,0.12701214807840083,-0.056069722394430845,-2.759927450506784,2.6477880057179224,0.9012859093707845,0.20313406497239792,9,,,
B_growth,St. Lucia,2024,1.2703856740990824,-0.056069722394430845,-2.759927450506784,2.6477880057179224,0.9012859093707845,1.4717365296652123,9,,,
B_growth,St. Lucia,2025,-1.1834909207224937,-0.056069722394430845,-2.759927450506784,2.6477880057179224,0.9012859093707845,-1.2509029450101472,9,,,
B_growth,St. Lucia,2026,0.2618912840288289,-0.056069722394430845,-2.759927450506784,2.6477880057179224,0.9012859093707845,0.3527859507370288,9,,,
B_growth,St. Vincent and the Grenadines,2020,2.8294643382192888,0.12403261591696452,-2.3632040901204903,2.6112693219544196,0.829078902012485,3.263177624874096,9,beyond_limits,medium,"St. Vincent and the Grenadines FY2020: year-over-year change of +1594% is above the expected range -91% to +1262% (learned from FY2010-2019, where a typical year was +13%); that is 3.3 robust sigmas past the +1262% limit."
B_growth,St. Vincent and the Grenadines,2021,0.002396902519768522,0.12403261591696452,-2.3632040901204903,2.6112693219544196,0.829078902012485,-0.14671186674988418,9,,,
B_growth,St. Vincent and the Grenadines,2022,0.0920184404920707,0.12403261591696452,-2.3632040901204903,2.6112693219544196,0.829078902012485,-0.03861414799868074,9,,,
B_growth,St. Vincent and the Grenadines,2023,-1.261882658759604,0.12403261591696452,-2.3632040901204903,2.6112693219544196,0.829078902012485,-1.6716325446377094,9,,,
B_growth,St. Vincent and the Grenadines,2024,0.035744993944175546,0.12403261591696452,-2.3632040901204903,2.6112693219544196,0.829078902012485,-0.10648880553887193,9,,,
B_growth,St. Vincent and the Grenadines,2025,0.7012399645455335,0.12403261591696452,-2.3632040901204903,2.6112693219544196,0.829078902012485,0.6962031565722762,9,,,
B_growth,St. Vincent and the Grenadines,2026,-0.4386847117766976,0.12403261591696452,-2.3632040901204903,2.6112693219544196,0.829078902012485,-0.6787259045281896,9,,,
B_growth,Tajikistan,2020,-0.060876312557036495,0.3252881555213698,-1.685061653625098,2.3356379646678374,0.6701166030488226,-0.5762645878664666,9,,,
B_growth,Tajikistan,2021,0.5614901195381948,0.3252881555213698,-1.685061653625098,2.3356379646678374,0.6701166030488226,0.3524789013466901,9,,,
B_growth,Tajikistan,2022,-0.053380931031985164,0.3252881555213698,-1.685061653625098,2.3356379646678374,0.6701166030488226,-0.565079397869756,9,,,
B_growth,Tajikistan,2023,0.5854027883982129,0.3252881555213698,-1.685061653625098,2.3356379646678374,0.6701166030488226,0.3881632415812446,9,,,
B_growth,Tajikistan,2024,0.020774259915913345,0.3252881555213698,-1.685061653625098,2.3356379646678374,0.6701166030488226,-0.454419267064885,9,,,
B_growth,Tajikistan,2025,-0.015975832691670647,0.3252881555213698,-1.685061653625098,2.3356379646678374,0.6701166030488226,-0.5092606072740105,9,,,
B_growth,Tajikistan,2026,0.747270865088839,0.3252881555213698,-1.685061653625098,2.3356379646678374,0.6701166030488226,0.6297153475194897,9,,,
B_growth,Tanzania,2020,0.504621280720531,0.0008201074190416184,-0.8275275889694635,0.8291678038075467,0.2761158987961684,1.824600377949988,9,,,
B_growth,Tanzania,2021,-0.454102948897768,0.0008201074190416184,-0.8275275889694635,0.8291678038075467,0.2761158987961684,-1.647580086116803,9,,,
B_growth,Tanzania,2022,0.5589818418916602,0.0008201074190416184,-0.8275275889694635,0.8291678038075467,0.2761158987961684,2.0214762601723972,9,,,
B_growth,Tanzania,2023,0.5833205383763178,0.0008201074190416184,-0.8275275889694635,0.8291678038075467,0.2761158987961684,2.109622928259137,9,,,
B_growth,Tanzania,2024,0.33923964938171763,0.0008201074190416184,-0.8275275889694635,0.8291678038075467,0.2761158987961684,1.2256430847993323,9,,,
B_growth,Tanzania,2025,-0.3076991403952364,0.0008201074190416184,-0.8275275889694635,0.8291678038075467,0.2761158987961684,-1.1173541587405298,9,,,
B_growth,Tanzania,2026,-0.1588365157640318,0.0008201074190416184,-0.8275275889694635,0.8291678038075467,0.2761158987961684,-0.57822321669689,9,,,
B_growth,Timor-Leste,2020,-0.09889617591488506,0.16827275827844612,-1.4129565642682613,1.7495020808251538,0.5270764408489025,-0.5068884007849647,9,,,
B_growth,Timor-Leste,2021,0.250497047764228,0.16827275827844612,-1.4129565642682613,1.7495020808251538,0.5270764408489025,0.15600069195533098,9,,,
B_growth,Timor-Leste,2022,0.2368297788529334,0.16827275827844612,-1.4129565642682613,1.7495020808251538,0.5270764408489025,0.13007035651995796,9,,,
B_growth,Timor-Leste,2023,-0.005899769676964709,0.16827275827844612,-1.4129565642682613,1.7495020808251538,0.5270764408489025,-0.33045022402232743,9,,,
B_growth,Timor-Leste,2024,0.15719464189758817,0.16827275827844612,-1.4129565642682613,1.7495020808251538,0.5270764408489025,-0.021018045054367607,9,,,
B_growth,Timor-Leste,2025,-0.08986038501996871,0.16827275827844612,-1.4129565642682613,1.7495020808251538,0.5270764408489025,-0.48974517412060564,9,,,
B_growth,Timor-Leste,2026,0.6299575211332381,0.16827275827844612,-1.4129565642682613,1.7495020808251538,0.5270764408489025,0.8759351150493626,9,,,
B_growth,Togo,2020,1.0165610132885168,-0.010704863121288344,-2.5450781295359928,2.5236684032934162,0.8447910888049015,1.2159998963330032,9,,,
B_growth,Togo,2021,-0.40998314207758013,-0.010704863121288344,-2.5450781295359928,2.5236684032934162,0.8447910888049015,-0.47263552403368486,9,,,
B_growth,Togo,2022,0.20612758909086412,-0.010704863121288344,-2.5450781295359928,2.5236684032934162,0.8447910888049015,0.2566699093842222,9,,,
B_growth,Togo,2023,-0.17604768963295622,-0.010704863121288344,-2.5450781295359928,2.5236684032934162,0.8447910888049015,-0.19572037241251325,9,,,
B_growth,Togo,2024,0.6021784994200818,-0.010704863121288344,-2.5450781295359928,2.5236684032934162,0.8447910888049015,0.7254851177566236,9,,,
B_growth,Togo,2025,0.30498747273842336,-0.010704863121288344,-2.5450781295359928,2.5236684032934162,0.8447910888049015,0.3736927863506602,9,,,
B_growth,Togo,2026,-0.15161727032489936,-0.010704863121288344,-2.5450781295359928,2.5236684032934162,0.8447910888049015,-0.1668014839064593,9,,,
B_growth,Tonga,2020,-0.36388251772102903,0.05565236695007545,-1.3161829571687342,1.4274876910688852,0.45727844137293655,-0.9174604501613711,9,,,
B_growth,Tonga,2021,1.1047964754093935,0.05565236695007545,-1.3161829571687342,1.4274876910688852,0.45727844137293655,2.2943222630600277,9,,,
B_growth,Tonga,2022,-0.40881493929483276,0.05565236695007545,-1.3161829571687342,1.4274876910688852,0.45727844137293655,-1.0157209792143005,9,,,
B_growth,Tonga,2023,-0.12977685322184943,0.05565236695007545,-1.3161829571687342,1.4274876910688852,0.45727844137293655,-0.40550614985301003,9,,,
B_growth,Tonga,2024,-0.2055175201300206,0.05565236695007545,-1.3161829571687342,1.4274876910688852,0.45727844137293655,-0.571139733366737,9,,,
B_growth,Tonga,2025,0.5961094079195849,0.05565236695007545,-1.3161829571687342,1.4274876910688852,0.45727844137293655,1.1818992370312424,9,,,
B_growth,Tonga,2026,-0.44372492165113153,0.05565236695007545,-1.3161829571687342,1.4274876910688852,0.45727844137293655,-1.0920639230265754,9,,,
B_growth,Uganda,2020,-0.05868681274873867,0.027978144203256526,-1.0112655297961677,1.0672218182026807,0.3464145579998081,-0.2501770059907332,9,,,
B_growth,Uganda,2021,0.7843633763878163,0.027978144203256526,-1.0112655297961677,1.0672218182026807,0.3464145579998081,2.183468375439865,9,,,
B_growth,Uganda,2022,-0.2905628450201212,0.027978144203256526,-1.0112655297961677,1.0672218182026807,0.3464145579998081,-0.9195369590199329,9,,,
B_growth,Uganda,2023,-0.4197355208128271,0.027978144203256526,-1.0112655297961677,1.0672218182026807,0.3464145579998081,-1.2924216222354363,9,,,
B_growth,Uganda,2024,0.32766801088646774,0.027978144203256526,-1.0112655297961677,1.0672218182026807,0.3464145579998081,0.8651191463015168,9,,,
B_growth,Uganda,2025,0.32825457773847677,0.027978144203256526,-1.0112655297961677,1.0672218182026807,0.3464145579998081,0.8668123974610403,9,,,
B_growth,Uganda,2026,0.015427131041348187,0.027978144203256526,-1.0112655297961677,1.0672218182026807,0.3464145579998081,-0.0362311943077037,9,,,
B_growth,Uzbekistan,2020,-1.4036680464726865,0.18812793832503405,-0.449342162609079,0.8255980392591471,0.21249003364470434,-7.491155973269295,9,beyond_limits,high,"Uzbekistan FY2020: year-over-year change of -75% is below the expected range -36% to +128% (learned from FY2010-2019, where a typical year was +21%); that is 7.5 robust sigmas past the -36% limit."
B_growth,Uzbekistan,2021,1.0344814219844194,0.18812793832503405,-0.449342162609079,0.8255980392591471,0.21249003364470434,3.983026729030207,9,beyond_limits,medium,"Uzbekistan FY2021: year-over-year change of +181% is above the expected range -36% to +128% (learned from FY2010-2019, where a typical year was +21%); that is 4.0 robust sigmas past the +128% limit."
B_growth,Uzbekistan,2022,-0.07767980810819342,0.18812793832503405,-0.449342162609079,0.8255980392591471,0.21249003364470434,-1.2509186519198046,9,,,
B_growth,Uzbekistan,2023,0.5656591212581352,0.18812793832503405,-0.449342162609079,0.8255980392591471,0.21249003364470434,1.7767006595911938,9,,,
B_growth,Uzbekistan,2024,-0.11811400880372154,0.18812793832503405,-0.449342162609079,0.8255980392591471,0.21249003364470434,-1.4412061680069659,9,,,
B_growth,Uzbekistan,2025,0.1952930815372947,0.18812793832503405,-0.449342162609079,0.8255980392591471,0.21249003364470434,0.03371990247900837,9,,,
B_growth,Uzbekistan,2026,-0.1067450148085715,0.18812793832503405,-0.449342162609079,0.8255980392591471,0.21249003364470434,-1.387702510446444,9,,,
B_growth,Vietnam,2020,0.4248730287074912,-0.11214875731445446,-0.6498662115362006,0.42556869690729165,0.1792391514072487,2.996118770958585,9,,,
B_growth,Vietnam,2021,-0.3862627315982891,-0.11214875731445446,-0.6498662115362006,0.42556869690729165,0.1792391514072487,-1.5293197503542135,9,,,
B_growth,Vietnam,2022,0.13984497468066612,-0.11214875731445446,-0.6498662115362006,0.42556869690729165,0.1792391514072487,1.4059078611824403,9,,,
B_growth,Vietnam,2023,-0.039276256226896254,-0.11214875731445446,-0.6498662115362006,0.42556869690729165,0.1792391514072487,0.4065657559490719,9,,,
B_growth,Western Africa,2020,-0.9793223260964545,0.0,-1.8288717479459269,1.8288717479459269,0.6096239159819756,-1.6064368546285994,9,,,
B_growth,Western Africa,2021,2.0392011117148834,0.0,-1.8288717479459269,1.8288717479459269,0.6096239159819756,3.3450149481589158,9,beyond_limits,medium,"Western Africa FY2021: year-over-year change of +668% is above the expected range -84% to +523% (learned from FY2010-2019, where a typical year was +0%); that is 3.3 robust sigmas past the +523% limit."
B_growth,"Yemen, Republic of",2020,-2.252424600532286,0.22311741911266678,-1.655165716524994,2.1014005547503274,0.6260943785458869,-3.953943853312394,9,beyond_limits,medium,"Yemen, Republic of FY2020: year-over-year change of -89% is below the expected range -81% to +718% (learned from FY2010-2019, where a typical year was +25%); that is 4.0 robust sigmas past the -81% limit."
B_growth,"Yemen, Republic of",2021,1.5673825913478046,0.22311741911266678,-1.655165716524994,2.1014005547503274,0.6260943785458869,2.1470647530124976,9,,,
B_growth,"Yemen, Republic of",2022,0.49124366483461984,0.22311741911266678,-1.655165716524994,2.1014005547503274,0.6260943785458869,0.4282521212611429,9,,,
B_growth,"Yemen, Republic of",2023,0.005502171827750689,0.22311741911266678,-1.655165716524994,2.1014005547503274,0.6260943785458869,-0.3475757884782971,9,,,
B_growth,"Yemen, Republic of",2024,-0.03335204905450046,0.22311741911266678,-1.655165716524994,2.1014005547503274,0.6260943785458869,-0.40963387782337424,9,,,
B_growth,"Yemen, Republic of",2025,-0.14314884504205458,0.22311741911266678,-1.655165716524994,2.1014005547503274,0.6260943785458869,-0.5850016813844903,9,,,
B_growth,"Yemen, Republic of",2026,-1.1061468827648704,0.22311741911266678,-1.655165716524994,2.1014005547503274,0.6260943785458869,-2.123105313554759,9,,,
B_growth,Zambia,2020,0.10730065864570748,-0.06533578444645158,-1.216415817299204,1.085744248406301,0.38369334428425084,0.4499333795174334,9,,,
B_growth,Zambia,2021,0.1873334785109836,-0.06533578444645158,-1.216415817299204,1.085744248406301,0.38369334428425084,0.6585187538990791,9,,,
B_growth,Zambia,2022,0.9016030732725449,-0.06533578444645158,-1.216415817299204,1.085744248406301,0.38369334428425084,2.5200824359430665,9,,,
B_growth,Zambia,2023,0.44034750050579957,-0.06533578444645158,-1.216415817299204,1.085744248406301,0.38369334428425084,1.3179360353397913,9,,,
B_growth,Zambia,2024,-0.15450036783130772,-0.06533578444645158,-1.216415817299204,1.085744248406301,0.38369334428425084,-0.2323850145255595,9,,,
B_growth,Zambia,2025,-0.24042695132065497,-0.06533578444645158,-1.216415817299204,1.085744248406301,0.38369334428425084,-0.45633099839357893,9,,,
B_growth,Zambia,2026,0.2169646185431435,-0.06533578444645158,-1.216415817299204,1.085744248406301,0.38369334428425084,0.7357448524842249,9,,,
