chart,country,fiscal_year,value,center,lcl,ucl,sigma,robust_z,n_baseline,rule,severity,explanation,abs_z,incident_id
A_level,Dominica,2025,93204841.48,973562.77,0.0,2349031.621078,458489.617026,201.1632876405351,10,beyond_limits,high,"Dominica FY2025: disbursement of $93,204,841 is above the expected range $0 to $2,349,032 (learned from FY2010-2019, where a typical year was $973,563); that is 201.2 robust sigmas from the typical year (limits sit at 3), so 198.2 beyond the $2,349,032 limit.",201.1632876405351,
A_level,Dominica,2022,62065969.89,973562.77,0.0,2349031.621078,458489.617026,133.24708968608022,10,beyond_limits,high,"Dominica FY2022: disbursement of $62,065,970 is above the expected range $0 to $2,349,032 (learned from FY2010-2019, where a typical year was $973,563); that is 133.2 robust sigmas from the typical year (limits sit at 3), so 130.2 beyond the $2,349,032 limit.",133.24708968608022,
A_level,Dominica,2021,46076887.7,973562.77,0.0,2349031.621078,458489.617026,98.37371066887712,10,beyond_limits,high,"Dominica FY2021: disbursement of $46,076,888 is above the expected range $0 to $2,349,032 (learned from FY2010-2019, where a typical year was $973,563); that is 98.4 robust sigmas from the typical year (limits sit at 3), so 95.4 beyond the $2,349,032 limit.",98.37371066887712,
A_level,Comoros,2026,103206502.5,6380609.3149999995,2710800.7665170003,10050417.863482999,1223269.5161609997,79.15336065012866,10,beyond_limits,high,"Comoros FY2026: disbursement of $103,206,502 is above the expected range $2,710,801 to $10,050,418 (learned from FY2010-2019, where a typical year was $6,380,609); that is 79.2 robust sigmas from the typical year (limits sit at 3), so 76.2 beyond the $10,050,418 limit.",79.15336065012866,
A_level,St. Vincent and the Grenadines,2022,62164960.75,1612017.44,0.0,4286625.979336999,891536.179779,67.91978237496798,10,beyond_limits,high,"St. Vincent and the Grenadines FY2022: disbursement of $62,164,961 is above the expected range $0 to $4,286,626 (learned from FY2010-2019, where a typical year was $1,612,017); that is 67.9 robust sigmas from the typical year (limits sit at 3), so 64.9 beyond the $4,286,626 limit.",67.91978237496798,
A_level,Dominica,2023,30163462.72,973562.77,0.0,2349031.621078,458489.617026,63.6653456611313,10,beyond_limits,high,"Dominica FY2023: disbursement of $30,163,463 is above the expected range $0 to $2,349,032 (learned from FY2010-2019, where a typical year was $973,563); that is 63.7 robust sigmas from the typical year (limits sit at 3), so 60.7 beyond the $2,349,032 limit.",63.6653456611313,
A_level,St. Vincent and the Grenadines,2021,56691144.07,1612017.44,0.0,4286625.979336999,891536.179779,61.78002405202825,10,beyond_limits,high,"St. Vincent and the Grenadines FY2021: disbursement of $56,691,144 is above the expected range $0 to $4,286,626 (learned from FY2010-2019, where a typical year was $1,612,017); that is 61.8 robust sigmas from the typical year (limits sit at 3), so 58.8 beyond the $4,286,626 limit.",61.78002405202825,
A_level,St. Vincent and the Grenadines,2020,56555184.24,1612017.44,0.0,4286625.979336999,891536.179779,61.627523421000916,10,beyond_limits,high,"St. Vincent and the Grenadines FY2020: disbursement of $56,555,184 is above the expected range $0 to $4,286,626 (learned from FY2010-2019, where a typical year was $1,612,017); that is 61.6 robust sigmas from the typical year (limits sit at 3), so 58.6 beyond the $4,286,626 limit.",61.627523421000916,
A_level,Comoros,2024,76102937.53,6380609.3149999995,2710800.7665170003,10050417.863482999,1223269.5161609997,56.99670211173933,10,beyond_limits,high,"Comoros FY2024: disbursement of $76,102,938 is above the expected range $2,710,801 to $10,050,418 (learned from FY2010-2019, where a typical year was $6,380,609); that is 57.0 robust sigmas from the typical year (limits sit at 3), so 54.0 beyond the $10,050,418 limit.",56.99670211173933,
A_level,St. Lucia,2024,64378544.72,4078803.77,0.0,8187234.205949,1369476.811983,44.0312244956423,10,beyond_limits,high,"St. Lucia FY2024: disbursement of $64,378,545 is above the expected range $0 to $8,187,234 (learned from FY2010-2019, where a typical year was $4,078,804); that is 44.0 robust sigmas from the typical year (limits sit at 3), so 41.0 beyond the $8,187,234 limit.",44.0312244956423,
A_level,Comoros,2025,60122023.14,6380609.3149999995,2710800.7665170003,10050417.863482999,1223269.5161609997,43.93260284426712,10,beyond_limits,high,"Comoros FY2025: disbursement of $60,122,023 is above the expected range $2,710,801 to $10,050,418 (learned from FY2010-2019, where a typical year was $6,380,609); that is 43.9 robust sigmas from the typical year (limits sit at 3), so 40.9 beyond the $10,050,418 limit.",43.93260284426712,
A_level,Chad,2026,469597771.1,24927053.58,0.0,56721023.91791999,10597990.112639997,41.95802343593912,10,beyond_limits,high,"Chad FY2026: disbursement of $469,597,771 is above the expected range $0 to $56,721,024 (learned from FY2010-2019, where a typical year was $24,927,054); that is 42.0 robust sigmas from the typical year (limits sit at 3), so 39.0 beyond the $56,721,024 limit.",41.95802343593912,
A_level,St. Vincent and the Grenadines,2025,36736939.76,1612017.44,0.0,4286625.979336999,891536.179779,39.39820179670892,10,beyond_limits,high,"St. Vincent and the Grenadines FY2025: disbursement of $36,736,940 is above the expected range $0 to $4,286,626 (learned from FY2010-2019, where a typical year was $1,612,017); that is 39.4 robust sigmas from the typical year (limits sit at 3), so 36.4 beyond the $4,286,626 limit.",39.39820179670892,
A_level,Dominica,2024,18246351.88,973562.77,0.0,2349031.621078,458489.617026,37.67323941170187,10,beyond_limits,high,"Dominica FY2024: disbursement of $18,246,352 is above the expected range $0 to $2,349,032 (learned from FY2010-2019, where a typical year was $973,563); that is 37.7 robust sigmas from the typical year (limits sit at 3), so 34.7 beyond the $2,349,032 limit.",37.67323941170187,
A_level,Chad,2025,418095245.2,24927053.58,0.0,56721023.91791999,10597990.112639997,37.09837312936126,10,beyond_limits,high,"Chad FY2025: disbursement of $418,095,245 is above the expected range $0 to $56,721,024 (learned from FY2010-2019, where a typical year was $24,927,054); that is 37.1 robust sigmas from the typical year (limits sit at 3), so 34.1 beyond the $56,721,024 limit.",37.09837312936126,
A_level,Tajikistan,2026,485446958.2,31734314.225,0.0,68813365.01052502,12359683.595175002,36.70908243574465,10,beyond_limits,high,"Tajikistan FY2026: disbursement of $485,446,958 is above the expected range $0 to $68,813,365 (learned from FY2010-2019, where a typical year was $31,734,314); that is 36.7 robust sigmas from the typical year (limits sit at 3), so 33.7 beyond the $68,813,365 limit.",36.70908243574465,
A_level,Dominica,2020,16209385.34,973562.77,0.0,2349031.621078,458489.617026,33.23046368820171,10,beyond_limits,high,"Dominica FY2020: disbursement of $16,209,385 is above the expected range $0 to $2,349,032 (learned from FY2010-2019, where a typical year was $973,563); that is 33.2 robust sigmas from the typical year (limits sit at 3), so 30.2 beyond the $2,349,032 limit.",33.23046368820171,
A_level,Chad,2024,360504654.0,24927053.58,0.0,56721023.91791999,10597990.112639997,31.664268116250057,10,beyond_limits,high,"Chad FY2024: disbursement of $360,504,654 is above the expected range $0 to $56,721,024 (learned from FY2010-2019, where a typical year was $24,927,054); that is 31.7 robust sigmas from the typical year (limits sit at 3), so 28.7 beyond the $56,721,024 limit.",31.664268116250057,
A_level,Solomon Islands,2026,85030826.72,5711163.215,0.0,13842572.508518,2710469.7645059996,29.264175732082556,10,beyond_limits,high,"Solomon Islands FY2026: disbursement of $85,030,827 is above the expected range $0 to $13,842,573 (learned from FY2010-2019, where a typical year was $5,711,163); that is 29.3 robust sigmas from the typical year (limits sit at 3), so 26.3 beyond the $13,842,573 limit.",29.264175732082556,
A_level,Dominica,2026,14381695.52,973562.77,0.0,2349031.621078,458489.617026,29.244136076563873,10,beyond_limits,high,"Dominica FY2026: disbursement of $14,381,696 is above the expected range $0 to $2,349,032 (learned from FY2010-2019, where a typical year was $973,563); that is 29.2 robust sigmas from the typical year (limits sit at 3), so 26.2 beyond the $2,349,032 limit.",29.244136076563873,
A_level,St. Lucia,2021,43364442.6,4078803.77,0.0,8187234.205949,1369476.811983,28.686603881313232,10,beyond_limits,high,"St. Lucia FY2021: disbursement of $43,364,443 is above the expected range $0 to $8,187,234 (learned from FY2010-2019, where a typical year was $4,078,804); that is 28.7 robust sigmas from the typical year (limits sit at 3), so 25.7 beyond the $8,187,234 limit.",28.686603881313232,
A_level,Kosovo,2026,125968171.2,10497203.649999999,0.0,23096755.957572993,4199850.769190998,27.49406440749388,10,beyond_limits,high,"Kosovo FY2026: disbursement of $125,968,171 is above the expected range $0 to $23,096,756 (learned from FY2010-2019, where a typical year was $10,497,204); that is 27.5 robust sigmas from the typical year (limits sit at 3), so 24.5 beyond the $23,096,756 limit.",27.49406440749388,
A_level,St. Vincent and the Grenadines,2026,23655555.71,1612017.44,0.0,4286625.979336999,891536.179779,24.725343480131453,10,beyond_limits,high,"St. Vincent and the Grenadines FY2026: disbursement of $23,655,556 is above the expected range $0 to $4,286,626 (learned from FY2010-2019, where a typical year was $1,612,017); that is 24.7 robust sigmas from the typical year (limits sit at 3), so 21.7 beyond the $4,286,626 limit.",24.725343480131453,
A_level,Comoros,2021,36366190.73,6380609.3149999995,2710800.7665170003,10050417.863482999,1223269.5161609997,24.51265319608722,10,beyond_limits,high,"Comoros FY2021: disbursement of $36,366,191 is above the expected range $2,710,801 to $10,050,418 (learned from FY2010-2019, where a typical year was $6,380,609); that is 24.5 robust sigmas from the typical year (limits sit at 3), so 21.5 beyond the $10,050,418 limit.",24.51265319608722,
A_level,Solomon Islands,2025,69473286.84,5711163.215,0.0,13842572.508518,2710469.7645059996,23.52438107223124,10,beyond_limits,high,"Solomon Islands FY2025: disbursement of $69,473,287 is above the expected range $0 to $13,842,573 (learned from FY2010-2019, where a typical year was $5,711,163); that is 23.5 robust sigmas from the typical year (limits sit at 3), so 20.5 beyond the $13,842,573 limit.",23.52438107223124,
A_level,Cambodia,2025,425856733.8,39354260.66500001,0.0,89866973.63595098,16837570.99031699,22.954764280267693,10,beyond_limits,high,"Cambodia FY2025: disbursement of $425,856,734 is above the expected range $0 to $89,866,974 (learned from FY2010-2019, where a typical year was $39,354,261); that is 23.0 robust sigmas from the typical year (limits sit at 3), so 20.0 beyond the $89,866,974 limit.",22.954764280267693,
A_level,Comoros,2023,32092209.53,6380609.3149999995,2710800.7665170003,10050417.863482999,1223269.5161609997,21.01875332894014,10,beyond_limits,high,"Comoros FY2023: disbursement of $32,092,210 is above the expected range $2,710,801 to $10,050,418 (learned from FY2010-2019, where a typical year was $6,380,609); that is 21.0 robust sigmas from the typical year (limits sit at 3), so 18.0 beyond the $10,050,418 limit.",21.01875332894014,
A_level,Cambodia,2023,392553254.6,39354260.66500001,0.0,89866973.63595098,16837570.99031699,20.97683770052812,10,beyond_limits,high,"Cambodia FY2023: disbursement of $392,553,255 is above the expected range $0 to $89,866,974 (learned from FY2010-2019, where a typical year was $39,354,261); that is 21.0 robust sigmas from the typical year (limits sit at 3), so 18.0 beyond the $89,866,974 limit.",20.97683770052812,
A_level,Uzbekistan,2025,852866824.5,74390996.77000001,0.0,190685106.226546,38764703.152182,20.082078912712657,10,beyond_limits,high,"Uzbekistan FY2025: disbursement of $852,866,824 is above the expected range $0 to $190,685,106 (learned from FY2010-2019, where a typical year was $74,390,997); that is 20.1 robust sigmas from the typical year (limits sit at 3), so 17.1 beyond the $190,685,106 limit.",20.082078912712657,
A_level,Kosovo,2021,94198813.57,10497203.649999999,0.0,23096755.957572993,4199850.769190998,19.929662866598264,10,beyond_limits,high,"Kosovo FY2021: disbursement of $94,198,814 is above the expected range $0 to $23,096,756 (learned from FY2010-2019, where a typical year was $10,497,204); that is 19.9 robust sigmas from the typical year (limits sit at 3), so 16.9 beyond the $23,096,756 limit.",19.929662866598264,
A_level,Solomon Islands,2024,58330957.66,5711163.215,0.0,13842572.508518,2710469.7645059996,19.413533083476505,10,beyond_limits,high,"Solomon Islands FY2024: disbursement of $58,330,958 is above the expected range $0 to $13,842,573 (learned from FY2010-2019, where a typical year was $5,711,163); that is 19.4 robust sigmas from the typical year (limits sit at 3), so 16.4 beyond the $13,842,573 limit.",19.413533083476505,
A_level,Togo,2025,369800160.5,37187074.635000005,0.0,90175012.81332903,17662646.05944301,18.83144149215256,10,beyond_limits,high,"Togo FY2025: disbursement of $369,800,160 is above the expected range $0 to $90,175,013 (learned from FY2010-2019, where a typical year was $37,187,075); that is 18.8 robust sigmas from the typical year (limits sit at 3), so 15.8 beyond the $90,175,013 limit.",18.83144149215256,
A_level,Comoros,2022,29404963.85,6380609.3149999995,2710800.7665170003,10050417.863482999,1223269.5161609997,18.82198013668941,10,beyond_limits,high,"Comoros FY2022: disbursement of $29,404,964 is above the expected range $2,710,801 to $10,050,418 (learned from FY2010-2019, where a typical year was $6,380,609); that is 18.8 robust sigmas from the typical year (limits sit at 3), so 15.8 beyond the $10,050,418 limit.",18.82198013668941,
A_level,St. Vincent and the Grenadines,2024,18170014.7,1612017.44,0.0,4286625.979336999,891536.179779,18.572434451403314,10,beyond_limits,high,"St. Vincent and the Grenadines FY2024: disbursement of $18,170,015 is above the expected range $0 to $4,286,626 (learned from FY2010-2019, where a typical year was $1,612,017); that is 18.6 robust sigmas from the typical year (limits sit at 3), so 15.6 beyond the $4,286,626 limit.",18.572434451403314,
A_level,Uzbekistan,2023,789243072.2,74390996.77000001,0.0,190685106.226546,38764703.152182,18.44079838877245,10,beyond_limits,high,"Uzbekistan FY2023: disbursement of $789,243,072 is above the expected range $0 to $190,685,106 (learned from FY2010-2019, where a typical year was $74,390,997); that is 18.4 robust sigmas from the typical year (limits sit at 3), so 15.4 beyond the $190,685,106 limit.",18.44079838877245,
A_level,Kosovo,2023,87463987.48,10497203.649999999,0.0,23096755.957572993,4199850.769190998,18.32607586788753,10,beyond_limits,high,"Kosovo FY2023: disbursement of $87,463,987 is above the expected range $0 to $23,096,756 (learned from FY2010-2019, where a typical year was $10,497,204); that is 18.3 robust sigmas from the typical year (limits sit at 3), so 15.3 beyond the $23,096,756 limit.",18.32607586788753,
A_level,Senegal,2022,705333671.6,161472811.7,70138867.26197009,252806756.13802987,30444648.146009967,17.863923317217832,10,beyond_limits,high,"Senegal FY2022: disbursement of $705,333,672 is above the expected range $70,138,867 to $252,806,756 (learned from FY2010-2019, where a typical year was $161,472,812); that is 17.9 robust sigmas from the typical year (limits sit at 3), so 14.9 beyond the $252,806,756 limit.",17.863923317217832,
A_level,St. Vincent and the Grenadines,2023,17528487.14,1612017.44,0.0,4286625.979336999,891536.179779,17.852858987669443,10,beyond_limits,high,"St. Vincent and the Grenadines FY2023: disbursement of $17,528,487 is above the expected range $0 to $4,286,626 (learned from FY2010-2019, where a typical year was $1,612,017); that is 17.9 robust sigmas from the typical year (limits sit at 3), so 14.9 beyond the $4,286,626 limit.",17.852858987669443,
A_level,Uzbekistan,2026,766141576.8,74390996.77000001,0.0,190685106.226546,38764703.152182,17.844856887316638,10,beyond_limits,high,"Uzbekistan FY2026: disbursement of $766,141,577 is above the expected range $0 to $190,685,106 (learned from FY2010-2019, where a typical year was $74,390,997); that is 17.8 robust sigmas from the typical year (limits sit at 3), so 14.8 beyond the $190,685,106 limit.",17.844856887316638,
A_level,Solomon Islands,2023,53832807.84,5711163.215,0.0,13842572.508518,2710469.7645059996,17.753986875323243,10,beyond_limits,high,"Solomon Islands FY2023: disbursement of $53,832,808 is above the expected range $0 to $13,842,573 (learned from FY2010-2019, where a typical year was $5,711,163); that is 17.8 robust sigmas from the typical year (limits sit at 3), so 14.8 beyond the $13,842,573 limit.",17.753986875323243,
A_level,Cameroon,2026,618297249.9,118005880.75,32660266.090029985,203351495.40997002,28448538.219990008,17.585837461358874,10,beyond_limits,high,"Cameroon FY2026: disbursement of $618,297,250 is above the expected range $32,660,266 to $203,351,495 (learned from FY2010-2019, where a typical year was $118,005,881); that is 17.6 robust sigmas from the typical year (limits sit at 3), so 14.6 beyond the $203,351,495 limit.",17.585837461358874,
A_level,Senegal,2023,678818228.5,161472811.7,70138867.26197009,252806756.13802987,30444648.146009967,16.99298393329609,10,beyond_limits,high,"Senegal FY2023: disbursement of $678,818,228 is above the expected range $70,138,867 to $252,806,756 (learned from FY2010-2019, where a typical year was $161,472,812); that is 17.0 robust sigmas from the typical year (limits sit at 3), so 14.0 beyond the $252,806,756 limit.",16.99298393329609,
A_level,"Gambia, The",2024,148549265.8,17566723.665,0.0,40836137.685111,7756471.340037001,16.886872444032672,10,beyond_limits,high,"Gambia, The FY2024: disbursement of $148,549,266 is above the expected range $0 to $40,836,138 (learned from FY2010-2019, where a typical year was $17,566,724); that is 16.9 robust sigmas from the typical year (limits sit at 3), so 13.9 beyond the $40,836,138 limit.",16.886872444032672,
A_level,Papua New Guinea,2026,185932611.0,26199986.33,0.0,54908784.83159301,9569599.500531003,16.691672902417356,10,beyond_limits,high,"Papua New Guinea FY2026: disbursement of $185,932,611 is above the expected range $0 to $54,908,785 (learned from FY2010-2019, where a typical year was $26,199,986); that is 16.7 robust sigmas from the typical year (limits sit at 3), so 13.7 beyond the $54,908,785 limit.",16.691672902417356,
A_level,"Gambia, The",2026,146847797.1,17566723.665,0.0,40836137.685111,7756471.340037001,16.667511264778717,10,beyond_limits,high,"Gambia, The FY2026: disbursement of $146,847,797 is above the expected range $0 to $40,836,138 (learned from FY2010-2019, where a typical year was $17,566,724); that is 16.7 robust sigmas from the typical year (limits sit at 3), so 13.7 beyond the $40,836,138 limit.",16.667511264778717,
A_level,Zambia,2023,593736299.2,80586335.42,0.0,173912154.722324,31108606.434107997,16.49543398438362,10,beyond_limits,high,"Zambia FY2023: disbursement of $593,736,299 is above the expected range $0 to $173,912,155 (learned from FY2010-2019, where a typical year was $80,586,335); that is 16.5 robust sigmas from the typical year (limits sit at 3), so 13.5 beyond the $173,912,155 limit.",16.49543398438362,
A_level,"Gambia, The",2025,145058740.6,17566723.665,0.0,40836137.685111,7756471.340037001,16.43685786304882,10,beyond_limits,high,"Gambia, The FY2025: disbursement of $145,058,741 is above the expected range $0 to $40,836,138 (learned from FY2010-2019, where a typical year was $17,566,724); that is 16.4 robust sigmas from the typical year (limits sit at 3), so 13.4 beyond the $40,836,138 limit.",16.43685786304882,
A_level,Tajikistan,2024,232815435.2,31734314.225,0.0,68813365.01052502,12359683.595175002,16.26911558265929,10,beyond_limits,high,"Tajikistan FY2024: disbursement of $232,815,435 is above the expected range $0 to $68,813,365 (learned from FY2010-2019, where a typical year was $31,734,314); that is 16.3 robust sigmas from the typical year (limits sit at 3), so 13.3 beyond the $68,813,365 limit.",16.26911558265929,
A_level,Uzbekistan,2024,700902864.5,74390996.77000001,0.0,190685106.226546,38764703.152182,16.161915783811047,10,beyond_limits,high,"Uzbekistan FY2024: disbursement of $700,902,864 is above the expected range $0 to $190,685,106 (learned from FY2010-2019, where a typical year was $74,390,997); that is 16.2 robust sigmas from the typical year (limits sit at 3), so 13.2 beyond the $190,685,106 limit.",16.161915783811047,
A_level,Tajikistan,2025,229100419.9,31734314.225,0.0,68813365.01052502,12359683.595175002,15.96854030729785,10,beyond_limits,high,"Tajikistan FY2025: disbursement of $229,100,420 is above the expected range $0 to $68,813,365 (learned from FY2010-2019, where a typical year was $31,734,314); that is 16.0 robust sigmas from the typical year (limits sit at 3), so 13.0 beyond the $68,813,365 limit.",15.96854030729785,
A_level,Tajikistan,2023,227996136.0,31734314.225,0.0,68813365.01052502,12359683.595175002,15.879194662524945,10,beyond_limits,high,"Tajikistan FY2023: disbursement of $227,996,136 is above the expected range $0 to $68,813,365 (learned from FY2010-2019, where a typical year was $31,734,314); that is 15.9 robust sigmas from the typical year (limits sit at 3), so 12.9 beyond the $68,813,365 limit.",15.879194662524945,
A_level,Togo,2026,317514023.7,37187074.635000005,0.0,90175012.81332903,17662646.05944301,15.871175141118131,10,beyond_limits,high,"Togo FY2026: disbursement of $317,514,024 is above the expected range $0 to $90,175,013 (learned from FY2010-2019, where a typical year was $37,187,075); that is 15.9 robust sigmas from the typical year (limits sit at 3), so 12.9 beyond the $90,175,013 limit.",15.871175141118131,
A_level,St. Lucia,2026,25492272.27,4078803.77,0.0,8187234.205949,1369476.811983,15.63624028726221,10,beyond_limits,high,"St. Lucia FY2026: disbursement of $25,492,272 is above the expected range $0 to $8,187,234 (learned from FY2010-2019, where a typical year was $4,078,804); that is 15.6 robust sigmas from the typical year (limits sit at 3), so 12.6 beyond the $8,187,234 limit.",15.63624028726221,
A_level,Benin,2026,626404827.9,99368766.845,0.0,206060280.188849,35563837.781283,14.819437213055092,10,beyond_limits,high,"Benin FY2026: disbursement of $626,404,828 is above the expected range $0 to $206,060,280 (learned from FY2010-2019, where a typical year was $99,368,767); that is 14.8 robust sigmas from the typical year (limits sit at 3), so 11.8 beyond the $206,060,280 limit.",14.819437213055092,
A_level,Chad,2020,181040152.2,24927053.58,0.0,56721023.91791999,10597990.112639997,14.730443882355319,10,beyond_limits,high,"Chad FY2020: disbursement of $181,040,152 is above the expected range $0 to $56,721,024 (learned from FY2010-2019, where a typical year was $24,927,054); that is 14.7 robust sigmas from the typical year (limits sit at 3), so 11.7 beyond the $56,721,024 limit.",14.730443882355319,
A_level,Chad,2023,180585489.6,24927053.58,0.0,56721023.91791999,10597990.112639997,14.687543049728786,10,beyond_limits,high,"Chad FY2023: disbursement of $180,585,490 is above the expected range $0 to $56,721,024 (learned from FY2010-2019, where a typical year was $24,927,054); that is 14.7 robust sigmas from the typical year (limits sit at 3), so 11.7 beyond the $56,721,024 limit.",14.687543049728786,
A_level,Senegal,2026,604097201.7,161472811.7,70138867.26197009,252806756.13802987,30444648.146009967,14.53866005864843,10,beyond_limits,high,"Senegal FY2026: disbursement of $604,097,202 is above the expected range $70,138,867 to $252,806,756 (learned from FY2010-2019, where a typical year was $161,472,812); that is 14.5 robust sigmas from the typical year (limits sit at 3), so 11.5 beyond the $252,806,756 limit.",14.53866005864843,
A_level,Kenya,2020,1911309871.0,495859367.70000005,199603723.65669,792115011.7433101,98751881.34777002,14.333402908196474,10,beyond_limits,high,"Kenya FY2020: disbursement of $1,911,309,871 is above the expected range $199,603,724 to $792,115,012 (learned from FY2010-2019, where a typical year was $495,859,368); that is 14.3 robust sigmas from the typical year (limits sit at 3), so 11.3 beyond the $792,115,012 limit.",14.333402908196474,
A_level,Benin,2024,608290413.1,99368766.845,0.0,206060280.188849,35563837.781283,14.31008794340081,10,beyond_limits,high,"Benin FY2024: disbursement of $608,290,413 is above the expected range $0 to $206,060,280 (learned from FY2010-2019, where a typical year was $99,368,767); that is 14.3 robust sigmas from the typical year (limits sit at 3), so 11.3 beyond the $206,060,280 limit.",14.31008794340081,
A_level,Mozambique,2024,1182280745.0,246160548.39999998,46058962.790830076,446262134.0091699,66700528.53638996,14.034674344286174,10,beyond_limits,high,"Mozambique FY2024: disbursement of $1,182,280,745 is above the expected range $46,058,963 to $446,262,134 (learned from FY2010-2019, where a typical year was $246,160,548); that is 14.0 robust sigmas from the typical year (limits sit at 3), so 11.0 beyond the $446,262,134 limit.",14.034674344286174,
A_level,"Congo, Democratic Republic of",2023,1610969043.0,389153250.29999995,124027151.77677,654279348.8232299,88375366.17440999,13.82529822041959,10,beyond_limits,high,"Congo, Democratic Republic of FY2023: disbursement of $1,610,969,043 is above the expected range $124,027,152 to $654,279,349 (learned from FY2010-2019, where a typical year was $389,153,250); that is 13.8 robust sigmas from the typical year (limits sit at 3), so 10.8 beyond the $654,279,349 limit.",13.82529822041959,
A_level,Zambia,2024,508162072.7,80586335.42,0.0,173912154.722324,31108606.434107997,13.744612385182217,10,beyond_limits,high,"Zambia FY2024: disbursement of $508,162,073 is above the expected range $0 to $173,912,155 (learned from FY2010-2019, where a typical year was $80,586,335); that is 13.7 robust sigmas from the typical year (limits sit at 3), so 10.7 beyond the $173,912,155 limit.",13.744612385182217,
A_level,Cambodia,2022,266261774.0,39354260.66500001,0.0,89866973.63595098,16837570.99031699,13.47626171646081,10,beyond_limits,high,"Cambodia FY2022: disbursement of $266,261,774 is above the expected range $0 to $89,866,974 (learned from FY2010-2019, where a typical year was $39,354,261); that is 13.5 robust sigmas from the typical year (limits sit at 3), so 10.5 beyond the $89,866,974 limit.",13.47626171646081,
A_level,Zambia,2026,496284747.6,80586335.42,0.0,173912154.722324,31108606.434107997,13.362810483346541,10,beyond_limits,high,"Zambia FY2026: disbursement of $496,284,748 is above the expected range $0 to $173,912,155 (learned from FY2010-2019, where a typical year was $80,586,335); that is 13.4 robust sigmas from the typical year (limits sit at 3), so 10.4 beyond the $173,912,155 limit.",13.362810483346541,
A_level,Togo,2024,272102993.5,37187074.635000005,0.0,90175012.81332903,17662646.05944301,13.30015435254711,10,beyond_limits,high,"Togo FY2024: disbursement of $272,102,994 is above the expected range $0 to $90,175,013 (learned from FY2010-2019, where a typical year was $37,187,075); that is 13.3 robust sigmas from the typical year (limits sit at 3), so 10.3 beyond the $90,175,013 limit.",13.30015435254711,
A_level,Kyrgyz Republic,2026,239486616.1,55549840.665,13804448.805444002,97295232.524556,13915130.619851999,13.218472787642172,10,beyond_limits,high,"Kyrgyz Republic FY2026: disbursement of $239,486,616 is above the expected range $13,804,449 to $97,295,233 (learned from FY2010-2019, where a typical year was $55,549,841); that is 13.2 robust sigmas from the typical year (limits sit at 3), so 10.2 beyond the $97,295,233 limit.",13.218472787642172,
A_level,Cameroon,2025,473508357.0,118005880.75,32660266.090029985,203351495.40997002,28448538.219990008,12.496335435618205,10,beyond_limits,high,"Cameroon FY2025: disbursement of $473,508,357 is above the expected range $32,660,266 to $203,351,495 (learned from FY2010-2019, where a typical year was $118,005,881); that is 12.5 robust sigmas from the typical year (limits sit at 3), so 9.5 beyond the $203,351,495 limit.",12.496335435618205,
A_level,Central African Republic,2026,243802137.7,39836241.235,0.0,89346702.254383,16503487.006460998,12.35895761817783,10,beyond_limits,high,"Central African Republic FY2026: disbursement of $243,802,138 is above the expected range $0 to $89,346,702 (learned from FY2010-2019, where a typical year was $39,836,241); that is 12.4 robust sigmas from the typical year (limits sit at 3), so 9.4 beyond the $89,346,702 limit.",12.35895761817783,
A_level,Guinea-Bissau,2025,71002470.29,10534009.11,0.0,25298405.152619995,4921465.347539999,12.28667823704687,10,beyond_limits,high,"Guinea-Bissau FY2025: disbursement of $71,002,470 is above the expected range $0 to $25,298,405 (learned from FY2010-2019, where a typical year was $10,534,009); that is 12.3 robust sigmas from the typical year (limits sit at 3), so 9.3 beyond the $25,298,405 limit.",12.28667823704687,
A_level,"Congo, Democratic Republic of",2025,1473235791.0,389153250.29999995,124027151.77677,654279348.8232299,88375366.17440999,12.266795461537873,10,beyond_limits,high,"Congo, Democratic Republic of FY2025: disbursement of $1,473,235,791 is above the expected range $124,027,152 to $654,279,349 (learned from FY2010-2019, where a typical year was $389,153,250); that is 12.3 robust sigmas from the typical year (limits sit at 3), so 9.3 beyond the $654,279,349 limit.",12.266795461537873,
A_level,Senegal,2020,534347066.0,161472811.7,70138867.26197009,252806756.13802987,30444648.146009967,12.247612536421066,10,beyond_limits,high,"Senegal FY2020: disbursement of $534,347,066 is above the expected range $70,138,867 to $252,806,756 (learned from FY2010-2019, where a typical year was $161,472,812); that is 12.2 robust sigmas from the typical year (limits sit at 3), so 9.2 beyond the $252,806,756 limit.",12.247612536421066,
A_level,Tanzania,2024,2147398287.0,558376038.2,168530973.22973007,948221103.17027,129948354.99009,12.228105918856615,10,beyond_limits,high,"Tanzania FY2024: disbursement of $2,147,398,287 is above the expected range $168,530,973 to $948,221,103 (learned from FY2010-2019, where a typical year was $558,376,038); that is 12.2 robust sigmas from the typical year (limits sit at 3), so 9.2 beyond the $948,221,103 limit.",12.228105918856615,
A_level,"Gambia, The",2023,110630293.5,17566723.665,0.0,40836137.685111,7756471.340037001,11.998183936376932,10,beyond_limits,high,"Gambia, The FY2023: disbursement of $110,630,294 is above the expected range $0 to $40,836,138 (learned from FY2010-2019, where a typical year was $17,566,724); that is 12.0 robust sigmas from the typical year (limits sit at 3), so 9.0 beyond the $40,836,138 limit.",11.998183936376932,
A_level,Cote d'Ivoire,2025,1278132295.0,202693242.6,0.0,473437959.3129599,90248238.90431997,11.916454719301136,10,beyond_limits,high,"Cote d'Ivoire FY2025: disbursement of $1,278,132,295 is above the expected range $0 to $473,437,959 (learned from FY2010-2019, where a typical year was $202,693,243); that is 11.9 robust sigmas from the typical year (limits sit at 3), so 8.9 beyond the $473,437,959 limit.",11.916454719301136,
A_level,Sao Tome and Principe,2026,61087298.51,4348857.324999999,0.0,18776050.060080998,4809064.245026999,11.798228988866724,10,beyond_limits,high,"Sao Tome and Principe FY2026: disbursement of $61,087,299 is above the expected range $0 to $18,776,050 (learned from FY2010-2019, where a typical year was $4,348,857); that is 11.8 robust sigmas from the typical year (limits sit at 3), so 8.8 beyond the $18,776,050 limit.",11.798228988866724,
A_level,Nigeria,2024,2848772371.0,819493219.3499999,289524142.56473947,1349462296.1352603,176656358.92842016,11.487155990078167,10,beyond_limits,high,"Nigeria FY2024: disbursement of $2,848,772,371 is above the expected range $289,524,143 to $1,349,462,296 (learned from FY2010-2019, where a typical year was $819,493,219); that is 11.5 robust sigmas from the typical year (limits sit at 3), so 8.5 beyond the $1,349,462,296 limit.",11.487155990078167,
A_level,Madagascar,2026,763486841.3,102565118.42,0.0,276685653.890546,58040178.490182,11.387313755277315,10,beyond_limits,high,"Madagascar FY2026: disbursement of $763,486,841 is above the expected range $0 to $276,685,654 (learned from FY2010-2019, where a typical year was $102,565,118); that is 11.4 robust sigmas from the typical year (limits sit at 3), so 8.4 beyond the $276,685,654 limit.",11.387313755277315,
A_level,St. Lucia,2025,19571728.38,4078803.77,0.0,8187234.205949,1369476.811983,11.31302441518982,10,beyond_limits,high,"St. Lucia FY2025: disbursement of $19,571,728 is above the expected range $0 to $8,187,234 (learned from FY2010-2019, where a typical year was $4,078,804); that is 11.3 robust sigmas from the typical year (limits sit at 3), so 8.3 beyond the $8,187,234 limit.",11.31302441518982,
A_level,Maldives,2026,48126116.85,6031697.390000001,0.0,17504279.276822,3824193.962274,11.007396558664398,10,beyond_limits,high,"Maldives FY2026: disbursement of $48,126,117 is above the expected range $0 to $17,504,279 (learned from FY2010-2019, where a typical year was $6,031,697); that is 11.0 robust sigmas from the typical year (limits sit at 3), so 8.0 beyond the $17,504,279 limit.",11.007396558664398,
A_level,Benin,2023,489649129.2,99368766.845,0.0,206060280.188849,35563837.781283,10.97407891564509,10,beyond_limits,high,"Benin FY2023: disbursement of $489,649,129 is above the expected range $0 to $206,060,280 (learned from FY2010-2019, where a typical year was $99,368,767); that is 11.0 robust sigmas from the typical year (limits sit at 3), so 8.0 beyond the $206,060,280 limit.",10.97407891564509,
A_level,Cambodia,2026,223901932.9,39354260.66500001,0.0,89866973.63595098,16837570.99031699,10.960468843227467,10,beyond_limits,high,"Cambodia FY2026: disbursement of $223,901,933 is above the expected range $0 to $89,866,974 (learned from FY2010-2019, where a typical year was $39,354,261); that is 11.0 robust sigmas from the typical year (limits sit at 3), so 8.0 beyond the $89,866,974 limit.",10.960468843227467,
A_level,Uzbekistan,2021,483052903.6,74390996.77000001,0.0,190685106.226546,38764703.152182,10.542113665250579,10,beyond_limits,high,"Uzbekistan FY2021: disbursement of $483,052,904 is above the expected range $0 to $190,685,106 (learned from FY2010-2019, where a typical year was $74,390,997); that is 10.5 robust sigmas from the typical year (limits sit at 3), so 7.5 beyond the $190,685,106 limit.",10.542113665250579,
A_level,Mozambique,2026,949113384.8,246160548.39999998,46058962.790830076,446262134.0091699,66700528.53638996,10.538939523042735,10,beyond_limits,high,"Mozambique FY2026: disbursement of $949,113,385 is above the expected range $46,058,963 to $446,262,134 (learned from FY2010-2019, where a typical year was $246,160,548); that is 10.5 robust sigmas from the typical year (limits sit at 3), so 7.5 beyond the $446,262,134 limit.",10.538939523042735,
A_level,Mozambique,2023,945997692.1,246160548.39999998,46058962.790830076,446262134.0091699,66700528.53638996,10.492227858707121,10,beyond_limits,high,"Mozambique FY2023: disbursement of $945,997,692 is above the expected range $46,058,963 to $446,262,134 (learned from FY2010-2019, where a typical year was $246,160,548); that is 10.5 robust sigmas from the typical year (limits sit at 3), so 7.5 beyond the $446,262,134 limit.",10.492227858707121,
A_level,Zambia,2025,398702716.7,80586335.42,0.0,173912154.722324,31108606.434107997,10.225992667135737,10,beyond_limits,high,"Zambia FY2025: disbursement of $398,702,717 is above the expected range $0 to $173,912,155 (learned from FY2010-2019, where a typical year was $80,586,335); that is 10.2 robust sigmas from the typical year (limits sit at 3), so 7.2 beyond the $173,912,155 limit.",10.225992667135737,
A_level,Guinea-Bissau,2026,60848111.53,10534009.11,0.0,25298405.152619995,4921465.347539999,10.223398696721409,10,beyond_limits,high,"Guinea-Bissau FY2026: disbursement of $60,848,112 is above the expected range $0 to $25,298,405 (learned from FY2010-2019, where a typical year was $10,534,009); that is 10.2 robust sigmas from the typical year (limits sit at 3), so 7.2 beyond the $25,298,405 limit.",10.223398696721409,
A_level,Togo,2020,217500910.7,37187074.635000005,0.0,90175012.81332903,17662646.05944301,10.208766877746413,10,beyond_limits,high,"Togo FY2020: disbursement of $217,500,911 is above the expected range $0 to $90,175,013 (learned from FY2010-2019, where a typical year was $37,187,075); that is 10.2 robust sigmas from the typical year (limits sit at 3), so 7.2 beyond the $90,175,013 limit.",10.208766877746413,
A_level,Caribbean,2026,4148392.27,429999.995,0.0,1523356.723226,364452.242742,10.202687317888982,10,beyond_limits,high,"Caribbean FY2026: disbursement of $4,148,392 is above the expected range $0 to $1,523,357 (learned from FY2010-2019, where a typical year was $430,000); that is 10.2 robust sigmas from the typical year (limits sit at 3), so 7.2 beyond the $1,523,357 limit.",10.202687317888982,
A_level,"Gambia, The",2021,96068014.0,17566723.665,0.0,40836137.685111,7756471.340037001,10.12074781090154,10,beyond_limits,high,"Gambia, The FY2021: disbursement of $96,068,014 is above the expected range $0 to $40,836,138 (learned from FY2010-2019, where a typical year was $17,566,724); that is 10.1 robust sigmas from the typical year (limits sit at 3), so 7.1 beyond the $40,836,138 limit.",10.12074781090154,
A_level,St. Lucia,2023,17925870.24,4078803.77,0.0,8187234.205949,1369476.811983,10.111209148513783,10,beyond_limits,high,"St. Lucia FY2023: disbursement of $17,925,870 is above the expected range $0 to $8,187,234 (learned from FY2010-2019, where a typical year was $4,078,804); that is 10.1 robust sigmas from the typical year (limits sit at 3), so 7.1 beyond the $8,187,234 limit.",10.111209148513783,
A_level,Guyana,2024,62068531.1,5592748.529999999,0.0,22519398.086858995,5642216.518952998,10.009502893107683,10,beyond_limits,high,"Guyana FY2024: disbursement of $62,068,531 is above the expected range $0 to $22,519,398 (learned from FY2010-2019, where a typical year was $5,592,749); that is 10.0 robust sigmas from the typical year (limits sit at 3), so 7.0 beyond the $22,519,398 limit.",10.009502893107683,
A_level,Ethiopia,2026,3487176014.0,906647300.05,124527318.51109004,1688767281.5889099,260706660.51296997,9.898207851201485,10,beyond_limits,high,"Ethiopia FY2026: disbursement of $3,487,176,014 is above the expected range $124,527,319 to $1,688,767,282 (learned from FY2010-2019, where a typical year was $906,647,300); that is 9.9 robust sigmas from the typical year (limits sit at 3), so 6.9 beyond the $1,688,767,282 limit.",9.898207851201485,
A_level,"Congo, Republic of",2023,142793066.2,20407067.96,0.0,57810356.538151994,12467762.859383998,9.81619554528861,10,beyond_limits,high,"Congo, Republic of FY2023: disbursement of $142,793,066 is above the expected range $0 to $57,810,357 (learned from FY2010-2019, where a typical year was $20,407,068); that is 9.8 robust sigmas from the typical year (limits sit at 3), so 6.8 beyond the $57,810,357 limit.",9.81619554528861,
A_level,Djibouti,2026,74932122.3,8389680.75,0.0,28753650.503505,6787989.917834999,9.802967057326365,10,beyond_limits,high,"Djibouti FY2026: disbursement of $74,932,122 is above the expected range $0 to $28,753,651 (learned from FY2010-2019, where a typical year was $8,389,681); that is 9.8 robust sigmas from the typical year (limits sit at 3), so 6.8 beyond the $28,753,651 limit.",9.802967057326365,
A_level,Papua New Guinea,2022,119981351.6,26199986.33,0.0,54908784.83159301,9569599.500531003,9.799925823938212,10,beyond_limits,high,"Papua New Guinea FY2022: disbursement of $119,981,352 is above the expected range $0 to $54,908,785 (learned from FY2010-2019, where a typical year was $26,199,986); that is 9.8 robust sigmas from the typical year (limits sit at 3), so 6.8 beyond the $54,908,785 limit.",9.799925823938212,
A_level,Benin,2025,443165747.6,99368766.845,0.0,206060280.188849,35563837.781283,9.667038267055025,10,beyond_limits,high,"Benin FY2025: disbursement of $443,165,748 is above the expected range $0 to $206,060,280 (learned from FY2010-2019, where a typical year was $99,368,767); that is 9.7 robust sigmas from the typical year (limits sit at 3), so 6.7 beyond the $206,060,280 limit.",9.667038267055025,
A_level,Zambia,2022,380819752.7,80586335.42,0.0,173912154.722324,31108606.434107997,9.651136829800869,10,beyond_limits,high,"Zambia FY2022: disbursement of $380,819,753 is above the expected range $0 to $173,912,155 (learned from FY2010-2019, where a typical year was $80,586,335); that is 9.7 robust sigmas from the typical year (limits sit at 3), so 6.7 beyond the $173,912,155 limit.",9.651136829800869,
A_level,Uzbekistan,2022,446671842.0,74390996.77000001,0.0,190685106.226546,38764703.152182,9.60360366409887,10,beyond_limits,high,"Uzbekistan FY2022: disbursement of $446,671,842 is above the expected range $0 to $190,685,106 (learned from FY2010-2019, where a typical year was $74,390,997); that is 9.6 robust sigmas from the typical year (limits sit at 3), so 6.6 beyond the $190,685,106 limit.",9.60360366409887,
A_level,Ghana,2024,1017509419.0,352978238.70000005,145159803.04230008,560796674.3577,69272811.88589999,9.592958077038313,10,beyond_limits,high,"Ghana FY2024: disbursement of $1,017,509,419 is above the expected range $145,159,803 to $560,796,674 (learned from FY2010-2019, where a typical year was $352,978,239); that is 9.6 robust sigmas from the typical year (limits sit at 3), so 6.6 beyond the $560,796,674 limit.",9.592958077038313,
A_level,Kenya,2021,1438320244.0,495859367.70000005,199603723.65669,792115011.7433101,98751881.34777002,9.54372578463572,10,beyond_limits,high,"Kenya FY2021: disbursement of $1,438,320,244 is above the expected range $199,603,724 to $792,115,012 (learned from FY2010-2019, where a typical year was $495,859,368); that is 9.5 robust sigmas from the typical year (limits sit at 3), so 6.5 beyond the $792,115,012 limit.",9.54372578463572,
A_level,Ethiopia,2025,3344037618.0,906647300.05,124527318.51109004,1688767281.5889099,260706660.51296997,9.349167808579027,10,beyond_limits,high,"Ethiopia FY2025: disbursement of $3,344,037,618 is above the expected range $124,527,319 to $1,688,767,282 (learned from FY2010-2019, where a typical year was $906,647,300); that is 9.3 robust sigmas from the typical year (limits sit at 3), so 6.3 beyond the $1,688,767,282 limit.",9.349167808579027,
A_level,"Congo, Republic of",2026,135731518.9,20407067.96,0.0,57810356.538151994,12467762.859383998,9.249811072016001,10,beyond_limits,high,"Congo, Republic of FY2026: disbursement of $135,731,519 is above the expected range $0 to $57,810,357 (learned from FY2010-2019, where a typical year was $20,407,068); that is 9.2 robust sigmas from the typical year (limits sit at 3), so 6.2 beyond the $57,810,357 limit.",9.249811072016001,
A_level,Senegal,2024,442067280.9,161472811.7,70138867.26197009,252806756.13802987,30444648.146009967,9.21654498532197,10,beyond_limits,high,"Senegal FY2024: disbursement of $442,067,281 is above the expected range $70,138,867 to $252,806,756 (learned from FY2010-2019, where a typical year was $161,472,812); that is 9.2 robust sigmas from the typical year (limits sit at 3), so 6.2 beyond the $252,806,756 limit.",9.21654498532197,
A_level,Madagascar,2024,631138639.2,102565118.42,0.0,276685653.890546,58040178.490182,9.107027830202362,10,beyond_limits,high,"Madagascar FY2024: disbursement of $631,138,639 is above the expected range $0 to $276,685,654 (learned from FY2010-2019, where a typical year was $102,565,118); that is 9.1 robust sigmas from the typical year (limits sit at 3), so 6.1 beyond the $276,685,654 limit.",9.107027830202362,
A_level,Sao Tome and Principe,2025,48098122.31,4348857.324999999,0.0,18776050.060080998,4809064.245026999,9.097251098327629,10,beyond_limits,high,"Sao Tome and Principe FY2025: disbursement of $48,098,122 is above the expected range $0 to $18,776,050 (learned from FY2010-2019, where a typical year was $4,348,857); that is 9.1 robust sigmas from the typical year (limits sit at 3), so 6.1 beyond the $18,776,050 limit.",9.097251098327629,
A_level,Caribbean,2023,3743030.29,429999.995,0.0,1523356.723226,364452.242742,9.090437391944747,10,beyond_limits,high,"Caribbean FY2023: disbursement of $3,743,030 is above the expected range $0 to $1,523,357 (learned from FY2010-2019, where a typical year was $430,000); that is 9.1 robust sigmas from the typical year (limits sit at 3), so 6.1 beyond the $1,523,357 limit.",9.090437391944747,
A_level,Kenya,2026,1381485839.0,495859367.70000005,199603723.65669,792115011.7433101,98751881.34777002,8.968198470884108,10,beyond_limits,high,"Kenya FY2026: disbursement of $1,381,485,839 is above the expected range $199,603,724 to $792,115,012 (learned from FY2010-2019, where a typical year was $495,859,368); that is 9.0 robust sigmas from the typical year (limits sit at 3), so 6.0 beyond the $792,115,012 limit.",8.968198470884108,
A_level,Cote d'Ivoire,2024,1003756127.0,202693242.6,0.0,473437959.3129599,90248238.90431997,8.876216246715646,10,beyond_limits,high,"Cote d'Ivoire FY2024: disbursement of $1,003,756,127 is above the expected range $0 to $473,437,959 (learned from FY2010-2019, where a typical year was $202,693,243); that is 8.9 robust sigmas from the typical year (limits sit at 3), so 5.9 beyond the $473,437,959 limit.",8.876216246715646,
A_level,Maldives,2020,39682817.75,6031697.390000001,0.0,17504279.276822,3824193.962274,8.799532840638099,10,beyond_limits,high,"Maldives FY2020: disbursement of $39,682,818 is above the expected range $0 to $17,504,279 (learned from FY2010-2019, where a typical year was $6,031,697); that is 8.8 robust sigmas from the typical year (limits sit at 3), so 5.8 beyond the $17,504,279 limit.",8.799532840638099,
A_level,Maldives,2021,39243277.38,6031697.390000001,0.0,17504279.276822,3824193.962274,8.684596105123086,10,beyond_limits,high,"Maldives FY2021: disbursement of $39,243,277 is above the expected range $0 to $17,504,279 (learned from FY2010-2019, where a typical year was $6,031,697); that is 8.7 robust sigmas from the typical year (limits sit at 3), so 5.7 beyond the $17,504,279 limit.",8.684596105123086,
A_level,Comoros,2020,16877484.34,6380609.3149999995,2710800.7665170003,10050417.863482999,1223269.5161609997,8.580999433340299,10,beyond_limits,high,"Comoros FY2020: disbursement of $16,877,484 is above the expected range $2,710,801 to $10,050,418 (learned from FY2010-2019, where a typical year was $6,380,609); that is 8.6 robust sigmas from the typical year (limits sit at 3), so 5.6 beyond the $10,050,418 limit.",8.580999433340299,
A_level,St. Lucia,2022,15763400.36,4078803.77,0.0,8187234.205949,1369476.811983,8.532160959396402,10,beyond_limits,high,"St. Lucia FY2022: disbursement of $15,763,400 is above the expected range $0 to $8,187,234 (learned from FY2010-2019, where a typical year was $4,078,804); that is 8.5 robust sigmas from the typical year (limits sit at 3), so 5.5 beyond the $8,187,234 limit.",8.532160959396402,
A_level,Grenada,2024,40884137.33,5152033.635,0.0,17728646.347356,4192204.237451999,8.523464428516917,10,beyond_limits,high,"Grenada FY2024: disbursement of $40,884,137 is above the expected range $0 to $17,728,646 (learned from FY2010-2019, where a typical year was $5,152,034); that is 8.5 robust sigmas from the typical year (limits sit at 3), so 5.5 beyond the $17,728,646 limit.",8.523464428516917,
A_level,Cote d'Ivoire,2023,959416579.8,202693242.6,0.0,473437959.3129599,90248238.90431997,8.384909737709878,10,beyond_limits,high,"Cote d'Ivoire FY2023: disbursement of $959,416,580 is above the expected range $0 to $473,437,959 (learned from FY2010-2019, where a typical year was $202,693,243); that is 8.4 robust sigmas from the typical year (limits sit at 3), so 5.4 beyond the $473,437,959 limit.",8.384909737709878,
A_level,Solomon Islands,2022,28336194.49,5711163.215,0.0,13842572.508518,2710469.7645059996,8.347273070992383,10,beyond_limits,high,"Solomon Islands FY2022: disbursement of $28,336,194 is above the expected range $0 to $13,842,573 (learned from FY2010-2019, where a typical year was $5,711,163); that is 8.3 robust sigmas from the typical year (limits sit at 3), so 5.3 beyond the $13,842,573 limit.",8.347273070992383,
A_level,Burundi,2026,270756870.0,86981416.985,20638109.287613012,153324724.682387,22114435.899128996,8.310203066144599,10,beyond_limits,high,"Burundi FY2026: disbursement of $270,756,870 is above the expected range $20,638,109 to $153,324,725 (learned from FY2010-2019, where a typical year was $86,981,417); that is 8.3 robust sigmas from the typical year (limits sit at 3), so 5.3 beyond the $153,324,725 limit.",8.310203066144599,
A_level,Niger,2023,782326976.2,148193009.25,0.0,378238661.35115993,76681884.03371997,8.26967118688877,10,beyond_limits,high,"Niger FY2023: disbursement of $782,326,976 is above the expected range $0 to $378,238,661 (learned from FY2010-2019, where a typical year was $148,193,009); that is 8.3 robust sigmas from the typical year (limits sit at 3), so 5.3 beyond the $378,238,661 limit.",8.26967118688877,
A_level,Mongolia,2020,116661280.6,20281904.87,0.0,55372323.01504101,11696806.048347,8.23980284289833,10,beyond_limits,high,"Mongolia FY2020: disbursement of $116,661,281 is above the expected range $0 to $55,372,323 (learned from FY2010-2019, where a typical year was $20,281,905); that is 8.2 robust sigmas from the typical year (limits sit at 3), so 5.2 beyond the $55,372,323 limit.",8.23980284289833,
A_level,Tajikistan,2021,133273946.9,31734314.225,0.0,68813365.01052502,12359683.595175002,8.215390943716331,10,beyond_limits,high,"Tajikistan FY2021: disbursement of $133,273,947 is above the expected range $0 to $68,813,365 (learned from FY2010-2019, where a typical year was $31,734,314); that is 8.2 robust sigmas from the typical year (limits sit at 3), so 5.2 beyond the $68,813,365 limit.",8.215390943716331,
A_level,"Congo, Republic of",2024,120607769.2,20407067.96,0.0,57810356.538151994,12467762.859383998,8.036782730799443,10,beyond_limits,high,"Congo, Republic of FY2024: disbursement of $120,607,769 is above the expected range $0 to $57,810,357 (learned from FY2010-2019, where a typical year was $20,407,068); that is 8.0 robust sigmas from the typical year (limits sit at 3), so 5.0 beyond the $57,810,357 limit.",8.036782730799443,
A_level,"Gambia, The",2022,79728329.83,17566723.665,0.0,40836137.685111,7756471.340037001,8.014160491270953,10,beyond_limits,high,"Gambia, The FY2022: disbursement of $79,728,330 is above the expected range $0 to $40,836,138 (learned from FY2010-2019, where a typical year was $17,566,724); that is 8.0 robust sigmas from the typical year (limits sit at 3), so 5.0 beyond the $40,836,138 limit.",8.014160491270953,
A_level,Sao Tome and Principe,2024,42786283.37,4348857.324999999,0.0,18776050.060080998,4809064.245026999,7.99270379570157,10,beyond_limits,high,"Sao Tome and Principe FY2024: disbursement of $42,786,283 is above the expected range $0 to $18,776,050 (learned from FY2010-2019, where a typical year was $4,348,857); that is 8.0 robust sigmas from the typical year (limits sit at 3), so 5.0 beyond the $18,776,050 limit.",7.99270379570157,
A_level,Kyrgyz Republic,2024,165919696.5,55549840.665,13804448.805444002,97295232.524556,13915130.619851999,7.931643536104579,10,beyond_limits,high,"Kyrgyz Republic FY2024: disbursement of $165,919,696 is above the expected range $13,804,449 to $97,295,233 (learned from FY2010-2019, where a typical year was $55,549,841); that is 7.9 robust sigmas from the typical year (limits sit at 3), so 4.9 beyond the $97,295,233 limit.",7.931643536104579,
A_level,Togo,2022,177046528.2,37187074.635000005,0.0,90175012.81332903,17662646.05944301,7.918374919267927,10,beyond_limits,high,"Togo FY2022: disbursement of $177,046,528 is above the expected range $0 to $90,175,013 (learned from FY2010-2019, where a typical year was $37,187,075); that is 7.9 robust sigmas from the typical year (limits sit at 3), so 4.9 beyond the $90,175,013 limit.",7.918374919267927,
A_level,Tanzania,2025,1571236097.0,558376038.2,168530973.22973007,948221103.17027,129948354.99009,7.794327668689933,10,beyond_limits,high,"Tanzania FY2025: disbursement of $1,571,236,097 is above the expected range $168,530,973 to $948,221,103 (learned from FY2010-2019, where a typical year was $558,376,038); that is 7.8 robust sigmas from the typical year (limits sit at 3), so 4.8 beyond the $948,221,103 limit.",7.794327668689933,
A_level,Niger,2026,742359199.8,148193009.25,0.0,378238661.35115993,76681884.03371997,7.748455818961389,10,beyond_limits,high,"Niger FY2026: disbursement of $742,359,200 is above the expected range $0 to $378,238,661 (learned from FY2010-2019, where a typical year was $148,193,009); that is 7.7 robust sigmas from the typical year (limits sit at 3), so 4.7 beyond the $378,238,661 limit.",7.748455818961389,
A_level,Solomon Islands,2020,26706239.0,5711163.215,0.0,13842572.508518,2710469.7645059996,7.7459177224308515,10,beyond_limits,high,"Solomon Islands FY2020: disbursement of $26,706,239 is above the expected range $0 to $13,842,573 (learned from FY2010-2019, where a typical year was $5,711,163); that is 7.7 robust sigmas from the typical year (limits sit at 3), so 4.7 beyond the $13,842,573 limit.",7.7459177224308515,
A_level,Tuvalu,2025,41295326.91,5182933.3,0.0,19184777.517004002,4667281.405668001,7.737350819718024,8,beyond_limits,high,"Tuvalu FY2025: disbursement of $41,295,327 is above the expected range $0 to $19,184,778 (learned from FY2010-2019, where a typical year was $5,182,933); that is 7.7 robust sigmas from the typical year (limits sit at 3), so 4.7 beyond the $19,184,778 limit.",7.737350819718024,
A_level,Afghanistan,2020,541841779.4,141668570.1,0.0,297673426.90731,52001618.935770005,7.695399056600053,10,beyond_limits,high,"Afghanistan FY2020: disbursement of $541,841,779 is above the expected range $0 to $297,673,427 (learned from FY2010-2019, where a typical year was $141,668,570); that is 7.7 robust sigmas from the typical year (limits sit at 3), so 4.7 beyond the $297,673,427 limit.",7.695399056600053,
A_level,Mozambique,2025,759310454.0,246160548.39999998,46058962.790830076,446262134.0091699,66700528.53638996,7.693340920380258,10,beyond_limits,high,"Mozambique FY2025: disbursement of $759,310,454 is above the expected range $46,058,963 to $446,262,134 (learned from FY2010-2019, where a typical year was $246,160,548); that is 7.7 robust sigmas from the typical year (limits sit at 3), so 4.7 beyond the $446,262,134 limit.",7.693340920380258,
A_level,Tajikistan,2022,126263729.7,31734314.225,0.0,68813365.01052502,12359683.595175002,7.648206747938319,10,beyond_limits,high,"Tajikistan FY2022: disbursement of $126,263,730 is above the expected range $0 to $68,813,365 (learned from FY2010-2019, where a typical year was $31,734,314); that is 7.6 robust sigmas from the typical year (limits sit at 3), so 4.6 beyond the $68,813,365 limit.",7.648206747938319,
A_level,Central African Republic,2021,165919853.5,39836241.235,0.0,89346702.254383,16503487.006460998,7.639816495486024,10,beyond_limits,high,"Central African Republic FY2021: disbursement of $165,919,854 is above the expected range $0 to $89,346,702 (learned from FY2010-2019, where a typical year was $39,836,241); that is 7.6 robust sigmas from the typical year (limits sit at 3), so 4.6 beyond the $89,346,702 limit.",7.639816495486024,
A_level,Nigeria,2022,2166472224.0,819493219.3499999,289524142.56473947,1349462296.1352603,176656358.92842016,7.624854337656681,10,beyond_limits,high,"Nigeria FY2022: disbursement of $2,166,472,224 is above the expected range $289,524,143 to $1,349,462,296 (learned from FY2010-2019, where a typical year was $819,493,219); that is 7.6 robust sigmas from the typical year (limits sit at 3), so 4.6 beyond the $1,349,462,296 limit.",7.624854337656681,
A_level,India,2026,6287163.26,1257181504.0,755385322.5925001,1758977685.4074998,167265393.80249998,-7.4785005571266225,10,beyond_limits,high,"India FY2026: disbursement of $6,287,163 is below the expected range $755,385,323 to $1,758,977,685 (learned from FY2010-2019, where a typical year was $1,257,181,504); that is 7.5 robust sigmas from the typical year (limits sit at 3), so 4.5 beyond the $755,385,323 limit.",7.4785005571266225,
A_level,Kyrgyz Republic,2025,159283521.8,55549840.665,13804448.805444002,97295232.524556,13915130.619851999,7.454740021412988,10,beyond_limits,high,"Kyrgyz Republic FY2025: disbursement of $159,283,522 is above the expected range $13,804,449 to $97,295,233 (learned from FY2010-2019, where a typical year was $55,549,841); that is 7.5 robust sigmas from the typical year (limits sit at 3), so 4.5 beyond the $97,295,233 limit.",7.454740021412988,
A_level,"Congo, Democratic Republic of",2026,1047376406.0,389153250.29999995,124027151.77677,654279348.8232299,88375366.17440999,7.448038793989127,10,beyond_limits,high,"Congo, Democratic Republic of FY2026: disbursement of $1,047,376,406 is above the expected range $124,027,152 to $654,279,349 (learned from FY2010-2019, where a typical year was $389,153,250); that is 7.4 robust sigmas from the typical year (limits sit at 3), so 4.4 beyond the $654,279,349 limit.",7.448038793989127,
A_level,Tanzania,2023,1521585063.0,558376038.2,168530973.22973007,948221103.17027,129948354.99009,7.4122448481433665,10,beyond_limits,high,"Tanzania FY2023: disbursement of $1,521,585,063 is above the expected range $168,530,973 to $948,221,103 (learned from FY2010-2019, where a typical year was $558,376,038); that is 7.4 robust sigmas from the typical year (limits sit at 3), so 4.4 beyond the $948,221,103 limit.",7.4122448481433665,
A_level,Chad,2022,101478567.1,24927053.58,0.0,56721023.91791999,10597990.112639997,7.223210505612629,10,beyond_limits,high,"Chad FY2022: disbursement of $101,478,567 is above the expected range $0 to $56,721,024 (learned from FY2010-2019, where a typical year was $24,927,054); that is 7.2 robust sigmas from the typical year (limits sit at 3), so 4.2 beyond the $56,721,024 limit.",7.223210505612629,
A_level,Sierra Leone,2023,239611135.1,60153242.055,0.0,135098761.300107,24981839.748369005,7.183533913138495,10,beyond_limits,high,"Sierra Leone FY2023: disbursement of $239,611,135 is above the expected range $0 to $135,098,761 (learned from FY2010-2019, where a typical year was $60,153,242); that is 7.2 robust sigmas from the typical year (limits sit at 3), so 4.2 beyond the $135,098,761 limit.",7.183533913138495,
A_level,Kiribati,2026,52887212.32,9375612.49,0.0,27562685.370759994,6062357.626919999,7.1773396601985375,9,beyond_limits,high,"Kiribati FY2026: disbursement of $52,887,212 is above the expected range $0 to $27,562,685 (learned from FY2010-2019, where a typical year was $9,375,612); that is 7.2 robust sigmas from the typical year (limits sit at 3), so 4.2 beyond the $27,562,685 limit.",7.1773396601985375,
A_level,Uganda,2021,738595956.9,246890754.25,39129097.87276,454652410.62724,69253885.45908,7.1000377724731925,10,beyond_limits,high,"Uganda FY2021: disbursement of $738,595,957 is above the expected range $39,129,098 to $454,652,411 (learned from FY2010-2019, where a typical year was $246,890,754); that is 7.1 robust sigmas from the typical year (limits sit at 3), so 4.1 beyond the $454,652,411 limit.",7.1000377724731925,
A_level,Nepal,2021,817632928.0,244909555.25,1924736.7816500068,487894373.71835,80994939.48945,7.071100692958727,10,beyond_limits,high,"Nepal FY2021: disbursement of $817,632,928 is above the expected range $1,924,737 to $487,894,374 (learned from FY2010-2019, where a typical year was $244,909,555); that is 7.1 robust sigmas from the typical year (limits sit at 3), so 4.1 beyond the $487,894,374 limit.",7.071100692958727,
A_level,Djibouti,2023,56158930.37,8389680.75,0.0,28753650.503505,6787989.917834999,7.037318882058063,10,beyond_limits,high,"Djibouti FY2023: disbursement of $56,158,930 is above the expected range $0 to $28,753,651 (learned from FY2010-2019, where a typical year was $8,389,681); that is 7.0 robust sigmas from the typical year (limits sit at 3), so 4.0 beyond the $28,753,651 limit.",7.037318882058063,
A_level,Djibouti,2024,56152068.56,8389680.75,0.0,28753650.503505,6787989.917834999,7.036308006956147,10,beyond_limits,high,"Djibouti FY2024: disbursement of $56,152,069 is above the expected range $0 to $28,753,651 (learned from FY2010-2019, where a typical year was $8,389,681); that is 7.0 robust sigmas from the typical year (limits sit at 3), so 4.0 beyond the $28,753,651 limit.",7.036308006956147,
A_level,India,2025,82685173.94,1257181504.0,755385322.5925001,1758977685.4074998,167265393.80249998,-7.0217532949272,10,beyond_limits,high,"India FY2025: disbursement of $82,685,174 is below the expected range $755,385,323 to $1,758,977,685 (learned from FY2010-2019, where a typical year was $1,257,181,504); that is 7.0 robust sigmas from the typical year (limits sit at 3), so 4.0 beyond the $755,385,323 limit.",7.0217532949272,
A_level,Sierra Leone,2021,234910175.6,60153242.055,0.0,135098761.300107,24981839.748369005,6.995358840871973,10,beyond_limits,high,"Sierra Leone FY2021: disbursement of $234,910,176 is above the expected range $0 to $135,098,761 (learned from FY2010-2019, where a typical year was $60,153,242); that is 7.0 robust sigmas from the typical year (limits sit at 3), so 4.0 beyond the $135,098,761 limit.",6.995358840871973,
A_level,Grenada,2021,34255972.66,5152033.635,0.0,17728646.347356,4192204.237451999,6.9423953072212985,10,beyond_limits,high,"Grenada FY2021: disbursement of $34,255,973 is above the expected range $0 to $17,728,646 (learned from FY2010-2019, where a typical year was $5,152,034); that is 6.9 robust sigmas from the typical year (limits sit at 3), so 3.9 beyond the $17,728,646 limit.",6.9423953072212985,
A_level,Cameroon,2020,314896362.1,118005880.75,32660266.090029985,203351495.40997002,28448538.219990008,6.920934911574841,10,beyond_limits,high,"Cameroon FY2020: disbursement of $314,896,362 is above the expected range $32,660,266 to $203,351,495 (learned from FY2010-2019, where a typical year was $118,005,881); that is 6.9 robust sigmas from the typical year (limits sit at 3), so 3.9 beyond the $203,351,495 limit.",6.920934911574841,
A_level,Kyrgyz Republic,2023,151432253.5,55549840.665,13804448.805444002,97295232.524556,13915130.619851999,6.890514753645899,10,beyond_limits,high,"Kyrgyz Republic FY2023: disbursement of $151,432,254 is above the expected range $13,804,449 to $97,295,233 (learned from FY2010-2019, where a typical year was $55,549,841); that is 6.9 robust sigmas from the typical year (limits sit at 3), so 3.9 beyond the $97,295,233 limit.",6.890514753645899,
A_level,Tuvalu,2026,37018620.79,5182933.3,0.0,19184777.517004002,4667281.405668001,6.821034500156423,8,beyond_limits,high,"Tuvalu FY2026: disbursement of $37,018,621 is above the expected range $0 to $19,184,778 (learned from FY2010-2019, where a typical year was $5,182,933); that is 6.8 robust sigmas from the typical year (limits sit at 3), so 3.8 beyond the $19,184,778 limit.",6.821034500156423,
A_level,Kenya,2023,1161798453.0,495859367.70000005,199603723.65669,792115011.7433101,98751881.34777002,6.743558464013384,10,beyond_limits,high,"Kenya FY2023: disbursement of $1,161,798,453 is above the expected range $199,603,724 to $792,115,012 (learned from FY2010-2019, where a typical year was $495,859,368); that is 6.7 robust sigmas from the typical year (limits sit at 3), so 3.7 beyond the $792,115,012 limit.",6.743558464013384,
A_level,Guinea-Bissau,2024,43530945.59,10534009.11,0.0,25298405.152619995,4921465.347539999,6.7046975138194504,10,beyond_limits,high,"Guinea-Bissau FY2024: disbursement of $43,530,946 is above the expected range $0 to $25,298,405 (learned from FY2010-2019, where a typical year was $10,534,009); that is 6.7 robust sigmas from the typical year (limits sit at 3), so 3.7 beyond the $25,298,405 limit.",6.7046975138194504,
A_level,Uganda,2026,709910105.1,246890754.25,39129097.87276,454652410.62724,69253885.45908,6.68582488593487,10,beyond_limits,high,"Uganda FY2026: disbursement of $709,910,105 is above the expected range $39,129,098 to $454,652,411 (learned from FY2010-2019, where a typical year was $246,890,754); that is 6.7 robust sigmas from the typical year (limits sit at 3), so 3.7 beyond the $454,652,411 limit.",6.68582488593487,
A_level,Madagascar,2025,488446100.3,102565118.42,0.0,276685653.890546,58040178.490182,6.648514734414111,10,beyond_limits,high,"Madagascar FY2025: disbursement of $488,446,100 is above the expected range $0 to $276,685,654 (learned from FY2010-2019, where a typical year was $102,565,118); that is 6.6 robust sigmas from the typical year (limits sit at 3), so 3.6 beyond the $276,685,654 limit.",6.648514734414111,
A_level,India,2024,164052590.7,1257181504.0,755385322.5925001,1758977685.4074998,167265393.80249998,-6.535296324299581,10,beyond_limits,high,"India FY2024: disbursement of $164,052,591 is below the expected range $755,385,323 to $1,758,977,685 (learned from FY2010-2019, where a typical year was $1,257,181,504); that is 6.5 robust sigmas from the typical year (limits sit at 3), so 3.5 beyond the $755,385,323 limit.",6.535296324299581,
A_level,Uganda,2025,698853294.8,246890754.25,39129097.87276,454652410.62724,69253885.45908,6.526168713191562,10,beyond_limits,high,"Uganda FY2025: disbursement of $698,853,295 is above the expected range $39,129,098 to $454,652,411 (learned from FY2010-2019, where a typical year was $246,890,754); that is 6.5 robust sigmas from the typical year (limits sit at 3), so 3.5 beyond the $454,652,411 limit.",6.526168713191562,
A_level,Cameroon,2024,303520647.9,118005880.75,32660266.090029985,203351495.40997002,28448538.219990008,6.521065009225811,10,beyond_limits,high,"Cameroon FY2024: disbursement of $303,520,648 is above the expected range $32,660,266 to $203,351,495 (learned from FY2010-2019, where a typical year was $118,005,881); that is 6.5 robust sigmas from the typical year (limits sit at 3), so 3.5 beyond the $203,351,495 limit.",6.521065009225811,
A_level,Guinea-Bissau,2023,42543558.91,10534009.11,0.0,25298405.152619995,4921465.347539999,6.504068918416751,10,beyond_limits,high,"Guinea-Bissau FY2023: disbursement of $42,543,559 is above the expected range $0 to $25,298,405 (learned from FY2010-2019, where a typical year was $10,534,009); that is 6.5 robust sigmas from the typical year (limits sit at 3), so 3.5 beyond the $25,298,405 limit.",6.504068918416751,
A_level,Togo,2023,148167181.3,37187074.635000005,0.0,90175012.81332903,17662646.05944301,6.283322798379156,10,beyond_limits,high,"Togo FY2023: disbursement of $148,167,181 is above the expected range $0 to $90,175,013 (learned from FY2010-2019, where a typical year was $37,187,075); that is 6.3 robust sigmas from the typical year (limits sit at 3), so 3.3 beyond the $90,175,013 limit.",6.283322798379156,
A_level,Sao Tome and Principe,2022,34437089.47,4348857.324999999,0.0,18776050.060080998,4809064.245026999,6.256566893676647,10,beyond_limits,high,"Sao Tome and Principe FY2022: disbursement of $34,437,089 is above the expected range $0 to $18,776,050 (learned from FY2010-2019, where a typical year was $4,348,857); that is 6.3 robust sigmas from the typical year (limits sit at 3), so 3.3 beyond the $18,776,050 limit.",6.256566893676647,
A_level,Afghanistan,2021,465789168.6,141668570.1,0.0,297673426.90731,52001618.935770005,6.232894381621826,10,beyond_limits,high,"Afghanistan FY2021: disbursement of $465,789,169 is above the expected range $0 to $297,673,427 (learned from FY2010-2019, where a typical year was $141,668,570); that is 6.2 robust sigmas from the typical year (limits sit at 3), so 3.2 beyond the $297,673,427 limit.",6.232894381621826,
A_level,Niger,2025,620742935.8,148193009.25,0.0,378238661.35115993,76681884.03371997,6.162471521203125,10,beyond_limits,high,"Niger FY2025: disbursement of $620,742,936 is above the expected range $0 to $378,238,661 (learned from FY2010-2019, where a typical year was $148,193,009); that is 6.2 robust sigmas from the typical year (limits sit at 3), so 3.2 beyond the $378,238,661 limit.",6.162471521203125,
A_level,Cote d'Ivoire,2026,758481582.6,202693242.6,0.0,473437959.3129599,90248238.90431997,6.158439729657657,10,beyond_limits,high,"Cote d'Ivoire FY2026: disbursement of $758,481,583 is above the expected range $0 to $473,437,959 (learned from FY2010-2019, where a typical year was $202,693,243); that is 6.2 robust sigmas from the typical year (limits sit at 3), so 3.2 beyond the $473,437,959 limit.",6.158439729657657,
A_level,Tonga,2021,49079897.67,12328193.559999999,0.0,30330700.087179992,6000835.509059997,6.124431182043345,10,beyond_limits,high,"Tonga FY2021: disbursement of $49,079,898 is above the expected range $0 to $30,330,700 (learned from FY2010-2019, where a typical year was $12,328,194); that is 6.1 robust sigmas from the typical year (limits sit at 3), so 3.1 beyond the $30,330,700 limit.",6.124431182043345,
A_level,Djibouti,2025,49933133.53,8389680.75,0.0,28753650.503505,6787989.917834999,6.120140613474882,10,beyond_limits,high,"Djibouti FY2025: disbursement of $49,933,134 is above the expected range $0 to $28,753,651 (learned from FY2010-2019, where a typical year was $8,389,681); that is 6.1 robust sigmas from the typical year (limits sit at 3), so 3.1 beyond the $28,753,651 limit.",6.120140613474882,
A_level,Chad,2021,89549419.38,24927053.58,0.0,56721023.91791999,10597990.112639997,6.097605783093369,10,beyond_limits,high,"Chad FY2021: disbursement of $89,549,419 is above the expected range $0 to $56,721,024 (learned from FY2010-2019, where a typical year was $24,927,054); that is 6.1 robust sigmas from the typical year (limits sit at 3), so 3.1 beyond the $56,721,024 limit.",6.097605783093369,
A_level,Guinea-Bissau,2022,40500420.17,10534009.11,0.0,25298405.152619995,4921465.347539999,6.0889204624754205,10,beyond_limits,high,"Guinea-Bissau FY2022: disbursement of $40,500,420 is above the expected range $0 to $25,298,405 (learned from FY2010-2019, where a typical year was $10,534,009); that is 6.1 robust sigmas from the typical year (limits sit at 3), so 3.1 beyond the $25,298,405 limit.",6.0889204624754205,
A_level,Kenya,2024,1095342791.0,495859367.70000005,199603723.65669,792115011.7433101,98751881.34777002,6.0706025558017105,10,beyond_limits,high,"Kenya FY2024: disbursement of $1,095,342,791 is above the expected range $199,603,724 to $792,115,012 (learned from FY2010-2019, where a typical year was $495,859,368); that is 6.1 robust sigmas from the typical year (limits sit at 3), so 3.1 beyond the $792,115,012 limit.",6.0706025558017105,
A_level,Central African Republic,2024,139620340.3,39836241.235,0.0,89346702.254383,16503487.006460998,6.046243380319277,10,beyond_limits,high,"Central African Republic FY2024: disbursement of $139,620,340 is above the expected range $0 to $89,346,702 (learned from FY2010-2019, where a typical year was $39,836,241); that is 6.0 robust sigmas from the typical year (limits sit at 3), so 3.0 beyond the $89,346,702 limit.",6.046243380319277,
A_level,Malawi,2024,630884030.8,167663464.65,0.0,397818060.27480006,76718198.5416,6.037948947651857,10,beyond_limits,high,"Malawi FY2024: disbursement of $630,884,031 is above the expected range $0 to $397,818,060 (learned from FY2010-2019, where a typical year was $167,663,465); that is 6.0 robust sigmas from the typical year (limits sit at 3), so 3.0 beyond the $397,818,060 limit.",6.037948947651857,
A_level,Togo,2021,143721594.8,37187074.635000005,0.0,90175012.81332903,17662646.05944301,6.0316285457151695,10,beyond_limits,high,"Togo FY2021: disbursement of $143,721,595 is above the expected range $0 to $90,175,013 (learned from FY2010-2019, where a typical year was $37,187,075); that is 6.0 robust sigmas from the typical year (limits sit at 3), so 3.0 beyond the $90,175,013 limit.",6.0316285457151695,
A_level,Madagascar,2023,452003948.3,102565118.42,0.0,276685653.890546,58040178.490182,6.02063672045927,10,beyond_limits,high,"Madagascar FY2023: disbursement of $452,003,948 is above the expected range $0 to $276,685,654 (learned from FY2010-2019, where a typical year was $102,565,118); that is 6.0 robust sigmas from the typical year (limits sit at 3), so 3.0 beyond the $276,685,654 limit.",6.02063672045927,
A_level,Tanzania,2026,1336377527.0,558376038.2,168530973.22973007,948221103.17027,129948354.99009,5.9870052903657855,10,beyond_limits,high,"Tanzania FY2026: disbursement of $1,336,377,527 is above the expected range $168,530,973 to $948,221,103 (learned from FY2010-2019, where a typical year was $558,376,038); that is 6.0 robust sigmas from the typical year (limits sit at 3), so 3.0 beyond the $948,221,103 limit.",5.9870052903657855,
A_level,Cameroon,2023,286657687.8,118005880.75,32660266.090029985,203351495.40997002,28448538.219990008,5.928311878305684,10,beyond_limits,high,"Cameroon FY2023: disbursement of $286,657,688 is above the expected range $32,660,266 to $203,351,495 (learned from FY2010-2019, where a typical year was $118,005,881); that is 5.9 robust sigmas from the typical year (limits sit at 3), so 2.9 beyond the $203,351,495 limit.",5.928311878305684,
A_level,India,2023,270192701.4,1257181504.0,755385322.5925001,1758977685.4074998,167265393.80249998,-5.9007352337650625,10,beyond_limits,high,"India FY2023: disbursement of $270,192,701 is below the expected range $755,385,323 to $1,758,977,685 (learned from FY2010-2019, where a typical year was $1,257,181,504); that is 5.9 robust sigmas from the typical year (limits sit at 3), so 2.9 beyond the $755,385,323 limit.",5.9007352337650625,
A_level,Mauritania,2026,178586553.4,38456341.260000005,0.0,111107388.129828,24217015.623276,5.78643604645136,10,beyond_limits,high,"Mauritania FY2026: disbursement of $178,586,553 is above the expected range $0 to $111,107,388 (learned from FY2010-2019, where a typical year was $38,456,341); that is 5.8 robust sigmas from the typical year (limits sit at 3), so 2.8 beyond the $111,107,388 limit.",5.78643604645136,
A_level,Cambodia,2024,136427085.0,39354260.66500001,0.0,89866973.63595098,16837570.99031699,5.765251079910812,10,beyond_limits,high,"Cambodia FY2024: disbursement of $136,427,085 is above the expected range $0 to $89,866,974 (learned from FY2010-2019, where a typical year was $39,354,261); that is 5.8 robust sigmas from the typical year (limits sit at 3), so 2.8 beyond the $89,866,974 limit.",5.765251079910812,
A_level,Nigeria,2023,1829965033.0,819493219.3499999,289524142.56473947,1349462296.1352603,176656358.92842016,5.719985511868473,10,beyond_limits,high,"Nigeria FY2023: disbursement of $1,829,965,033 is above the expected range $289,524,143 to $1,349,462,296 (learned from FY2010-2019, where a typical year was $819,493,219); that is 5.7 robust sigmas from the typical year (limits sit at 3), so 2.7 beyond the $1,349,462,296 limit.",5.719985511868473,
A_level,Guyana,2023,37629778.2,5592748.529999999,0.0,22519398.086858995,5642216.518952998,5.678092920110938,10,beyond_limits,high,"Guyana FY2023: disbursement of $37,629,778 is above the expected range $0 to $22,519,398 (learned from FY2010-2019, where a typical year was $5,592,749); that is 5.7 robust sigmas from the typical year (limits sit at 3), so 2.7 beyond the $22,519,398 limit.",5.678092920110938,
A_level,Kenya,2022,1055140135.0,495859367.70000005,199603723.65669,792115011.7433101,98751881.34777002,5.6634948080675676,10,beyond_limits,high,"Kenya FY2022: disbursement of $1,055,140,135 is above the expected range $199,603,724 to $792,115,012 (learned from FY2010-2019, where a typical year was $495,859,368); that is 5.7 robust sigmas from the typical year (limits sit at 3), so 2.7 beyond the $792,115,012 limit.",5.6634948080675676,
A_level,Lao People's Democratic Republic,2025,137661779.2,57412168.385000005,14893084.250689976,99931252.51931003,14173028.04477001,5.662135893720531,10,beyond_limits,high,"Lao People's Democratic Republic FY2025: disbursement of $137,661,779 is above the expected range $14,893,084 to $99,931,253 (learned from FY2010-2019, where a typical year was $57,412,168); that is 5.7 robust sigmas from the typical year (limits sit at 3), so 2.7 beyond the $99,931,253 limit.",5.662135893720531,
A_level,Nicaragua,2026,-11139664.39,61514671.825,22859488.957510002,100169854.69249001,12885060.95583,-5.638649010979392,10,beyond_limits,high,"Nicaragua FY2026: disbursement of $-11,139,664 is below the expected range $22,859,489 to $100,169,855 (learned from FY2010-2019, where a typical year was $61,514,672); that is 5.6 robust sigmas from the typical year (limits sit at 3), so 2.6 beyond the $22,859,489 limit.",5.638649010979392,
A_level,St. Lucia,2020,11703759.32,4078803.77,0.0,8187234.205949,1369476.811983,5.56778726246491,10,beyond_limits,high,"St. Lucia FY2020: disbursement of $11,703,759 is above the expected range $0 to $8,187,234 (learned from FY2010-2019, where a typical year was $4,078,804); that is 5.6 robust sigmas from the typical year (limits sit at 3), so 2.6 beyond the $8,187,234 limit.",5.56778726246491,
A_level,Rwanda,2025,692105054.7,210111077.2,0.0,469846333.8193,86578418.8731,5.5671376744182615,10,beyond_limits,high,"Rwanda FY2025: disbursement of $692,105,055 is above the expected range $0 to $469,846,334 (learned from FY2010-2019, where a typical year was $210,111,077); that is 5.6 robust sigmas from the typical year (limits sit at 3), so 2.6 beyond the $469,846,334 limit.",5.5671376744182615,
A_level,Benin,2022,297349754.3,99368766.845,0.0,206060280.188849,35563837.781283,5.566918527538556,10,beyond_limits,high,"Benin FY2022: disbursement of $297,349,754 is above the expected range $0 to $206,060,280 (learned from FY2010-2019, where a typical year was $99,368,767); that is 5.6 robust sigmas from the typical year (limits sit at 3), so 2.6 beyond the $206,060,280 limit.",5.566918527538556,
A_level,Cote d'Ivoire,2021,704703325.7,202693242.6,0.0,473437959.3129599,90248238.90431997,5.562547138811481,10,beyond_limits,high,"Cote d'Ivoire FY2021: disbursement of $704,703,326 is above the expected range $0 to $473,437,959 (learned from FY2010-2019, where a typical year was $202,693,243); that is 5.6 robust sigmas from the typical year (limits sit at 3), so 2.6 beyond the $473,437,959 limit.",5.562547138811481,
A_level,Guinea-Bissau,2020,37159677.4,10534009.11,0.0,25298405.152619995,4921465.347539999,5.410109877804763,10,beyond_limits,high,"Guinea-Bissau FY2020: disbursement of $37,159,677 is above the expected range $0 to $25,298,405 (learned from FY2010-2019, where a typical year was $10,534,009); that is 5.4 robust sigmas from the typical year (limits sit at 3), so 2.4 beyond the $25,298,405 limit.",5.410109877804763,
A_level,Djibouti,2021,44711403.19,8389680.75,0.0,28753650.503505,6787989.917834999,5.3508804343635,10,beyond_limits,high,"Djibouti FY2021: disbursement of $44,711,403 is above the expected range $0 to $28,753,651 (learned from FY2010-2019, where a typical year was $8,389,681); that is 5.4 robust sigmas from the typical year (limits sit at 3), so 2.4 beyond the $28,753,651 limit.",5.3508804343635,
A_level,Nigeria,2026,1758257037.0,819493219.3499999,289524142.56473947,1349462296.1352603,176656358.92842016,5.314067511322252,10,beyond_limits,high,"Nigeria FY2026: disbursement of $1,758,257,037 is above the expected range $289,524,143 to $1,349,462,296 (learned from FY2010-2019, where a typical year was $819,493,219); that is 5.3 robust sigmas from the typical year (limits sit at 3), so 2.3 beyond the $1,349,462,296 limit.",5.314067511322252,
A_level,Niger,2021,552802748.6,148193009.25,0.0,378238661.35115993,76681884.03371997,5.276471026351903,10,beyond_limits,high,"Niger FY2021: disbursement of $552,802,749 is above the expected range $0 to $378,238,661 (learned from FY2010-2019, where a typical year was $148,193,009); that is 5.3 robust sigmas from the typical year (limits sit at 3), so 2.3 beyond the $378,238,661 limit.",5.276471026351903,
A_level,Burundi,2024,203266344.9,86981416.985,20638109.287613012,153324724.682387,22114435.899128996,5.25832666252093,10,beyond_limits,high,"Burundi FY2024: disbursement of $203,266,345 is above the expected range $20,638,109 to $153,324,725 (learned from FY2010-2019, where a typical year was $86,981,417); that is 5.3 robust sigmas from the typical year (limits sit at 3), so 2.3 beyond the $153,324,725 limit.",5.25832666252093,
A_level,Lao People's Democratic Republic,2026,131458417.5,57412168.385000005,14893084.250689976,99931252.51931003,14173028.04477001,5.224448077087084,10,beyond_limits,high,"Lao People's Democratic Republic FY2026: disbursement of $131,458,418 is above the expected range $14,893,084 to $99,931,253 (learned from FY2010-2019, where a typical year was $57,412,168); that is 5.2 robust sigmas from the typical year (limits sit at 3), so 2.2 beyond the $99,931,253 limit.",5.224448077087084,
A_level,Sri Lanka,2024,431822046.8,182704085.2,39427081.56099993,325981088.83900005,47759001.21300002,5.216146805268407,10,beyond_limits,high,"Sri Lanka FY2024: disbursement of $431,822,047 is above the expected range $39,427,082 to $325,981,089 (learned from FY2010-2019, where a typical year was $182,704,085); that is 5.2 robust sigmas from the typical year (limits sit at 3), so 2.2 beyond the $325,981,089 limit.",5.216146805268407,
A_level,Mauritania,2021,164199868.5,38456341.260000005,0.0,111107388.129828,24217015.623276,5.192362642700803,10,beyond_limits,high,"Mauritania FY2021: disbursement of $164,199,868 is above the expected range $0 to $111,107,388 (learned from FY2010-2019, where a typical year was $38,456,341); that is 5.2 robust sigmas from the typical year (limits sit at 3), so 2.2 beyond the $111,107,388 limit.",5.192362642700803,
A_level,Niger,2022,545711408.8,148193009.25,0.0,378238661.35115993,76681884.03371997,5.183993645424724,10,beyond_limits,high,"Niger FY2022: disbursement of $545,711,409 is above the expected range $0 to $378,238,661 (learned from FY2010-2019, where a typical year was $148,193,009); that is 5.2 robust sigmas from the typical year (limits sit at 3), so 2.2 beyond the $378,238,661 limit.",5.183993645424724,
A_level,Guinea,2021,259730093.0,64060465.815,0.0,177364734.289047,37768089.491349,5.180818776385798,10,beyond_limits,high,"Guinea FY2021: disbursement of $259,730,093 is above the expected range $0 to $177,364,734 (learned from FY2010-2019, where a typical year was $64,060,466); that is 5.2 robust sigmas from the typical year (limits sit at 3), so 2.2 beyond the $177,364,734 limit.",5.180818776385798,
A_level,Senegal,2021,318403237.9,161472811.7,70138867.26197009,252806756.13802987,30444648.146009967,5.154614546615053,10,beyond_limits,high,"Senegal FY2021: disbursement of $318,403,238 is above the expected range $70,138,867 to $252,806,756 (learned from FY2010-2019, where a typical year was $161,472,812); that is 5.2 robust sigmas from the typical year (limits sit at 3), so 2.2 beyond the $252,806,756 limit.",5.154614546615053,
A_level,Guinea-Bissau,2021,35872108.08,10534009.11,0.0,25298405.152619995,4921465.347539999,5.148486717002952,10,beyond_limits,high,"Guinea-Bissau FY2021: disbursement of $35,872,108 is above the expected range $0 to $25,298,405 (learned from FY2010-2019, where a typical year was $10,534,009); that is 5.1 robust sigmas from the typical year (limits sit at 3), so 2.1 beyond the $25,298,405 limit.",5.148486717002952,
A_level,Sierra Leone,2025,188166155.0,60153242.055,0.0,135098761.300107,24981839.748369005,5.124238816452964,10,beyond_limits,high,"Sierra Leone FY2025: disbursement of $188,166,155 is above the expected range $0 to $135,098,761 (learned from FY2010-2019, where a typical year was $60,153,242); that is 5.1 robust sigmas from the typical year (limits sit at 3), so 2.1 beyond the $135,098,761 limit.",5.124238816452964,
A_level,Cabo Verde,2026,77969305.88,13466887.94,0.0,51388181.80598,12640431.288660001,5.102865279436034,10,beyond_limits,high,"Cabo Verde FY2026: disbursement of $77,969,306 is above the expected range $0 to $51,388,182 (learned from FY2010-2019, where a typical year was $13,466,888); that is 5.1 robust sigmas from the typical year (limits sit at 3), so 2.1 beyond the $51,388,182 limit.",5.102865279436034,
A_level,Mali,2020,420931189.5,160424323.7,6734081.108029962,314114566.29197,51230080.86399001,5.0850371775054555,10,beyond_limits,high,"Mali FY2020: disbursement of $420,931,190 is above the expected range $6,734,081 to $314,114,566 (learned from FY2010-2019, where a typical year was $160,424,324); that is 5.1 robust sigmas from the typical year (limits sit at 3), so 2.1 beyond the $314,114,566 limit.",5.0850371775054555,
A_level,Sierra Leone,2024,186938555.3,60153242.055,0.0,135098761.300107,24981839.748369005,5.075099132892223,10,beyond_limits,high,"Sierra Leone FY2024: disbursement of $186,938,555 is above the expected range $0 to $135,098,761 (learned from FY2010-2019, where a typical year was $60,153,242); that is 5.1 robust sigmas from the typical year (limits sit at 3), so 2.1 beyond the $135,098,761 limit.",5.075099132892223,
A_level,Grenada,2025,26340796.17,5152033.635,0.0,17728646.347356,4192204.237451999,5.054324964825289,10,beyond_limits,high,"Grenada FY2025: disbursement of $26,340,796 is above the expected range $0 to $17,728,646 (learned from FY2010-2019, where a typical year was $5,152,034); that is 5.1 robust sigmas from the typical year (limits sit at 3), so 2.1 beyond the $17,728,646 limit.",5.054324964825289,
A_level,Cabo Verde,2023,76963672.98,13466887.94,0.0,51388181.80598,12640431.288660001,5.023308429116997,10,beyond_limits,high,"Cabo Verde FY2023: disbursement of $76,963,673 is above the expected range $0 to $51,388,182 (learned from FY2010-2019, where a typical year was $13,466,888); that is 5.0 robust sigmas from the typical year (limits sit at 3), so 2.0 beyond the $51,388,182 limit.",5.023308429116997,
A_level,Benin,2020,276698103.2,99368766.845,0.0,206060280.188849,35563837.781283,4.986226105449373,10,beyond_limits,medium,"Benin FY2020: disbursement of $276,698,103 is above the expected range $0 to $206,060,280 (learned from FY2010-2019, where a typical year was $99,368,767); that is 5.0 robust sigmas from the typical year (limits sit at 3), so 2.0 beyond the $206,060,280 limit.",4.986226105449373,
A_level,Tonga,2025,42243236.16,12328193.559999999,0.0,30330700.087179992,6000835.509059997,4.98514624419126,10,beyond_limits,medium,"Tonga FY2025: disbursement of $42,243,236 is above the expected range $0 to $30,330,700 (learned from FY2010-2019, where a typical year was $12,328,194); that is 5.0 robust sigmas from the typical year (limits sit at 3), so 2.0 beyond the $30,330,700 limit.",4.98514624419126,
A_level,Mozambique,2022,577824096.1,246160548.39999998,46058962.790830076,446262134.0091699,66700528.53638996,4.972427580076125,10,beyond_limits,medium,"Mozambique FY2022: disbursement of $577,824,096 is above the expected range $46,058,963 to $446,262,134 (learned from FY2010-2019, where a typical year was $246,160,548); that is 5.0 robust sigmas from the typical year (limits sit at 3), so 2.0 beyond the $446,262,134 limit.",4.972427580076125,
A_level,Ethiopia,2020,2202062392.0,906647300.05,124527318.51109004,1688767281.5889099,260706660.51296997,4.968860747175096,10,beyond_limits,medium,"Ethiopia FY2020: disbursement of $2,202,062,392 is above the expected range $124,527,319 to $1,688,767,282 (learned from FY2010-2019, where a typical year was $906,647,300); that is 5.0 robust sigmas from the typical year (limits sit at 3), so 2.0 beyond the $1,688,767,282 limit.",4.968860747175096,
A_level,Grenada,2022,25782929.98,5152033.635,0.0,17728646.347356,4192204.237451999,4.9212526815104205,10,beyond_limits,medium,"Grenada FY2022: disbursement of $25,782,930 is above the expected range $0 to $17,728,646 (learned from FY2010-2019, where a typical year was $5,152,034); that is 4.9 robust sigmas from the typical year (limits sit at 3), so 1.9 beyond the $17,728,646 limit.",4.9212526815104205,
A_level,Bolivia,2026,10114314.9,51713522.18,26307378.857447006,77119665.50255299,8468714.440850997,-4.912104141726122,10,beyond_limits,medium,"Bolivia FY2026: disbursement of $10,114,315 is below the expected range $26,307,379 to $77,119,666 (learned from FY2010-2019, where a typical year was $51,713,522); that is 4.9 robust sigmas from the typical year (limits sit at 3), so 1.9 beyond the $26,307,379 limit.",4.912104141726122,
A_level,Niger,2020,519570899.2,148193009.25,0.0,378238661.35115993,76681884.03371997,4.8430981401903335,10,beyond_limits,medium,"Niger FY2020: disbursement of $519,570,899 is above the expected range $0 to $378,238,661 (learned from FY2010-2019, where a typical year was $148,193,009); that is 4.8 robust sigmas from the typical year (limits sit at 3), so 1.8 beyond the $378,238,661 limit.",4.8430981401903335,
A_level,Ghana,2025,688202091.9,352978238.70000005,145159803.04230008,560796674.3577,69272811.88589999,4.8391835710689906,10,beyond_limits,medium,"Ghana FY2025: disbursement of $688,202,092 is above the expected range $145,159,803 to $560,796,674 (learned from FY2010-2019, where a typical year was $352,978,239); that is 4.8 robust sigmas from the typical year (limits sit at 3), so 1.8 beyond the $560,796,674 limit.",4.8391835710689906,
A_level,Burundi,2025,193944050.4,86981416.985,20638109.287613012,153324724.682387,22114435.899128996,4.836778740497417,10,beyond_limits,medium,"Burundi FY2025: disbursement of $193,944,050 is above the expected range $20,638,109 to $153,324,725 (learned from FY2010-2019, where a typical year was $86,981,417); that is 4.8 robust sigmas from the typical year (limits sit at 3), so 1.8 beyond the $153,324,725 limit.",4.836778740497417,
A_level,Western Africa,2021,131344931.8,16113568.614999998,0.0,87783499.10079698,23889976.828598995,4.823418792397281,10,beyond_limits,medium,"Western Africa FY2021: disbursement of $131,344,932 is above the expected range $0 to $87,783,499 (learned from FY2010-2019, where a typical year was $16,113,569); that is 4.8 robust sigmas from the typical year (limits sit at 3), so 1.8 beyond the $87,783,499 limit.",4.823418792397281,
A_level,Kosovo,2022,30694515.18,10497203.649999999,0.0,23096755.957572993,4199850.769190998,4.809054568834249,10,beyond_limits,medium,"Kosovo FY2022: disbursement of $30,694,515 is above the expected range $0 to $23,096,756 (learned from FY2010-2019, where a typical year was $10,497,204); that is 4.8 robust sigmas from the typical year (limits sit at 3), so 1.8 beyond the $23,096,756 limit.",4.809054568834249,
A_level,"Congo, Democratic Republic of",2024,810470263.0,389153250.29999995,124027151.77677,654279348.8232299,88375366.17440999,4.767358042607995,10,beyond_limits,medium,"Congo, Democratic Republic of FY2024: disbursement of $810,470,263 is above the expected range $124,027,152 to $654,279,349 (learned from FY2010-2019, where a typical year was $389,153,250); that is 4.8 robust sigmas from the typical year (limits sit at 3), so 1.8 beyond the $654,279,349 limit.",4.767358042607995,
A_level,Tuvalu,2024,27374908.64,5182933.3,0.0,19184777.517004002,4667281.405668001,4.7547969387596405,8,beyond_limits,medium,"Tuvalu FY2024: disbursement of $27,374,909 is above the expected range $0 to $19,184,778 (learned from FY2010-2019, where a typical year was $5,182,933); that is 4.8 robust sigmas from the typical year (limits sit at 3), so 1.8 beyond the $19,184,778 limit.",4.7547969387596405,
A_level,Central African Republic,2025,117771611.2,39836241.235,0.0,89346702.254383,16503487.006460998,4.7223577619983494,10,beyond_limits,medium,"Central African Republic FY2025: disbursement of $117,771,611 is above the expected range $0 to $89,346,702 (learned from FY2010-2019, where a typical year was $39,836,241); that is 4.7 robust sigmas from the typical year (limits sit at 3), so 1.7 beyond the $89,346,702 limit.",4.7223577619983494,
A_level,Central African Republic,2023,117761040.9,39836241.235,0.0,89346702.254383,16503487.006460998,4.721717273112827,10,beyond_limits,medium,"Central African Republic FY2023: disbursement of $117,761,041 is above the expected range $0 to $89,346,702 (learned from FY2010-2019, where a typical year was $39,836,241); that is 4.7 robust sigmas from the typical year (limits sit at 3), so 1.7 beyond the $89,346,702 limit.",4.721717273112827,
A_level,Solomon Islands,2021,18432064.58,5711163.215,0.0,13842572.508518,2710469.7645059996,4.693245994322488,10,beyond_limits,medium,"Solomon Islands FY2021: disbursement of $18,432,065 is above the expected range $0 to $13,842,573 (learned from FY2010-2019, where a typical year was $5,711,163); that is 4.7 robust sigmas from the typical year (limits sit at 3), so 1.7 beyond the $13,842,573 limit.",4.693245994322488,
A_level,Pakistan,2024,1914038403.0,680802437.15,0.0,1471532179.4875698,263576580.77918994,4.678852583201,10,beyond_limits,medium,"Pakistan FY2024: disbursement of $1,914,038,403 is above the expected range $0 to $1,471,532,179 (learned from FY2010-2019, where a typical year was $680,802,437); that is 4.7 robust sigmas from the typical year (limits sit at 3), so 1.7 beyond the $1,471,532,179 limit.",4.678852583201,
A_level,Mongolia,2021,74937268.54,20281904.87,0.0,55372323.01504101,11696806.048347,4.672674185080117,10,beyond_limits,medium,"Mongolia FY2021: disbursement of $74,937,269 is above the expected range $0 to $55,372,323 (learned from FY2010-2019, where a typical year was $20,281,905); that is 4.7 robust sigmas from the typical year (limits sit at 3), so 1.7 beyond the $55,372,323 limit.",4.672674185080117,
A_level,Caribbean,2021,2127783.01,429999.995,0.0,1523356.723226,364452.242742,4.658451275334531,10,beyond_limits,medium,"Caribbean FY2021: disbursement of $2,127,783 is above the expected range $0 to $1,523,357 (learned from FY2010-2019, where a typical year was $430,000); that is 4.7 robust sigmas from the typical year (limits sit at 3), so 1.7 beyond the $1,523,357 limit.",4.658451275334531,
A_level,Benin,2021,264649325.9,99368766.845,0.0,206060280.188849,35563837.781283,4.647433161501654,10,beyond_limits,medium,"Benin FY2021: disbursement of $264,649,326 is above the expected range $0 to $206,060,280 (learned from FY2010-2019, where a typical year was $99,368,767); that is 4.6 robust sigmas from the typical year (limits sit at 3), so 1.6 beyond the $206,060,280 limit.",4.647433161501654,
A_level,Grenada,2020,24327713.3,5152033.635,0.0,17728646.347356,4192204.237451999,4.574128210092856,10,beyond_limits,medium,"Grenada FY2020: disbursement of $24,327,713 is above the expected range $0 to $17,728,646 (learned from FY2010-2019, where a typical year was $5,152,034); that is 4.6 robust sigmas from the typical year (limits sit at 3), so 1.6 beyond the $17,728,646 limit.",4.574128210092856,
A_level,Mongolia,2022,73586915.25,20281904.87,0.0,55372323.01504101,11696806.048347,4.557227858585643,10,beyond_limits,medium,"Mongolia FY2022: disbursement of $73,586,915 is above the expected range $0 to $55,372,323 (learned from FY2010-2019, where a typical year was $20,281,905); that is 4.6 robust sigmas from the typical year (limits sit at 3), so 1.6 beyond the $55,372,323 limit.",4.557227858585643,
A_level,Guyana,2026,31283327.06,5592748.529999999,0.0,22519398.086858995,5642216.518952998,4.553277677966051,10,beyond_limits,medium,"Guyana FY2026: disbursement of $31,283,327 is above the expected range $0 to $22,519,398 (learned from FY2010-2019, where a typical year was $5,592,749); that is 4.6 robust sigmas from the typical year (limits sit at 3), so 1.6 beyond the $22,519,398 limit.",4.553277677966051,
A_level,India,2022,501392030.8,1257181504.0,755385322.5925001,1758977685.4074998,167265393.80249998,-4.5185047308255815,10,beyond_limits,medium,"India FY2022: disbursement of $501,392,031 is below the expected range $755,385,323 to $1,758,977,685 (learned from FY2010-2019, where a typical year was $1,257,181,504); that is 4.5 robust sigmas from the typical year (limits sit at 3), so 1.5 beyond the $755,385,323 limit.",4.5185047308255815,
A_level,"Congo, Democratic Republic of",2022,787974444.5,389153250.29999995,124027151.77677,654279348.8232299,88375366.17440999,4.51280952446546,10,beyond_limits,medium,"Congo, Democratic Republic of FY2022: disbursement of $787,974,444 is above the expected range $124,027,152 to $654,279,349 (learned from FY2010-2019, where a typical year was $389,153,250); that is 4.5 robust sigmas from the typical year (limits sit at 3), so 1.5 beyond the $654,279,349 limit.",4.51280952446546,
A_level,Malawi,2025,511029852.0,167663464.65,0.0,397818060.27480006,76718198.5416,4.475683656255453,10,beyond_limits,medium,"Malawi FY2025: disbursement of $511,029,852 is above the expected range $0 to $397,818,060 (learned from FY2010-2019, where a typical year was $167,663,465); that is 4.5 robust sigmas from the typical year (limits sit at 3), so 1.5 beyond the $397,818,060 limit.",4.475683656255453,
A_level,"Congo, Republic of",2021,75811775.33,20407067.96,0.0,57810356.538151994,12467762.859383998,4.443837117763195,10,beyond_limits,medium,"Congo, Republic of FY2021: disbursement of $75,811,775 is above the expected range $0 to $57,810,357 (learned from FY2010-2019, where a typical year was $20,407,068); that is 4.4 robust sigmas from the typical year (limits sit at 3), so 1.4 beyond the $57,810,357 limit.",4.443837117763195,
A_level,Burkina Faso,2025,603210344.5,279719640.15,60972648.32390982,498466631.97609013,72915663.94203006,4.436504954644368,10,beyond_limits,medium,"Burkina Faso FY2025: disbursement of $603,210,344 is above the expected range $60,972,648 to $498,466,632 (learned from FY2010-2019, where a typical year was $279,719,640); that is 4.4 robust sigmas from the typical year (limits sit at 3), so 1.4 beyond the $498,466,632 limit.",4.436504954644368,
A_level,Moldova,2023,135382221.4,44338652.349999994,0.0,106231282.94347897,20630876.864492994,4.412976222386921,10,beyond_limits,medium,"Moldova FY2023: disbursement of $135,382,221 is above the expected range $0 to $106,231,283 (learned from FY2010-2019, where a typical year was $44,338,652); that is 4.4 robust sigmas from the typical year (limits sit at 3), so 1.4 beyond the $106,231,283 limit.",4.412976222386921,
A_level,Uganda,2022,549240701.4,246890754.25,39129097.87276,454652410.62724,69253885.45908,4.365819262641217,10,beyond_limits,medium,"Uganda FY2022: disbursement of $549,240,701 is above the expected range $39,129,098 to $454,652,411 (learned from FY2010-2019, where a typical year was $246,890,754); that is 4.4 robust sigmas from the typical year (limits sit at 3), so 1.4 beyond the $454,652,411 limit.",4.365819262641217,
A_level,Central African Republic,2022,111881936.0,39836241.235,0.0,89346702.254383,16503487.006460998,4.365483169514093,10,beyond_limits,medium,"Central African Republic FY2022: disbursement of $111,881,936 is above the expected range $0 to $89,346,702 (learned from FY2010-2019, where a typical year was $39,836,241); that is 4.4 robust sigmas from the typical year (limits sit at 3), so 1.4 beyond the $89,346,702 limit.",4.365483169514093,
A_level,Madagascar,2020,355473589.7,102565118.42,0.0,276685653.890546,58040178.490182,4.357472321053969,10,beyond_limits,medium,"Madagascar FY2020: disbursement of $355,473,590 is above the expected range $0 to $276,685,654 (learned from FY2010-2019, where a typical year was $102,565,118); that is 4.4 robust sigmas from the typical year (limits sit at 3), so 1.4 beyond the $276,685,654 limit.",4.357472321053969,
A_level,Mauritania,2025,143747861.0,38456341.260000005,0.0,111107388.129828,24217015.623276,4.347832176265347,10,beyond_limits,medium,"Mauritania FY2025: disbursement of $143,747,861 is above the expected range $0 to $111,107,388 (learned from FY2010-2019, where a typical year was $38,456,341); that is 4.3 robust sigmas from the typical year (limits sit at 3), so 1.3 beyond the $111,107,388 limit.",4.347832176265347,
A_level,Sri Lanka,2025,390050264.3,182704085.2,39427081.56099993,325981088.83900005,47759001.21300002,4.341509952757561,10,beyond_limits,medium,"Sri Lanka FY2025: disbursement of $390,050,264 is above the expected range $39,427,082 to $325,981,089 (learned from FY2010-2019, where a typical year was $182,704,085); that is 4.3 robust sigmas from the typical year (limits sit at 3), so 1.3 beyond the $325,981,089 limit.",4.341509952757561,
A_level,Cabo Verde,2020,68032485.26,13466887.94,0.0,51388181.80598,12640431.288660001,4.316751230549543,10,beyond_limits,medium,"Cabo Verde FY2020: disbursement of $68,032,485 is above the expected range $0 to $51,388,182 (learned from FY2010-2019, where a typical year was $13,466,888); that is 4.3 robust sigmas from the typical year (limits sit at 3), so 1.3 beyond the $51,388,182 limit.",4.316751230549543,
A_level,Bolivia,2020,15159598.76,51713522.18,26307378.857447006,77119665.50255299,8468714.440850997,-4.316348564508547,10,beyond_limits,medium,"Bolivia FY2020: disbursement of $15,159,599 is below the expected range $26,307,379 to $77,119,666 (learned from FY2010-2019, where a typical year was $51,713,522); that is 4.3 robust sigmas from the typical year (limits sit at 3), so 1.3 beyond the $26,307,379 limit.",4.316348564508547,
A_level,Sierra Leone,2022,167971247.0,60153242.055,0.0,135098761.300107,24981839.748369005,4.315855278514431,10,beyond_limits,medium,"Sierra Leone FY2022: disbursement of $167,971,247 is above the expected range $0 to $135,098,761 (learned from FY2010-2019, where a typical year was $60,153,242); that is 4.3 robust sigmas from the typical year (limits sit at 3), so 1.3 beyond the $135,098,761 limit.",4.315855278514431,
A_level,Madagascar,2022,351476670.8,102565118.42,0.0,276685653.890546,58040178.490182,4.28860763104141,10,beyond_limits,medium,"Madagascar FY2022: disbursement of $351,476,671 is above the expected range $0 to $276,685,654 (learned from FY2010-2019, where a typical year was $102,565,118); that is 4.3 robust sigmas from the typical year (limits sit at 3), so 1.3 beyond the $276,685,654 limit.",4.28860763104141,
A_level,Mozambique,2021,531212472.7,246160548.39999998,46058962.790830076,446262134.0091699,66700528.53638996,4.27360817904889,10,beyond_limits,medium,"Mozambique FY2021: disbursement of $531,212,473 is above the expected range $46,058,963 to $446,262,134 (learned from FY2010-2019, where a typical year was $246,160,548); that is 4.3 robust sigmas from the typical year (limits sit at 3), so 1.3 beyond the $446,262,134 limit.",4.27360817904889,
A_level,Cabo Verde,2021,67321138.85,13466887.94,0.0,51388181.80598,12640431.288660001,4.260475744867486,10,beyond_limits,medium,"Cabo Verde FY2021: disbursement of $67,321,139 is above the expected range $0 to $51,388,182 (learned from FY2010-2019, where a typical year was $13,466,888); that is 4.3 robust sigmas from the typical year (limits sit at 3), so 1.3 beyond the $51,388,182 limit.",4.260475744867486,
A_level,Cameroon,2022,238541175.0,118005880.75,32660266.090029985,203351495.40997002,28448538.219990008,4.236959147704227,10,beyond_limits,medium,"Cameroon FY2022: disbursement of $238,541,175 is above the expected range $32,660,266 to $203,351,495 (learned from FY2010-2019, where a typical year was $118,005,881); that is 4.2 robust sigmas from the typical year (limits sit at 3), so 1.2 beyond the $203,351,495 limit.",4.236959147704227,
A_level,Malawi,2023,490021933.3,167663464.65,0.0,397818060.27480006,76718198.5416,4.2018513830874555,10,beyond_limits,medium,"Malawi FY2023: disbursement of $490,021,933 is above the expected range $0 to $397,818,060 (learned from FY2010-2019, where a typical year was $167,663,465); that is 4.2 robust sigmas from the typical year (limits sit at 3), so 1.2 beyond the $397,818,060 limit.",4.2018513830874555,
A_level,Burkina Faso,2023,582851618.4,279719640.15,60972648.32390982,498466631.97609013,72915663.94203006,4.157295728541925,10,beyond_limits,medium,"Burkina Faso FY2023: disbursement of $582,851,618 is above the expected range $60,972,648 to $498,466,632 (learned from FY2010-2019, where a typical year was $279,719,640); that is 4.2 robust sigmas from the typical year (limits sit at 3), so 1.2 beyond the $498,466,632 limit.",4.157295728541925,
A_level,Sao Tome and Principe,2021,23954601.42,4348857.324999999,0.0,18776050.060080998,4809064.245026999,4.07683139506279,10,beyond_limits,medium,"Sao Tome and Principe FY2021: disbursement of $23,954,601 is above the expected range $0 to $18,776,050 (learned from FY2010-2019, where a typical year was $4,348,857); that is 4.1 robust sigmas from the typical year (limits sit at 3), so 1.1 beyond the $18,776,050 limit.",4.07683139506279,
A_level,Cabo Verde,2025,64885648.7,13466887.94,0.0,51388181.80598,12640431.288660001,4.06780113635275,10,beyond_limits,medium,"Cabo Verde FY2025: disbursement of $64,885,649 is above the expected range $0 to $51,388,182 (learned from FY2010-2019, where a typical year was $13,466,888); that is 4.1 robust sigmas from the typical year (limits sit at 3), so 1.1 beyond the $51,388,182 limit.",4.06780113635275,
A_level,Guinea,2025,215401819.7,64060465.815,0.0,177364734.289047,37768089.491349,4.007122306773437,10,beyond_limits,medium,"Guinea FY2025: disbursement of $215,401,820 is above the expected range $0 to $177,364,734 (learned from FY2010-2019, where a typical year was $64,060,466); that is 4.0 robust sigmas from the typical year (limits sit at 3), so 1.0 beyond the $177,364,734 limit.",4.007122306773437,
A_level,Pakistan,2023,1713500150.0,680802437.15,0.0,1471532179.4875698,263576580.77918994,3.9180177153718287,10,beyond_limits,medium,"Pakistan FY2023: disbursement of $1,713,500,150 is above the expected range $0 to $1,471,532,179 (learned from FY2010-2019, where a typical year was $680,802,437); that is 3.9 robust sigmas from the typical year (limits sit at 3), so 0.9 beyond the $1,471,532,179 limit.",3.9180177153718287,
A_level,Madagascar,2021,327627821.3,102565118.42,0.0,276685653.890546,58040178.490182,3.8777052161903898,10,beyond_limits,medium,"Madagascar FY2021: disbursement of $327,627,821 is above the expected range $0 to $276,685,654 (learned from FY2010-2019, where a typical year was $102,565,118); that is 3.9 robust sigmas from the typical year (limits sit at 3), so 0.9 beyond the $276,685,654 limit.",3.8777052161903898,
A_level,Burkina Faso,2026,557742048.7,279719640.15,60972648.32390982,498466631.97609013,72915663.94203006,3.8129311799318657,10,beyond_limits,medium,"Burkina Faso FY2026: disbursement of $557,742,049 is above the expected range $60,972,648 to $498,466,632 (learned from FY2010-2019, where a typical year was $279,719,640); that is 3.8 robust sigmas from the typical year (limits sit at 3), so 0.8 beyond the $498,466,632 limit.",3.8129311799318657,
A_level,Kosovo,2024,26346325.42,10497203.649999999,0.0,23096755.957572993,4199850.769190998,3.7737345065365173,10,beyond_limits,medium,"Kosovo FY2024: disbursement of $26,346,325 is above the expected range $0 to $23,096,756 (learned from FY2010-2019, where a typical year was $10,497,204); that is 3.8 robust sigmas from the typical year (limits sit at 3), so 0.8 beyond the $23,096,756 limit.",3.7737345065365173,
A_level,Haiti,2024,169751619.7,76046764.6,266245.96151797473,151827283.238482,25260172.879494008,3.7095888277181506,10,beyond_limits,medium,"Haiti FY2024: disbursement of $169,751,620 is above the expected range $266,246 to $151,827,283 (learned from FY2010-2019, where a typical year was $76,046,765); that is 3.7 robust sigmas from the typical year (limits sit at 3), so 0.7 beyond the $151,827,283 limit.",3.7095888277181506,
A_level,Ethiopia,2023,1873709548.0,906647300.05,124527318.51109004,1688767281.5889099,260706660.51296997,3.7093883449206677,10,beyond_limits,medium,"Ethiopia FY2023: disbursement of $1,873,709,548 is above the expected range $124,527,319 to $1,688,767,282 (learned from FY2010-2019, where a typical year was $906,647,300); that is 3.7 robust sigmas from the typical year (limits sit at 3), so 0.7 beyond the $1,688,767,282 limit.",3.7093883449206677,
A_level,Djibouti,2022,33519788.36,8389680.75,0.0,28753650.503505,6787989.917834999,3.7021427424298743,10,beyond_limits,medium,"Djibouti FY2022: disbursement of $33,519,788 is above the expected range $0 to $28,753,651 (learned from FY2010-2019, where a typical year was $8,389,681); that is 3.7 robust sigmas from the typical year (limits sit at 3), so 0.7 beyond the $28,753,651 limit.",3.7021427424298743,
A_level,Uganda,2024,499845671.7,246890754.25,39129097.87276,454652410.62724,69253885.45908,3.652573653783849,10,beyond_limits,medium,"Uganda FY2024: disbursement of $499,845,672 is above the expected range $39,129,098 to $454,652,411 (learned from FY2010-2019, where a typical year was $246,890,754); that is 3.7 robust sigmas from the typical year (limits sit at 3), so 0.7 beyond the $454,652,411 limit.",3.652573653783849,
A_level,Mauritania,2022,126548329.4,38456341.260000005,0.0,111107388.129828,24217015.623276,3.6376071069356315,10,beyond_limits,medium,"Mauritania FY2022: disbursement of $126,548,329 is above the expected range $0 to $111,107,388 (learned from FY2010-2019, where a typical year was $38,456,341); that is 3.6 robust sigmas from the typical year (limits sit at 3), so 0.6 beyond the $111,107,388 limit.",3.6376071069356315,
A_level,Caribbean,2020,1750102.07,429999.995,0.0,1523356.723226,364452.242742,3.622153797348192,10,beyond_limits,medium,"Caribbean FY2020: disbursement of $1,750,102 is above the expected range $0 to $1,523,357 (learned from FY2010-2019, where a typical year was $430,000); that is 3.6 robust sigmas from the typical year (limits sit at 3), so 0.6 beyond the $1,523,357 limit.",3.622153797348192,
A_level,Mauritania,2023,125282884.3,38456341.260000005,0.0,111107388.129828,24217015.623276,3.5853527284570657,10,beyond_limits,medium,"Mauritania FY2023: disbursement of $125,282,884 is above the expected range $0 to $111,107,388 (learned from FY2010-2019, where a typical year was $38,456,341); that is 3.6 robust sigmas from the typical year (limits sit at 3), so 0.6 beyond the $111,107,388 limit.",3.5853527284570657,
A_level,Caribbean,2025,1730274.21,429999.995,0.0,1523356.723226,364452.242742,3.5677492480694633,10,beyond_limits,medium,"Caribbean FY2025: disbursement of $1,730,274 is above the expected range $0 to $1,523,357 (learned from FY2010-2019, where a typical year was $430,000); that is 3.6 robust sigmas from the typical year (limits sit at 3), so 0.6 beyond the $1,523,357 limit.",3.5677492480694633,
A_level,Senegal,2025,269099195.8,161472811.7,70138867.26197009,252806756.13802987,30444648.146009967,3.5351495469362284,10,beyond_limits,medium,"Senegal FY2025: disbursement of $269,099,196 is above the expected range $70,138,867 to $252,806,756 (learned from FY2010-2019, where a typical year was $161,472,812); that is 3.5 robust sigmas from the typical year (limits sit at 3), so 0.5 beyond the $252,806,756 limit.",3.5351495469362284,
A_level,Tajikistan,2020,75332213.29,31734314.225,0.0,68813365.01052502,12359683.595175002,3.5274284110330982,10,beyond_limits,medium,"Tajikistan FY2020: disbursement of $75,332,213 is above the expected range $0 to $68,813,365 (learned from FY2010-2019, where a typical year was $31,734,314); that is 3.5 robust sigmas from the typical year (limits sit at 3), so 0.5 beyond the $68,813,365 limit.",3.5274284110330982,
A_level,Nigeria,2025,1437381873.0,819493219.3499999,289524142.56473947,1349462296.1352603,176656358.92842016,3.4976870201449355,10,beyond_limits,medium,"Nigeria FY2025: disbursement of $1,437,381,873 is above the expected range $289,524,143 to $1,349,462,296 (learned from FY2010-2019, where a typical year was $819,493,219); that is 3.5 robust sigmas from the typical year (limits sit at 3), so 0.5 beyond the $1,349,462,296 limit.",3.4976870201449355,
A_level,"Yemen, Republic of",2023,495694817.7,144776561.0,0.0,446381646.669167,100535028.55638899,3.4905073558831665,10,beyond_limits,medium,"Yemen, Republic of FY2023: disbursement of $495,694,818 is above the expected range $0 to $446,381,647 (learned from FY2010-2019, where a typical year was $144,776,561); that is 3.5 robust sigmas from the typical year (limits sit at 3), so 0.5 beyond the $446,381,647 limit.",3.4905073558831665,
A_level,Sao Tome and Principe,2023,21075456.43,4348857.324999999,0.0,18776050.060080998,4809064.245026999,3.478140081471524,10,beyond_limits,medium,"Sao Tome and Principe FY2023: disbursement of $21,075,456 is above the expected range $0 to $18,776,050 (learned from FY2010-2019, where a typical year was $4,348,857); that is 3.5 robust sigmas from the typical year (limits sit at 3), so 0.5 beyond the $18,776,050 limit.",3.478140081471524,
A_level,"Yemen, Republic of",2022,492935189.3,144776561.0,0.0,446381646.669167,100535028.55638899,3.4630579341281202,10,beyond_limits,medium,"Yemen, Republic of FY2022: disbursement of $492,935,189 is above the expected range $0 to $446,381,647 (learned from FY2010-2019, where a typical year was $144,776,561); that is 3.5 robust sigmas from the typical year (limits sit at 3), so 0.5 beyond the $446,381,647 limit.",3.4630579341281202,
A_level,Mauritania,2024,121551434.1,38456341.260000005,0.0,111107388.129828,24217015.623276,3.4312689116050192,10,beyond_limits,medium,"Mauritania FY2024: disbursement of $121,551,434 is above the expected range $0 to $111,107,388 (learned from FY2010-2019, where a typical year was $38,456,341); that is 3.4 robust sigmas from the typical year (limits sit at 3), so 0.4 beyond the $111,107,388 limit.",3.4312689116050192,
A_level,Rwanda,2024,506383236.8,210111077.2,0.0,469846333.8193,86578418.8731,3.422009358177966,10,beyond_limits,medium,"Rwanda FY2024: disbursement of $506,383,237 is above the expected range $0 to $469,846,334 (learned from FY2010-2019, where a typical year was $210,111,077); that is 3.4 robust sigmas from the typical year (limits sit at 3), so 0.4 beyond the $469,846,334 limit.",3.422009358177966,
A_level,Rwanda,2021,505133231.4,210111077.2,0.0,469846333.8193,86578418.8731,3.4075715177060557,10,beyond_limits,medium,"Rwanda FY2021: disbursement of $505,133,231 is above the expected range $0 to $469,846,334 (learned from FY2010-2019, where a typical year was $210,111,077); that is 3.4 robust sigmas from the typical year (limits sit at 3), so 0.4 beyond the $469,846,334 limit.",3.4075715177060557,
A_level,Burkina Faso,2024,527680718.6,279719640.15,60972648.32390982,498466631.97609013,72915663.94203006,3.400655840521947,10,beyond_limits,medium,"Burkina Faso FY2024: disbursement of $527,680,719 is above the expected range $60,972,648 to $498,466,632 (learned from FY2010-2019, where a typical year was $279,719,640); that is 3.4 robust sigmas from the typical year (limits sit at 3), so 0.4 beyond the $498,466,632 limit.",3.400655840521947,
A_level,Nicaragua,2022,105310012.6,61514671.825,22859488.957510002,100169854.69249001,12885060.95583,3.3989238331995835,10,beyond_limits,medium,"Nicaragua FY2022: disbursement of $105,310,013 is above the expected range $22,859,489 to $100,169,855 (learned from FY2010-2019, where a typical year was $61,514,672); that is 3.4 robust sigmas from the typical year (limits sit at 3), so 0.4 beyond the $100,169,855 limit.",3.3989238331995835,
A_level,Nepal,2025,519162995.9,244909555.25,1924736.7816500068,487894373.71835,80994939.48945,3.3860564916617153,10,beyond_limits,medium,"Nepal FY2025: disbursement of $519,162,996 is above the expected range $1,924,737 to $487,894,374 (learned from FY2010-2019, where a typical year was $244,909,555); that is 3.4 robust sigmas from the typical year (limits sit at 3), so 0.4 beyond the $487,894,374 limit.",3.3860564916617153,
A_level,Haiti,2025,161221460.0,76046764.6,266245.96151797473,151827283.238482,25260172.879494008,3.37189677229581,10,beyond_limits,medium,"Haiti FY2025: disbursement of $161,221,460 is above the expected range $266,246 to $151,827,283 (learned from FY2010-2019, where a typical year was $76,046,765); that is 3.4 robust sigmas from the typical year (limits sit at 3), so 0.4 beyond the $151,827,283 limit.",3.37189677229581,
A_level,Lao People's Democratic Republic,2023,105021961.5,57412168.385000005,14893084.250689976,99931252.51931003,14173028.04477001,3.3591828764191636,10,beyond_limits,medium,"Lao People's Democratic Republic FY2023: disbursement of $105,021,962 is above the expected range $14,893,084 to $99,931,253 (learned from FY2010-2019, where a typical year was $57,412,168); that is 3.4 robust sigmas from the typical year (limits sit at 3), so 0.4 beyond the $99,931,253 limit.",3.3591828764191636,
A_level,Papua New Guinea,2025,58243774.7,26199986.33,0.0,54908784.83159301,9569599.500531003,3.34849837427595,10,beyond_limits,medium,"Papua New Guinea FY2025: disbursement of $58,243,775 is above the expected range $0 to $54,908,785 (learned from FY2010-2019, where a typical year was $26,199,986); that is 3.3 robust sigmas from the typical year (limits sit at 3), so 0.3 beyond the $54,908,785 limit.",3.34849837427595,
A_level,Tonga,2022,32403664.74,12328193.559999999,0.0,30330700.087179992,6000835.509059997,3.3454460049255252,10,beyond_limits,medium,"Tonga FY2022: disbursement of $32,403,665 is above the expected range $0 to $30,330,700 (learned from FY2010-2019, where a typical year was $12,328,194); that is 3.3 robust sigmas from the typical year (limits sit at 3), so 0.3 beyond the $30,330,700 limit.",3.3454460049255252,
A_level,Bolivia,2025,23480851.36,51713522.18,26307378.857447006,77119665.50255299,8468714.440850997,-3.3337611059138483,10,beyond_limits,medium,"Bolivia FY2025: disbursement of $23,480,851 is below the expected range $26,307,379 to $77,119,666 (learned from FY2010-2019, where a typical year was $51,713,522); that is 3.3 robust sigmas from the typical year (limits sit at 3), so 0.3 beyond the $26,307,379 limit.",3.3337611059138483,
A_level,Pakistan,2021,1558856391.0,680802437.15,0.0,1471532179.4875698,263576580.77918994,3.3313048953525413,10,beyond_limits,medium,"Pakistan FY2021: disbursement of $1,558,856,391 is above the expected range $0 to $1,471,532,179 (learned from FY2010-2019, where a typical year was $680,802,437); that is 3.3 robust sigmas from the typical year (limits sit at 3), so 0.3 beyond the $1,471,532,179 limit.",3.3313048953525413,
A_level,"Yemen, Republic of",2024,479197587.5,144776561.0,0.0,446381646.669167,100535028.55638899,3.3264130055170464,10,beyond_limits,medium,"Yemen, Republic of FY2024: disbursement of $479,197,588 is above the expected range $0 to $446,381,647 (learned from FY2010-2019, where a typical year was $144,776,561); that is 3.3 robust sigmas from the typical year (limits sit at 3), so 0.3 beyond the $446,381,647 limit.",3.3264130055170464,
A_level,"Congo, Democratic Republic of",2021,680598472.5,389153250.29999995,124027151.77677,654279348.8232299,88375366.17440999,3.297810632261811,10,beyond_limits,medium,"Congo, Democratic Republic of FY2021: disbursement of $680,598,472 is above the expected range $124,027,152 to $654,279,349 (learned from FY2010-2019, where a typical year was $389,153,250); that is 3.3 robust sigmas from the typical year (limits sit at 3), so 0.3 beyond the $654,279,349 limit.",3.297810632261811,
A_level,Sri Lanka,2023,337813762.9,182704085.2,39427081.56099993,325981088.83900005,47759001.21300002,3.2477579882424146,10,beyond_limits,medium,"Sri Lanka FY2023: disbursement of $337,813,763 is above the expected range $39,427,082 to $325,981,089 (learned from FY2010-2019, where a typical year was $182,704,085); that is 3.2 robust sigmas from the typical year (limits sit at 3), so 0.2 beyond the $325,981,089 limit.",3.2477579882424146,
A_level,Mali,2026,326683356.7,160424323.7,6734081.108029962,314114566.29197,51230080.86399001,3.2453400462396043,10,beyond_limits,medium,"Mali FY2026: disbursement of $326,683,357 is above the expected range $6,734,081 to $314,114,566 (learned from FY2010-2019, where a typical year was $160,424,324); that is 3.2 robust sigmas from the typical year (limits sit at 3), so 0.2 beyond the $314,114,566 limit.",3.2453400462396043,
A_level,Nigeria,2021,1390573158.0,819493219.3499999,289524142.56473947,1349462296.1352603,176656358.92842016,3.232716569695617,10,beyond_limits,medium,"Nigeria FY2021: disbursement of $1,390,573,158 is above the expected range $289,524,143 to $1,349,462,296 (learned from FY2010-2019, where a typical year was $819,493,219); that is 3.2 robust sigmas from the typical year (limits sit at 3), so 0.2 beyond the $1,349,462,296 limit.",3.232716569695617,
A_level,Ethiopia,2024,1740575939.0,906647300.05,124527318.51109004,1688767281.5889099,260706660.51296997,3.19872395016357,10,beyond_limits,medium,"Ethiopia FY2024: disbursement of $1,740,575,939 is above the expected range $124,527,319 to $1,688,767,282 (learned from FY2010-2019, where a typical year was $906,647,300); that is 3.2 robust sigmas from the typical year (limits sit at 3), so 0.2 beyond the $1,688,767,282 limit.",3.19872395016357,
A_level,Rwanda,2023,485324004.2,210111077.2,0.0,469846333.8193,86578418.8731,3.1787705363779626,10,beyond_limits,medium,"Rwanda FY2023: disbursement of $485,324,004 is above the expected range $0 to $469,846,334 (learned from FY2010-2019, where a typical year was $210,111,077); that is 3.2 robust sigmas from the typical year (limits sit at 3), so 0.2 beyond the $469,846,334 limit.",3.1787705363779626,
A_level,Haiti,2026,155738082.9,76046764.6,266245.96151797473,151827283.238482,25260172.879494008,3.1548207797379226,10,beyond_limits,medium,"Haiti FY2026: disbursement of $155,738,083 is above the expected range $266,246 to $151,827,283 (learned from FY2010-2019, where a typical year was $76,046,765); that is 3.2 robust sigmas from the typical year (limits sit at 3), so 0.2 beyond the $151,827,283 limit.",3.1548207797379226,
A_level,Pakistan,2026,1498233057.0,680802437.15,0.0,1471532179.4875698,263576580.77918994,3.101302162102174,10,beyond_limits,medium,"Pakistan FY2026: disbursement of $1,498,233,057 is above the expected range $0 to $1,471,532,179 (learned from FY2010-2019, where a typical year was $680,802,437); that is 3.1 robust sigmas from the typical year (limits sit at 3), so 0.1 beyond the $1,471,532,179 limit.",3.101302162102174,
A_level,Kenya,2025,799278941.3,495859367.70000005,199603723.65669,792115011.7433101,98751881.34777002,3.0725447399980257,10,beyond_limits,medium,"Kenya FY2025: disbursement of $799,278,941 is above the expected range $199,603,724 to $792,115,012 (learned from FY2010-2019, where a typical year was $495,859,368); that is 3.1 robust sigmas from the typical year (limits sit at 3), so 0.1 beyond the $792,115,012 limit.",3.0725447399980257,
A_level,Bolivia,2022,26069593.71,51713522.18,26307378.857447006,77119665.50255299,8468714.440850997,-3.02807806888611,10,beyond_limits,medium,"Bolivia FY2022: disbursement of $26,069,594 is below the expected range $26,307,379 to $77,119,666 (learned from FY2010-2019, where a typical year was $51,713,522); that is 3.0 robust sigmas from the typical year (limits sit at 3), so 0.0 beyond the $26,307,379 limit.",3.02807806888611,
A_level,Moldova,2026,106528243.2,44338652.349999994,0.0,106231282.94347897,20630876.864492994,3.0143939716412205,10,beyond_limits,medium,"Moldova FY2026: disbursement of $106,528,243 is above the expected range $0 to $106,231,283 (learned from FY2010-2019, where a typical year was $44,338,652); that is 3.0 robust sigmas from the typical year (limits sit at 3), so 0.0 beyond the $106,231,283 limit.",3.0143939716412205,
A_level,Maldives,2024,17541963.91,6031697.390000001,0.0,17504279.276822,3824193.962274,3.0098542682588176,10,beyond_limits,medium,"Maldives FY2024: disbursement of $17,541,964 is above the expected range $0 to $17,504,279 (learned from FY2010-2019, where a typical year was $6,031,697); that is 3.0 robust sigmas from the typical year (limits sit at 3), so 0.0 beyond the $17,504,279 limit.",3.0098542682588176,
A_level,Lao People's Democratic Republic,2024,99978896.9,57412168.385000005,14893084.250689976,99931252.51931003,14173028.04477001,3.003361623256475,10,beyond_limits,medium,"Lao People's Democratic Republic FY2024: disbursement of $99,978,897 is above the expected range $14,893,084 to $99,931,253 (learned from FY2010-2019, where a typical year was $57,412,168); that is 3.0 robust sigmas from the typical year (limits sit at 3), so 0.0 beyond the $99,931,253 limit.",3.003361623256475,
A_level,Lesotho,2025,75624304.08,24176892.15,0.0,75661244.66647798,17161450.838825997,2.9978474671620177,10,sustained_shift,medium,"Lesotho FY2025: no single year breaks a control limit, but this is part of a run of 8+ consecutive years above the historical typical disbursement of $24,176,892 - the level has shifted rather than spiked.",2.9978474671620177,
A_level,Lesotho,2026,75267218.96,24176892.15,0.0,75661244.66647798,17161450.838825997,2.9770400702027735,10,sustained_shift,medium,"Lesotho FY2026: no single year breaks a control limit, but this is part of a run of 8+ consecutive years above the historical typical disbursement of $24,176,892 - the level has shifted rather than spiked.",2.9770400702027735,
A_level,Guinea,2020,170461990.9,64060465.815,0.0,177364734.289047,37768089.491349,2.8172334507249013,10,sustained_shift,medium,"Guinea FY2020: no single year breaks a control limit, but this is part of a run of 8+ consecutive years above the historical typical disbursement of $64,060,466 - the level has shifted rather than spiked.",2.8172334507249013,
A_level,Cote d'Ivoire,2020,455657102.4,202693242.6,0.0,473437959.3129599,90248238.90431997,2.802978350283256,10,sustained_shift,medium,"Cote d'Ivoire FY2020: no single year breaks a control limit, but this is part of a run of 8+ consecutive years above the historical typical disbursement of $202,693,243 - the level has shifted rather than spiked.",2.802978350283256,
A_level,"Congo, Republic of",2025,55251062.15,20407067.96,0.0,57810356.538151994,12467762.859383998,2.7947270559268205,10,sustained_shift,medium,"Congo, Republic of FY2025: no single year breaks a control limit, but this is part of a run of 8+ consecutive years above the historical typical disbursement of $20,407,068 - the level has shifted rather than spiked.",2.7947270559268205,
A_level,Afghanistan,2023,-2594221.8,141668570.1,0.0,297673426.90731,52001618.935770005,-2.774198089451537,10,beyond_limits,medium,"Afghanistan FY2023: disbursement of $-2,594,222 is below the expected range $0 to $297,673,427 (learned from FY2010-2019, where a typical year was $141,668,570); that is 2.8 robust sigmas from the typical year (limits sit at 3), so -0.2 beyond the $0 limit.",2.774198089451537,
A_level,Mauritania,2020,105278107.1,38456341.260000005,0.0,111107388.129828,24217015.623276,2.7592898678966353,10,sustained_shift,medium,"Mauritania FY2020: no single year breaks a control limit, but this is part of a run of 8+ consecutive years above the historical typical disbursement of $38,456,341 - the level has shifted rather than spiked.",2.7592898678966353,
A_level,Djibouti,2020,27011223.62,8389680.75,0.0,28753650.503505,6787989.917834999,2.743307384867075,10,sustained_shift,medium,"Djibouti FY2020: no single year breaks a control limit, but this is part of a run of 8+ consecutive years above the historical typical disbursement of $8,389,681 - the level has shifted rather than spiked.",2.743307384867075,
A_level,"Congo, Republic of",2022,54455114.04,20407067.96,0.0,57810356.538151994,12467762.859383998,2.730886564334464,10,sustained_shift,medium,"Congo, Republic of FY2022: no single year breaks a control limit, but this is part of a run of 8+ consecutive years above the historical typical disbursement of $20,407,068 - the level has shifted rather than spiked.",2.730886564334464,
A_level,Rwanda,2020,445994814.3,210111077.2,0.0,469846333.8193,86578418.8731,2.724509643052506,10,sustained_shift,medium,"Rwanda FY2020: no single year breaks a control limit, but this is part of a run of 8+ consecutive years above the historical typical disbursement of $210,111,077 - the level has shifted rather than spiked.",2.724509643052506,
A_level,Cabo Verde,2024,47463893.1,13466887.94,0.0,51388181.80598,12640431.288660001,2.6895447143879845,10,sustained_shift,medium,"Cabo Verde FY2024: no single year breaks a control limit, but this is part of a run of 8+ consecutive years above the historical typical disbursement of $13,466,888 - the level has shifted rather than spiked.",2.6895447143879845,
A_level,Tonga,2023,28384837.61,12328193.559999999,0.0,30330700.087179992,6000835.509059997,2.675734741563546,10,sustained_shift,medium,"Tonga FY2023: no single year breaks a control limit, but this is part of a run of 8+ consecutive years above the historical typical disbursement of $12,328,194 - the level has shifted rather than spiked.",2.675734741563546,
A_level,Haiti,2022,143382162.3,76046764.6,266245.96151797473,151827283.238482,25260172.879494008,2.6656744599979487,10,sustained_shift,medium,"Haiti FY2022: no single year breaks a control limit, but this is part of a run of 8+ consecutive years above the historical typical disbursement of $76,046,765 - the level has shifted rather than spiked.",2.6656744599979487,
A_level,Guinea,2024,163976876.3,64060465.815,0.0,177364734.289047,37768089.491349,2.6455246169623288,10,sustained_shift,medium,"Guinea FY2024: no single year breaks a control limit, but this is part of a run of 8+ consecutive years above the historical typical disbursement of $64,060,466 - the level has shifted rather than spiked.",2.6455246169623288,
A_level,Bosnia and Herzegovina,2022,0.0,29427582.195,0.0,63136980.92367,11236466.24289,-2.6189356652604756,10,sustained_shift,medium,"Bosnia and Herzegovina FY2022: no single year breaks a control limit, but this is part of a run of 8+ consecutive years below the historical typical disbursement of $29,427,582 - the level has shifted rather than spiked.",2.6189356652604756,
A_level,Bosnia and Herzegovina,2023,0.0,29427582.195,0.0,63136980.92367,11236466.24289,-2.6189356652604756,10,sustained_shift,medium,"Bosnia and Herzegovina FY2023: no single year breaks a control limit, but this is part of a run of 8+ consecutive years below the historical typical disbursement of $29,427,582 - the level has shifted rather than spiked.",2.6189356652604756,
A_level,Bosnia and Herzegovina,2024,0.0,29427582.195,0.0,63136980.92367,11236466.24289,-2.6189356652604756,10,sustained_shift,medium,"Bosnia and Herzegovina FY2024: no single year breaks a control limit, but this is part of a run of 8+ consecutive years below the historical typical disbursement of $29,427,582 - the level has shifted rather than spiked.",2.6189356652604756,
A_level,Bosnia and Herzegovina,2025,0.0,29427582.195,0.0,63136980.92367,11236466.24289,-2.6189356652604756,10,sustained_shift,medium,"Bosnia and Herzegovina FY2025: no single year breaks a control limit, but this is part of a run of 8+ consecutive years below the historical typical disbursement of $29,427,582 - the level has shifted rather than spiked.",2.6189356652604756,
A_level,Bosnia and Herzegovina,2026,0.0,29427582.195,0.0,63136980.92367,11236466.24289,-2.6189356652604756,10,sustained_shift,medium,"Bosnia and Herzegovina FY2026: no single year breaks a control limit, but this is part of a run of 8+ consecutive years below the historical typical disbursement of $29,427,582 - the level has shifted rather than spiked.",2.6189356652604756,
A_level,Nepal,2022,456961240.3,244909555.25,1924736.7816500068,487894373.71835,80994939.48945,2.6180856037014615,10,sustained_shift,medium,"Nepal FY2022: no single year breaks a control limit, but this is part of a run of 8+ consecutive years above the historical typical disbursement of $244,909,555 - the level has shifted rather than spiked.",2.6180856037014615,
A_level,Sao Tome and Principe,2020,16902588.09,4348857.324999999,0.0,18776050.060080998,4809064.245026999,2.610431078765828,10,sustained_shift,medium,"Sao Tome and Principe FY2020: no single year breaks a control limit, but this is part of a run of 8+ consecutive years above the historical typical disbursement of $4,348,857 - the level has shifted rather than spiked.",2.610431078765828,
A_level,Liberia,2024,188459986.4,73586299.84,0.0,206624368.870972,44346023.010324,2.5903943299099623,10,sustained_shift,medium,"Liberia FY2024: no single year breaks a control limit, but this is part of a run of 8+ consecutive years above the historical typical disbursement of $73,586,300 - the level has shifted rather than spiked.",2.5903943299099623,
A_level,Angola,2023,-42362.35,48029266.92,0.0,103934884.79571599,18635205.958571997,-2.5796135216787106,10,beyond_limits,medium,"Angola FY2023: disbursement of $-42,362 is below the expected range $0 to $103,934,885 (learned from FY2010-2019, where a typical year was $48,029,267); that is 2.6 robust sigmas from the typical year (limits sit at 3), so -0.4 beyond the $0 limit.",2.5796135216787106,
A_level,Angola,2024,0.0,48029266.92,0.0,103934884.79571599,18635205.958571997,-2.5773402787591437,10,sustained_shift,medium,"Angola FY2024: no single year breaks a control limit, but this is part of a run of 8+ consecutive years below the historical typical disbursement of $48,029,267 - the level has shifted rather than spiked.",2.5773402787591437,
A_level,Angola,2025,0.0,48029266.92,0.0,103934884.79571599,18635205.958571997,-2.5773402787591437,10,sustained_shift,medium,"Angola FY2025: no single year breaks a control limit, but this is part of a run of 8+ consecutive years below the historical typical disbursement of $48,029,267 - the level has shifted rather than spiked.",2.5773402787591437,
A_level,Angola,2026,0.0,48029266.92,0.0,103934884.79571599,18635205.958571997,-2.5773402787591437,10,sustained_shift,medium,"Angola FY2026: no single year breaks a control limit, but this is part of a run of 8+ consecutive years below the historical typical disbursement of $48,029,267 - the level has shifted rather than spiked.",2.5773402787591437,
A_level,Kosovo,2025,21285521.04,10497203.649999999,0.0,23096755.957572993,4199850.769190998,2.5687382678309105,10,sustained_shift,medium,"Kosovo FY2025: no single year breaks a control limit, but this is part of a run of 8+ consecutive years above the historical typical disbursement of $10,497,204 - the level has shifted rather than spiked.",2.5687382678309105,
A_level,Sierra Leone,2026,124063836.4,60153242.055,0.0,135098761.300107,24981839.748369005,2.5582821356930907,10,sustained_shift,medium,"Sierra Leone FY2026: no single year breaks a control limit, but this is part of a run of 8+ consecutive years above the historical typical disbursement of $60,153,242 - the level has shifted rather than spiked.",2.5582821356930907,
A_level,Cabo Verde,2022,45781127.05,13466887.94,0.0,51388181.80598,12640431.288660001,2.5564190312865187,10,sustained_shift,medium,"Cabo Verde FY2022: no single year breaks a control limit, but this is part of a run of 8+ consecutive years above the historical typical disbursement of $13,466,888 - the level has shifted rather than spiked.",2.5564190312865187,
A_level,Nepal,2020,448392325.6,244909555.25,1924736.7816500068,487894373.71835,80994939.48945,2.5122899236995506,10,sustained_shift,medium,"Nepal FY2020: no single year breaks a control limit, but this is part of a run of 8+ consecutive years above the historical typical disbursement of $244,909,555 - the level has shifted rather than spiked.",2.5122899236995506,
A_level,Guinea,2026,158155890.2,64060465.815,0.0,177364734.289047,37768089.491349,2.49140016485486,10,sustained_shift,medium,"Guinea FY2026: no single year breaks a control limit, but this is part of a run of 8+ consecutive years above the historical typical disbursement of $64,060,466 - the level has shifted rather than spiked.",2.49140016485486,
A_level,Uzbekistan,2020,169284560.0,74390996.77000001,0.0,190685106.226546,38764703.152182,2.4479373118753935,10,sustained_shift,medium,"Uzbekistan FY2020: no single year breaks a control limit, but this is part of a run of 8+ consecutive years above the historical typical disbursement of $74,390,997 - the level has shifted rather than spiked.",2.4479373118753935,
A_level,Burkina Faso,2021,457728169.3,279719640.15,60972648.32390982,498466631.97609013,72915663.94203006,2.4412934001605153,10,sustained_shift,medium,"Burkina Faso FY2021: no single year breaks a control limit, but this is part of a run of 8+ consecutive years above the historical typical disbursement of $279,719,640 - the level has shifted rather than spiked.",2.4412934001605153,
A_level,Bangladesh,2024,2188835158.0,839475072.6,0.0,2506199272.2352495,555574733.2117499,2.42876431330744,10,sustained_shift,medium,"Bangladesh FY2024: no single year breaks a control limit, but this is part of a run of 8+ consecutive years above the historical typical disbursement of $839,475,073 - the level has shifted rather than spiked.",2.42876431330744,
A_level,Tonga,2026,26884134.84,12328193.559999999,0.0,30330700.087179992,6000835.509059997,2.425652437568668,10,sustained_shift,medium,"Tonga FY2026: no single year breaks a control limit, but this is part of a run of 8+ consecutive years above the historical typical disbursement of $12,328,194 - the level has shifted rather than spiked.",2.425652437568668,
A_level,Rwanda,2026,417963550.6,210111077.2,0.0,469846333.8193,86578418.8731,2.4007423109060726,10,sustained_shift,medium,"Rwanda FY2026: no single year breaks a control limit, but this is part of a run of 8+ consecutive years above the historical typical disbursement of $210,111,077 - the level has shifted rather than spiked.",2.4007423109060726,
A_level,Angola,2021,3710856.74,48029266.92,0.0,103934884.79571599,18635205.958571997,-2.3782087667034344,10,sustained_shift,medium,"Angola FY2021: no single year breaks a control limit, but this is part of a run of 8+ consecutive years below the historical typical disbursement of $48,029,267 - the level has shifted rather than spiked.",2.3782087667034344,
A_level,Cambodia,2020,78345915.25,39354260.66500001,0.0,89866973.63595098,16837570.99031699,2.3157529436652977,10,sustained_shift,medium,"Cambodia FY2020: no single year breaks a control limit, but this is part of a run of 8+ consecutive years above the historical typical disbursement of $39,354,261 - the level has shifted rather than spiked.",2.3157529436652977,
A_level,Angola,2022,4970539.22,48029266.92,0.0,103934884.79571599,18635205.958571997,-2.3106118491914733,10,sustained_shift,medium,"Angola FY2022: no single year breaks a control limit, but this is part of a run of 8+ consecutive years below the historical typical disbursement of $48,029,267 - the level has shifted rather than spiked.",2.3106118491914733,
A_level,Zambia,2021,152188009.8,80586335.42,0.0,173912154.722324,31108606.434107997,2.3016676922401365,10,sustained_shift,medium,"Zambia FY2021: no single year breaks a control limit, but this is part of a run of 8+ consecutive years above the historical typical disbursement of $80,586,335 - the level has shifted rather than spiked.",2.3016676922401365,
A_level,Liberia,2025,174073525.9,73586299.84,0.0,206624368.870972,44346023.010324,2.2659805601193597,10,sustained_shift,medium,"Liberia FY2025: no single year breaks a control limit, but this is part of a run of 8+ consecutive years above the historical typical disbursement of $73,586,300 - the level has shifted rather than spiked.",2.2659805601193597,
A_level,Cote d'Ivoire,2022,405439660.6,202693242.6,0.0,473437959.3129599,90248238.90431997,2.2465415443169943,10,sustained_shift,medium,"Cote d'Ivoire FY2022: no single year breaks a control limit, but this is part of a run of 8+ consecutive years above the historical typical disbursement of $202,693,243 - the level has shifted rather than spiked.",2.2465415443169943,
A_level,Rwanda,2022,400466518.5,210111077.2,0.0,469846333.8193,86578418.8731,2.1986476974014555,10,sustained_shift,medium,"Rwanda FY2022: no single year breaks a control limit, but this is part of a run of 8+ consecutive years above the historical typical disbursement of $210,111,077 - the level has shifted rather than spiked.",2.1986476974014555,
A_level,Burkina Faso,2020,437290840.5,279719640.15,60972648.32390982,498466631.97609013,72915663.94203006,2.1610061793481496,10,sustained_shift,medium,"Burkina Faso FY2020: no single year breaks a control limit, but this is part of a run of 8+ consecutive years above the historical typical disbursement of $279,719,640 - the level has shifted rather than spiked.",2.1610061793481496,
A_level,Central African Republic,2020,75333621.16,39836241.235,0.0,89346702.254383,16503487.006460998,2.15090180100139,10,sustained_shift,medium,"Central African Republic FY2020: no single year breaks a control limit, but this is part of a run of 8+ consecutive years above the historical typical disbursement of $39,836,241 - the level has shifted rather than spiked.",2.15090180100139,
A_level,Azerbaijan,2020,0.0,41505986.510000005,0.0,99582066.670679,19358693.386892997,-2.144048964487555,10,sustained_shift,medium,"Azerbaijan FY2020: no single year breaks a control limit, but this is part of a run of 8+ consecutive years below the historical typical disbursement of $41,505,987 - the level has shifted rather than spiked.",2.144048964487555,
A_level,Azerbaijan,2021,0.0,41505986.510000005,0.0,99582066.670679,19358693.386892997,-2.144048964487555,10,sustained_shift,medium,"Azerbaijan FY2021: no single year breaks a control limit, but this is part of a run of 8+ consecutive years below the historical typical disbursement of $41,505,987 - the level has shifted rather than spiked.",2.144048964487555,
A_level,Azerbaijan,2022,0.0,41505986.510000005,0.0,99582066.670679,19358693.386892997,-2.144048964487555,10,sustained_shift,medium,"Azerbaijan FY2022: no single year breaks a control limit, but this is part of a run of 8+ consecutive years below the historical typical disbursement of $41,505,987 - the level has shifted rather than spiked.",2.144048964487555,
A_level,Azerbaijan,2023,0.0,41505986.510000005,0.0,99582066.670679,19358693.386892997,-2.144048964487555,10,sustained_shift,medium,"Azerbaijan FY2023: no single year breaks a control limit, but this is part of a run of 8+ consecutive years below the historical typical disbursement of $41,505,987 - the level has shifted rather than spiked.",2.144048964487555,
A_level,Azerbaijan,2024,0.0,41505986.510000005,0.0,99582066.670679,19358693.386892997,-2.144048964487555,10,sustained_shift,medium,"Azerbaijan FY2024: no single year breaks a control limit, but this is part of a run of 8+ consecutive years below the historical typical disbursement of $41,505,987 - the level has shifted rather than spiked.",2.144048964487555,
A_level,Azerbaijan,2025,0.0,41505986.510000005,0.0,99582066.670679,19358693.386892997,-2.144048964487555,10,sustained_shift,medium,"Azerbaijan FY2025: no single year breaks a control limit, but this is part of a run of 8+ consecutive years below the historical typical disbursement of $41,505,987 - the level has shifted rather than spiked.",2.144048964487555,
A_level,Azerbaijan,2026,0.0,41505986.510000005,0.0,99582066.670679,19358693.386892997,-2.144048964487555,10,sustained_shift,medium,"Azerbaijan FY2026: no single year breaks a control limit, but this is part of a run of 8+ consecutive years below the historical typical disbursement of $41,505,987 - the level has shifted rather than spiked.",2.144048964487555,
A_level,Bosnia and Herzegovina,2021,5378099.04,29427582.195,0.0,63136980.92367,11236466.24289,-2.1403066262240213,10,sustained_shift,medium,"Bosnia and Herzegovina FY2021: no single year breaks a control limit, but this is part of a run of 8+ consecutive years below the historical typical disbursement of $29,427,582 - the level has shifted rather than spiked.",2.1403066262240213,
A_level,Bangladesh,2026,2028084269.0,839475072.6,0.0,2506199272.2352495,555574733.2117499,2.1394227011165707,10,sustained_shift,medium,"Bangladesh FY2026: no single year breaks a control limit, but this is part of a run of 8+ consecutive years above the historical typical disbursement of $839,475,073 - the level has shifted rather than spiked.",2.1394227011165707,
A_level,Bangladesh,2025,1995117289.0,839475072.6,0.0,2506199272.2352495,555574733.2117499,2.0800841854691448,10,sustained_shift,medium,"Bangladesh FY2025: no single year breaks a control limit, but this is part of a run of 8+ consecutive years above the historical typical disbursement of $839,475,073 - the level has shifted rather than spiked.",2.0800841854691448,
A_level,Angola,2020,10340932.95,48029266.92,0.0,103934884.79571599,18635205.958571997,-2.022426478880088,10,sustained_shift,medium,"Angola FY2020: no single year breaks a control limit, but this is part of a run of 8+ consecutive years below the historical typical disbursement of $48,029,267 - the level has shifted rather than spiked.",2.022426478880088,
A_level,Bangladesh,2023,1933435969.0,839475072.6,0.0,2506199272.2352495,555574733.2117499,1.9690616419430498,10,sustained_shift,medium,"Bangladesh FY2023: no single year breaks a control limit, but this is part of a run of 8+ consecutive years above the historical typical disbursement of $839,475,073 - the level has shifted rather than spiked.",1.9690616419430498,
A_level,Lao People's Democratic Republic,2022,83992313.09,57412168.385000005,14893084.250689976,99931252.51931003,14173028.04477001,1.875403380353032,10,sustained_shift,medium,"Lao People's Democratic Republic FY2022: no single year breaks a control limit, but this is part of a run of 8+ consecutive years above the historical typical disbursement of $57,412,168 - the level has shifted rather than spiked.",1.875403380353032,
A_level,Cambodia,2021,69337894.67,39354260.66500001,0.0,89866973.63595098,16837570.99031699,1.7807576889946353,10,sustained_shift,medium,"Cambodia FY2021: no single year breaks a control limit, but this is part of a run of 8+ consecutive years above the historical typical disbursement of $39,354,261 - the level has shifted rather than spiked.",1.7807576889946353,
A_level,Tonga,2024,22997154.94,12328193.559999999,0.0,30330700.087179992,6000835.509059997,1.777912652978426,10,sustained_shift,medium,"Tonga FY2024: no single year breaks a control limit, but this is part of a run of 8+ consecutive years above the historical typical disbursement of $12,328,194 - the level has shifted rather than spiked.",1.777912652978426,
A_level,Lesotho,2024,53194984.45,24176892.15,0.0,75661244.66647798,17161450.838825997,1.6908880590881972,10,sustained_shift,medium,"Lesotho FY2024: no single year breaks a control limit, but this is part of a run of 8+ consecutive years above the historical typical disbursement of $24,176,892 - the level has shifted rather than spiked.",1.6908880590881972,
A_level,Armenia,2025,-634432.06,16417967.305,0.0,46864897.83958,10148976.84486,-1.6802087171611069,10,beyond_limits,medium,"Armenia FY2025: disbursement of $-634,432 is below the expected range $0 to $46,864,898 (learned from FY2010-2019, where a typical year was $16,417,967); that is 1.7 robust sigmas from the typical year (limits sit at 3), so -1.3 beyond the $0 limit.",1.6802087171611069,
A_level,"Gambia, The",2020,30483964.77,17566723.665,0.0,40836137.685111,7756471.340037001,1.6653502009766183,10,sustained_shift,medium,"Gambia, The FY2020: no single year breaks a control limit, but this is part of a run of 8+ consecutive years above the historical typical disbursement of $17,566,724 - the level has shifted rather than spiked.",1.6653502009766183,
A_level,Haiti,2021,117215565.2,76046764.6,266245.96151797473,151827283.238482,25260172.879494008,1.6297909280510305,10,sustained_shift,medium,"Haiti FY2021: no single year breaks a control limit, but this is part of a run of 8+ consecutive years above the historical typical disbursement of $76,046,765 - the level has shifted rather than spiked.",1.6297909280510305,
A_level,Armenia,2026,0.0,16417967.305,0.0,46864897.83958,10148976.84486,-1.6176967940679616,10,sustained_shift,medium,"Armenia FY2026: no single year breaks a control limit, but this is part of a run of 8+ consecutive years below the historical typical disbursement of $16,417,967 - the level has shifted rather than spiked.",1.6176967940679616,
A_level,Liberia,2022,144466999.1,73586299.84,0.0,206624368.870972,44346023.010324,1.5983552627368314,10,sustained_shift,medium,"Liberia FY2022: no single year breaks a control limit, but this is part of a run of 8+ consecutive years above the historical typical disbursement of $73,586,300 - the level has shifted rather than spiked.",1.5983552627368314,
A_level,Uganda,2023,356740860.2,246890754.25,39129097.87276,454652410.62724,69253885.45908,1.586194120688103,10,sustained_shift,medium,"Uganda FY2023: no single year breaks a control limit, but this is part of a run of 8+ consecutive years above the historical typical disbursement of $246,890,754 - the level has shifted rather than spiked.",1.586194120688103,
A_level,Liberia,2023,143409189.4,73586299.84,0.0,206624368.870972,44346023.010324,1.5745017212421697,10,sustained_shift,medium,"Liberia FY2023: no single year breaks a control limit, but this is part of a run of 8+ consecutive years above the historical typical disbursement of $73,586,300 - the level has shifted rather than spiked.",1.5745017212421697,
A_level,Bangladesh,2022,1698119812.0,839475072.6,0.0,2506199272.2352495,555574733.2117499,1.5455071803503688,10,sustained_shift,medium,"Bangladesh FY2022: no single year breaks a control limit, but this is part of a run of 8+ consecutive years above the historical typical disbursement of $839,475,073 - the level has shifted rather than spiked.",1.5455071803503688,
A_level,Haiti,2020,114959858.7,76046764.6,266245.96151797473,151827283.238482,25260172.879494008,1.5404919944783642,10,sustained_shift,medium,"Haiti FY2020: no single year breaks a control limit, but this is part of a run of 8+ consecutive years above the historical typical disbursement of $76,046,765 - the level has shifted rather than spiked.",1.5404919944783642,
A_level,Sierra Leone,2020,98000185.43,60153242.055,0.0,135098761.300107,24981839.748369005,1.5149782304352077,10,sustained_shift,medium,"Sierra Leone FY2020: no single year breaks a control limit, but this is part of a run of 8+ consecutive years above the historical typical disbursement of $60,153,242 - the level has shifted rather than spiked.",1.5149782304352077,
A_level,Nepal,2023,365897638.3,244909555.25,1924736.7816500068,487894373.71835,80994939.48945,1.4937733618007003,10,sustained_shift,medium,"Nepal FY2023: no single year breaks a control limit, but this is part of a run of 8+ consecutive years above the historical typical disbursement of $244,909,555 - the level has shifted rather than spiked.",1.4937733618007003,
A_level,Burkina Faso,2022,387412961.8,279719640.15,60972648.32390982,498466631.97609013,72915663.94203006,1.4769572932315225,10,sustained_shift,medium,"Burkina Faso FY2022: no single year breaks a control limit, but this is part of a run of 8+ consecutive years above the historical typical disbursement of $279,719,640 - the level has shifted rather than spiked.",1.4769572932315225,
A_level,Zambia,2020,125500963.5,80586335.42,0.0,173912154.722324,31108606.434107997,1.4438007107497701,10,sustained_shift,medium,"Zambia FY2020: no single year breaks a control limit, but this is part of a run of 8+ consecutive years above the historical typical disbursement of $80,586,335 - the level has shifted rather than spiked.",1.4438007107497701,
A_level,Vietnam,2021,593106612.7,1050267616.2,96390227.42856026,2004145004.9714398,317959129.5904799,-1.437798009098865,10,sustained_shift,medium,"Vietnam FY2021: no single year breaks a control limit, but this is part of a run of 8+ consecutive years below the historical typical disbursement of $1,050,267,616 - the level has shifted rather than spiked.",1.437798009098865,
A_level,Mozambique,2020,340989915.4,246160548.39999998,46058962.790830076,446262134.0091699,66700528.53638996,1.4217183743643609,10,sustained_shift,medium,"Mozambique FY2020: no single year breaks a control limit, but this is part of a run of 8+ consecutive years above the historical typical disbursement of $246,160,548 - the level has shifted rather than spiked.",1.4217183743643609,
A_level,Central Africa,2026,-2317592.54,3845662.375,0.0,16929919.336278997,4361418.987093,-1.413130665326876,10,beyond_limits,medium,"Central Africa FY2026: disbursement of $-2,317,593 is below the expected range $0 to $16,929,919 (learned from FY2010-2019, where a typical year was $3,845,662); that is 1.4 robust sigmas from the typical year (limits sit at 3), so -1.6 beyond the $0 limit.",1.413130665326876,
A_level,Armenia,2023,2079024.89,16417967.305,0.0,46864897.83958,10148976.84486,-1.4128461059857504,10,sustained_shift,medium,"Armenia FY2023: no single year breaks a control limit, but this is part of a run of 8+ consecutive years below the historical typical disbursement of $16,417,967 - the level has shifted rather than spiked.",1.4128461059857504,
A_level,Armenia,2024,2369584.14,16417967.305,0.0,46864897.83958,10148976.84486,-1.3842166929482032,10,sustained_shift,medium,"Armenia FY2024: no single year breaks a control limit, but this is part of a run of 8+ consecutive years below the historical typical disbursement of $16,417,967 - the level has shifted rather than spiked.",1.3842166929482032,
A_level,Liberia,2020,134637493.3,73586299.84,0.0,206624368.870972,44346023.010324,1.3767005317655419,10,sustained_shift,medium,"Liberia FY2020: no single year breaks a control limit, but this is part of a run of 8+ consecutive years above the historical typical disbursement of $73,586,300 - the level has shifted rather than spiked.",1.3767005317655419,
A_level,Lesotho,2023,47639576.24,24176892.15,0.0,75661244.66647798,17161450.838825997,1.3671736912195163,10,sustained_shift,medium,"Lesotho FY2023: no single year breaks a control limit, but this is part of a run of 8+ consecutive years above the historical typical disbursement of $24,176,892 - the level has shifted rather than spiked.",1.3671736912195163,
A_level,Guinea,2023,114392832.9,64060465.815,0.0,177364734.289047,37768089.491349,1.332669133198515,10,sustained_shift,medium,"Guinea FY2023: no single year breaks a control limit, but this is part of a run of 8+ consecutive years above the historical typical disbursement of $64,060,466 - the level has shifted rather than spiked.",1.332669133198515,
A_level,Bangladesh,2021,1571275693.0,839475072.6,0.0,2506199272.2352495,555574733.2117499,1.3171956474145197,10,sustained_shift,medium,"Bangladesh FY2021: no single year breaks a control limit, but this is part of a run of 8+ consecutive years above the historical typical disbursement of $839,475,073 - the level has shifted rather than spiked.",1.3171956474145197,
A_level,"Congo, Republic of",2020,36440055.27,20407067.96,0.0,57810356.538151994,12467762.859383998,1.2859554268737634,10,sustained_shift,medium,"Congo, Republic of FY2020: no single year breaks a control limit, but this is part of a run of 8+ consecutive years above the historical typical disbursement of $20,407,068 - the level has shifted rather than spiked.",1.2859554268737634,
A_level,Lesotho,2020,45694162.86,24176892.15,0.0,75661244.66647798,17161450.838825997,1.2538141974173544,10,sustained_shift,medium,"Lesotho FY2020: no single year breaks a control limit, but this is part of a run of 8+ consecutive years above the historical typical disbursement of $24,176,892 - the level has shifted rather than spiked.",1.2538141974173544,
A_level,Ethiopia,2021,1233278829.0,906647300.05,124527318.51109004,1688767281.5889099,260706660.51296997,1.2528699048475225,10,sustained_shift,medium,"Ethiopia FY2021: no single year breaks a control limit, but this is part of a run of 8+ consecutive years above the historical typical disbursement of $906,647,300 - the level has shifted rather than spiked.",1.2528699048475225,
A_level,Ethiopia,2022,1232782930.0,906647300.05,124527318.51109004,1688767281.5889099,260706660.51296997,1.2509677708589844,10,sustained_shift,medium,"Ethiopia FY2022: no single year breaks a control limit, but this is part of a run of 8+ consecutive years above the historical typical disbursement of $906,647,300 - the level has shifted rather than spiked.",1.2509677708589844,
A_level,Armenia,2022,3808745.4,16417967.305,0.0,46864897.83958,10148976.84486,-1.242413111956798,10,sustained_shift,medium,"Armenia FY2022: no single year breaks a control limit, but this is part of a run of 8+ consecutive years below the historical typical disbursement of $16,417,967 - the level has shifted rather than spiked.",1.242413111956798,
A_level,Vietnam,2023,661412967.8,1050267616.2,96390227.42856026,2004145004.9714398,317959129.5904799,-1.222970539958488,10,sustained_shift,medium,"Vietnam FY2023: no single year breaks a control limit, but this is part of a run of 8+ consecutive years below the historical typical disbursement of $1,050,267,616 - the level has shifted rather than spiked.",1.222970539958488,
A_level,Uganda,2020,330392341.7,246890754.25,39129097.87276,454652410.62724,69253885.45908,1.2057314459177677,10,sustained_shift,medium,"Uganda FY2020: no single year breaks a control limit, but this is part of a run of 8+ consecutive years above the historical typical disbursement of $246,890,754 - the level has shifted rather than spiked.",1.2057314459177677,
A_level,Lesotho,2022,44431912.98,24176892.15,0.0,75661244.66647798,17161450.838825997,1.1802627307112707,10,sustained_shift,medium,"Lesotho FY2022: no single year breaks a control limit, but this is part of a run of 8+ consecutive years above the historical typical disbursement of $24,176,892 - the level has shifted rather than spiked.",1.1802627307112707,
A_level,Samoa,2022,30009233.51,13628667.06,0.0,55916830.113759,14096054.351253001,1.1620674865334872,10,sustained_shift,medium,"Samoa FY2022: no single year breaks a control limit, but this is part of a run of 8+ consecutive years above the historical typical disbursement of $13,628,667 - the level has shifted rather than spiked.",1.1620674865334872,
A_level,Samoa,2020,29814915.83,13628667.06,0.0,55916830.113759,14096054.351253001,1.1482822332166447,10,sustained_shift,medium,"Samoa FY2020: no single year breaks a control limit, but this is part of a run of 8+ consecutive years above the historical typical disbursement of $13,628,667 - the level has shifted rather than spiked.",1.1482822332166447,
A_level,Georgia,2025,0.0,48406153.900000006,0.0,175595326.85704902,42396390.985683,-1.141751757038623,10,sustained_shift,medium,"Georgia FY2025: no single year breaks a control limit, but this is part of a run of 8+ consecutive years below the historical typical disbursement of $48,406,154 - the level has shifted rather than spiked.",1.141751757038623,
A_level,Georgia,2026,0.0,48406153.900000006,0.0,175595326.85704902,42396390.985683,-1.141751757038623,10,sustained_shift,medium,"Georgia FY2026: no single year breaks a control limit, but this is part of a run of 8+ consecutive years below the historical typical disbursement of $48,406,154 - the level has shifted rather than spiked.",1.141751757038623,
A_level,Georgia,2024,8232.7,48406153.900000006,0.0,175595326.85704902,42396390.985683,-1.1415575730571896,10,sustained_shift,medium,"Georgia FY2024: no single year breaks a control limit, but this is part of a run of 8+ consecutive years below the historical typical disbursement of $48,406,154 - the level has shifted rather than spiked.",1.1415575730571896,
A_level,Vietnam,2022,690011262.7,1050267616.2,96390227.42856026,2004145004.9714398,317959129.5904799,-1.1330272351795572,10,sustained_shift,medium,"Vietnam FY2022: no single year breaks a control limit, but this is part of a run of 8+ consecutive years below the historical typical disbursement of $1,050,267,616 - the level has shifted rather than spiked.",1.1330272351795572,
A_level,Liberia,2026,122387912.9,73586299.84,0.0,206624368.870972,44346023.010324,1.1004732723978137,10,sustained_shift,medium,"Liberia FY2026: no single year breaks a control limit, but this is part of a run of 8+ consecutive years above the historical typical disbursement of $73,586,300 - the level has shifted rather than spiked.",1.1004732723978137,
A_level,Georgia,2020,2203233.36,48406153.900000006,0.0,175595326.85704902,42396390.985683,-1.0897842827141218,10,sustained_shift,medium,"Georgia FY2020: no single year breaks a control limit, but this is part of a run of 8+ consecutive years below the historical typical disbursement of $48,406,154 - the level has shifted rather than spiked.",1.0897842827141218,
A_level,Georgia,2023,4363339.3,48406153.900000006,0.0,175595326.85704902,42396390.985683,-1.0388340511076284,10,sustained_shift,medium,"Georgia FY2023: no single year breaks a control limit, but this is part of a run of 8+ consecutive years below the historical typical disbursement of $48,406,154 - the level has shifted rather than spiked.",1.0388340511076284,
A_level,Georgia,2022,4904742.24,48406153.900000006,0.0,175595326.85704902,42396390.985683,-1.026064026881207,10,sustained_shift,medium,"Georgia FY2022: no single year breaks a control limit, but this is part of a run of 8+ consecutive years below the historical typical disbursement of $48,406,154 - the level has shifted rather than spiked.",1.026064026881207,
A_level,Samoa,2023,27674707.96,13628667.06,0.0,55916830.113759,14096054.351253001,0.996451953858382,10,sustained_shift,medium,"Samoa FY2023: no single year breaks a control limit, but this is part of a run of 8+ consecutive years above the historical typical disbursement of $13,628,667 - the level has shifted rather than spiked.",0.996451953858382,
A_level,Guyana,2022,11091231.67,5592748.529999999,0.0,22519398.086858995,5642216.518952998,0.9745253698665804,10,sustained_shift,medium,"Guyana FY2022: no single year breaks a control limit, but this is part of a run of 8+ consecutive years above the historical typical disbursement of $5,592,749 - the level has shifted rather than spiked.",0.9745253698665804,
A_level,Central Asia,2024,-1411.79,1726108.0,0.0,7089150.197652999,1787680.7325509998,-0.9663469312749425,10,beyond_limits,medium,"Central Asia FY2024: disbursement of $-1,412 is below the expected range $0 to $7,089,150 (learned from FY2010-2019, where a typical year was $1,726,108); that is 1.0 robust sigmas from the typical year (limits sit at 3), so -2.0 beyond the $0 limit.",0.9663469312749425,
A_level,Nigeria,2020,989880048.7,819493219.3499999,289524142.56473947,1349462296.1352603,176656358.92842016,0.96451002603897,10,sustained_shift,medium,"Nigeria FY2020: no single year breaks a control limit, but this is part of a run of 8+ consecutive years above the historical typical disbursement of $819,493,219 - the level has shifted rather than spiked.",0.96451002603897,
A_level,Bangladesh,2020,1369681205.0,839475072.6,0.0,2506199272.2352495,555574733.2117499,0.9543380947778253,10,sustained_shift,medium,"Bangladesh FY2020: no single year breaks a control limit, but this is part of a run of 8+ consecutive years above the historical typical disbursement of $839,475,073 - the level has shifted rather than spiked.",0.9543380947778253,
A_level,Albania,2022,0.0,14104308.719999999,0.0,59731743.37734299,15209144.885780998,-0.9273571148096624,10,sustained_shift,medium,"Albania FY2022: no single year breaks a control limit, but this is part of a run of 8+ consecutive years below the historical typical disbursement of $14,104,309 - the level has shifted rather than spiked.",0.9273571148096624,
A_level,Albania,2023,0.0,14104308.719999999,0.0,59731743.37734299,15209144.885780998,-0.9273571148096624,10,sustained_shift,medium,"Albania FY2023: no single year breaks a control limit, but this is part of a run of 8+ consecutive years below the historical typical disbursement of $14,104,309 - the level has shifted rather than spiked.",0.9273571148096624,
A_level,Albania,2024,0.0,14104308.719999999,0.0,59731743.37734299,15209144.885780998,-0.9273571148096624,10,sustained_shift,medium,"Albania FY2024: no single year breaks a control limit, but this is part of a run of 8+ consecutive years below the historical typical disbursement of $14,104,309 - the level has shifted rather than spiked.",0.9273571148096624,
A_level,Albania,2025,0.0,14104308.719999999,0.0,59731743.37734299,15209144.885780998,-0.9273571148096624,10,sustained_shift,medium,"Albania FY2025: no single year breaks a control limit, but this is part of a run of 8+ consecutive years below the historical typical disbursement of $14,104,309 - the level has shifted rather than spiked.",0.9273571148096624,
A_level,Albania,2026,0.0,14104308.719999999,0.0,59731743.37734299,15209144.885780998,-0.9273571148096624,10,sustained_shift,medium,"Albania FY2026: no single year breaks a control limit, but this is part of a run of 8+ consecutive years below the historical typical disbursement of $14,104,309 - the level has shifted rather than spiked.",0.9273571148096624,
A_level,Albania,2021,32506.63,14104308.719999999,0.0,59731743.37734299,15209144.885780998,-0.9252198066148808,10,sustained_shift,medium,"Albania FY2021: no single year breaks a control limit, but this is part of a run of 8+ consecutive years below the historical typical disbursement of $14,104,309 - the level has shifted rather than spiked.",0.9252198066148808,
A_level,Armenia,2020,7113788.01,16417967.305,0.0,46864897.83958,10148976.84486,-0.9167603234519298,10,sustained_shift,medium,"Armenia FY2020: no single year breaks a control limit, but this is part of a run of 8+ consecutive years below the historical typical disbursement of $16,417,967 - the level has shifted rather than spiked.",0.9167603234519298,
A_level,Albania,2020,402529.74,14104308.719999999,0.0,59731743.37734299,15209144.885780998,-0.9008908181820114,10,sustained_shift,medium,"Albania FY2020: no single year breaks a control limit, but this is part of a run of 8+ consecutive years below the historical typical disbursement of $14,104,309 - the level has shifted rather than spiked.",0.9008908181820114,
A_level,Georgia,2021,10227193.39,48406153.900000006,0.0,175595326.85704902,42396390.985683,-0.9005238328633398,10,sustained_shift,medium,"Georgia FY2021: no single year breaks a control limit, but this is part of a run of 8+ consecutive years below the historical typical disbursement of $48,406,154 - the level has shifted rather than spiked.",0.9005238328633398,
A_level,Armenia,2021,7631248.55,16417967.305,0.0,46864897.83958,10148976.84486,-0.8657738498487241,10,sustained_shift,medium,"Armenia FY2021: no single year breaks a control limit, but this is part of a run of 8+ consecutive years below the historical typical disbursement of $16,417,967 - the level has shifted rather than spiked.",0.8657738498487241,
A_level,Iraq,2020,0.0,34558498.015,0.0,162492803.56717902,42644768.517393,-0.8103807153016916,10,sustained_shift,medium,"Iraq FY2020: no single year breaks a control limit, but this is part of a run of 8+ consecutive years below the historical typical disbursement of $34,558,498 - the level has shifted rather than spiked.",0.8103807153016916,
A_level,Iraq,2021,0.0,34558498.015,0.0,162492803.56717902,42644768.517393,-0.8103807153016916,10,sustained_shift,medium,"Iraq FY2021: no single year breaks a control limit, but this is part of a run of 8+ consecutive years below the historical typical disbursement of $34,558,498 - the level has shifted rather than spiked.",0.8103807153016916,
A_level,Iraq,2022,0.0,34558498.015,0.0,162492803.56717902,42644768.517393,-0.8103807153016916,10,sustained_shift,medium,"Iraq FY2022: no single year breaks a control limit, but this is part of a run of 8+ consecutive years below the historical typical disbursement of $34,558,498 - the level has shifted rather than spiked.",0.8103807153016916,
A_level,Iraq,2023,0.0,34558498.015,0.0,162492803.56717902,42644768.517393,-0.8103807153016916,10,sustained_shift,medium,"Iraq FY2023: no single year breaks a control limit, but this is part of a run of 8+ consecutive years below the historical typical disbursement of $34,558,498 - the level has shifted rather than spiked.",0.8103807153016916,
A_level,Iraq,2024,0.0,34558498.015,0.0,162492803.56717902,42644768.517393,-0.8103807153016916,10,sustained_shift,medium,"Iraq FY2024: no single year breaks a control limit, but this is part of a run of 8+ consecutive years below the historical typical disbursement of $34,558,498 - the level has shifted rather than spiked.",0.8103807153016916,
A_level,Iraq,2025,0.0,34558498.015,0.0,162492803.56717902,42644768.517393,-0.8103807153016916,10,sustained_shift,medium,"Iraq FY2025: no single year breaks a control limit, but this is part of a run of 8+ consecutive years below the historical typical disbursement of $34,558,498 - the level has shifted rather than spiked.",0.8103807153016916,
A_level,Iraq,2026,0.0,34558498.015,0.0,162492803.56717902,42644768.517393,-0.8103807153016916,10,sustained_shift,medium,"Iraq FY2026: no single year breaks a control limit, but this is part of a run of 8+ consecutive years below the historical typical disbursement of $34,558,498 - the level has shifted rather than spiked.",0.8103807153016916,
A_level,Montenegro,2020,0.0,241075.99,0.0,1313333.7783219998,357419.26277399994,-0.6744907594765952,10,sustained_shift,medium,"Montenegro FY2020: no single year breaks a control limit, but this is part of a run of 8+ consecutive years below the historical typical disbursement of $241,076 - the level has shifted rather than spiked.",0.6744907594765952,
A_level,Montenegro,2021,0.0,241075.99,0.0,1313333.7783219998,357419.26277399994,-0.6744907594765952,10,sustained_shift,medium,"Montenegro FY2021: no single year breaks a control limit, but this is part of a run of 8+ consecutive years below the historical typical disbursement of $241,076 - the level has shifted rather than spiked.",0.6744907594765952,
A_level,Montenegro,2022,0.0,241075.99,0.0,1313333.7783219998,357419.26277399994,-0.6744907594765952,10,sustained_shift,medium,"Montenegro FY2022: no single year breaks a control limit, but this is part of a run of 8+ consecutive years below the historical typical disbursement of $241,076 - the level has shifted rather than spiked.",0.6744907594765952,
A_level,Montenegro,2023,0.0,241075.99,0.0,1313333.7783219998,357419.26277399994,-0.6744907594765952,10,sustained_shift,medium,"Montenegro FY2023: no single year breaks a control limit, but this is part of a run of 8+ consecutive years below the historical typical disbursement of $241,076 - the level has shifted rather than spiked.",0.6744907594765952,
A_level,Montenegro,2024,0.0,241075.99,0.0,1313333.7783219998,357419.26277399994,-0.6744907594765952,10,sustained_shift,medium,"Montenegro FY2024: no single year breaks a control limit, but this is part of a run of 8+ consecutive years below the historical typical disbursement of $241,076 - the level has shifted rather than spiked.",0.6744907594765952,
A_level,Montenegro,2025,0.0,241075.99,0.0,1313333.7783219998,357419.26277399994,-0.6744907594765952,10,sustained_shift,medium,"Montenegro FY2025: no single year breaks a control limit, but this is part of a run of 8+ consecutive years below the historical typical disbursement of $241,076 - the level has shifted rather than spiked.",0.6744907594765952,
A_level,Montenegro,2026,0.0,241075.99,0.0,1313333.7783219998,357419.26277399994,-0.6744907594765952,10,sustained_shift,medium,"Montenegro FY2026: no single year breaks a control limit, but this is part of a run of 8+ consecutive years below the historical typical disbursement of $241,076 - the level has shifted rather than spiked.",0.6744907594765952,
A_level,Serbia,2020,0.0,1937696.57,0.0,10574614.990529,2878972.806843,-0.6730513624145076,10,sustained_shift,medium,"Serbia FY2020: no single year breaks a control limit, but this is part of a run of 8+ consecutive years below the historical typical disbursement of $1,937,697 - the level has shifted rather than spiked.",0.6730513624145076,
A_level,Serbia,2021,0.0,1937696.57,0.0,10574614.990529,2878972.806843,-0.6730513624145076,10,sustained_shift,medium,"Serbia FY2021: no single year breaks a control limit, but this is part of a run of 8+ consecutive years below the historical typical disbursement of $1,937,697 - the level has shifted rather than spiked.",0.6730513624145076,
A_level,Serbia,2022,0.0,1937696.57,0.0,10574614.990529,2878972.806843,-0.6730513624145076,10,sustained_shift,medium,"Serbia FY2022: no single year breaks a control limit, but this is part of a run of 8+ consecutive years below the historical typical disbursement of $1,937,697 - the level has shifted rather than spiked.",0.6730513624145076,
A_level,Serbia,2023,0.0,1937696.57,0.0,10574614.990529,2878972.806843,-0.6730513624145076,10,sustained_shift,medium,"Serbia FY2023: no single year breaks a control limit, but this is part of a run of 8+ consecutive years below the historical typical disbursement of $1,937,697 - the level has shifted rather than spiked.",0.6730513624145076,
A_level,Serbia,2024,0.0,1937696.57,0.0,10574614.990529,2878972.806843,-0.6730513624145076,10,sustained_shift,medium,"Serbia FY2024: no single year breaks a control limit, but this is part of a run of 8+ consecutive years below the historical typical disbursement of $1,937,697 - the level has shifted rather than spiked.",0.6730513624145076,
A_level,Serbia,2025,0.0,1937696.57,0.0,10574614.990529,2878972.806843,-0.6730513624145076,10,sustained_shift,medium,"Serbia FY2025: no single year breaks a control limit, but this is part of a run of 8+ consecutive years below the historical typical disbursement of $1,937,697 - the level has shifted rather than spiked.",0.6730513624145076,
A_level,Serbia,2026,0.0,1937696.57,0.0,10574614.990529,2878972.806843,-0.6730513624145076,10,sustained_shift,medium,"Serbia FY2026: no single year breaks a control limit, but this is part of a run of 8+ consecutive years below the historical typical disbursement of $1,937,697 - the level has shifted rather than spiked.",0.6730513624145076,
A_level,"Congo, Democratic Republic of",2020,448537952.9,389153250.29999995,124027151.77677,654279348.8232299,88375366.17440999,0.6719599043335618,10,sustained_shift,medium,"Congo, Democratic Republic of FY2020: no single year breaks a control limit, but this is part of a run of 8+ consecutive years above the historical typical disbursement of $389,153,250 - the level has shifted rather than spiked.",0.6719599043335618,
A_level,Lesotho,2021,35349417.42,24176892.15,0.0,75661244.66647798,17161450.838825997,0.6510245185519704,10,sustained_shift,medium,"Lesotho FY2021: no single year breaks a control limit, but this is part of a run of 8+ consecutive years above the historical typical disbursement of $24,176,892 - the level has shifted rather than spiked.",0.6510245185519704,
A_level,Tonga,2020,15846898.47,12328193.559999999,0.0,30330700.087179992,6000835.509059997,0.5863691655416148,10,sustained_shift,medium,"Tonga FY2020: no single year breaks a control limit, but this is part of a run of 8+ consecutive years above the historical typical disbursement of $12,328,194 - the level has shifted rather than spiked.",0.5863691655416148,
A_level,Guyana,2020,8477961.16,5592748.529999999,0.0,22519398.086858995,5642216.518952998,0.5113615580522595,10,sustained_shift,medium,"Guyana FY2020: no single year breaks a control limit, but this is part of a run of 8+ consecutive years above the historical typical disbursement of $5,592,749 - the level has shifted rather than spiked.",0.5113615580522595,
A_level,Liberia,2021,96054066.73,73586299.84,0.0,206624368.870972,44346023.010324,0.5066467151917857,10,sustained_shift,medium,"Liberia FY2021: no single year breaks a control limit, but this is part of a run of 8+ consecutive years above the historical typical disbursement of $73,586,300 - the level has shifted rather than spiked.",0.5066467151917857,
A_level,Vietnam,2020,897497860.0,1050267616.2,96390227.42856026,2004145004.9714398,317959129.5904799,-0.48046978992791334,10,sustained_shift,medium,"Vietnam FY2020: no single year breaks a control limit, but this is part of a run of 8+ consecutive years below the historical typical disbursement of $1,050,267,616 - the level has shifted rather than spiked.",0.48046978992791334,
A_level,Samoa,2021,19133643.05,13628667.06,0.0,55916830.113759,14096054.351253001,0.39053311322616047,10,sustained_shift,medium,"Samoa FY2021: no single year breaks a control limit, but this is part of a run of 8+ consecutive years above the historical typical disbursement of $13,628,667 - the level has shifted rather than spiked.",0.39053311322616047,
A_level,Kosovo,2020,12030964.9,10497203.649999999,0.0,23096755.957572993,4199850.769190998,0.3651942257689896,10,sustained_shift,medium,"Kosovo FY2020: no single year breaks a control limit, but this is part of a run of 8+ consecutive years above the historical typical disbursement of $10,497,204 - the level has shifted rather than spiked.",0.3651942257689896,
A_level,Lao People's Democratic Republic,2020,62510019.98,57412168.385000005,14893084.250689976,99931252.51931003,14173028.04477001,0.3596868346620643,10,sustained_shift,medium,"Lao People's Democratic Republic FY2020: no single year breaks a control limit, but this is part of a run of 8+ consecutive years above the historical typical disbursement of $57,412,168 - the level has shifted rather than spiked.",0.3596868346620643,
A_level,Guinea,2022,75173465.77,64060465.815,0.0,177364734.289047,37768089.491349,0.2942431058776615,10,sustained_shift,medium,"Guinea FY2022: no single year breaks a control limit, but this is part of a run of 8+ consecutive years above the historical typical disbursement of $64,060,466 - the level has shifted rather than spiked.",0.2942431058776615,
A_level,Nepal,2024,268524588.7,244909555.25,1924736.7816500068,487894373.71835,80994939.48945,0.29156183829331667,10,sustained_shift,medium,"Nepal FY2024: no single year breaks a control limit, but this is part of a run of 8+ consecutive years above the historical typical disbursement of $244,909,555 - the level has shifted rather than spiked.",0.29156183829331667,
A_level,Bosnia and Herzegovina,2020,26299014.29,29427582.195,0.0,63136980.92367,11236466.24289,-0.2784298762059324,10,sustained_shift,medium,"Bosnia and Herzegovina FY2020: no single year breaks a control limit, but this is part of a run of 8+ consecutive years below the historical typical disbursement of $29,427,582 - the level has shifted rather than spiked.",0.2784298762059324,
A_level,Samoa,2025,16608030.02,13628667.06,0.0,55916830.113759,14096054.351253001,0.21136148355835213,10,sustained_shift,medium,"Samoa FY2025: no single year breaks a control limit, but this is part of a run of 8+ consecutive years above the historical typical disbursement of $13,628,667 - the level has shifted rather than spiked.",0.21136148355835213,
A_level,Guyana,2021,6650620.14,5592748.529999999,0.0,22519398.086858995,5642216.518952998,0.18749220389654683,10,sustained_shift,medium,"Guyana FY2021: no single year breaks a control limit, but this is part of a run of 8+ consecutive years above the historical typical disbursement of $5,592,749 - the level has shifted rather than spiked.",0.18749220389654683,
A_level,Samoa,2024,15201071.06,13628667.06,0.0,55916830.113759,14096054.351253001,0.11154922936716888,10,sustained_shift,medium,"Samoa FY2024: no single year breaks a control limit, but this is part of a run of 8+ consecutive years above the historical typical disbursement of $13,628,667 - the level has shifted rather than spiked.",0.11154922936716888,
A_level,Lao People's Democratic Republic,2021,58279351.62,57412168.385000005,14893084.250689976,99931252.51931003,14173028.04477001,0.06118545961108087,10,sustained_shift,medium,"Lao People's Democratic Republic FY2021: no single year breaks a control limit, but this is part of a run of 8+ consecutive years above the historical typical disbursement of $57,412,168 - the level has shifted rather than spiked.",0.06118545961108087,
A_level,Haiti,2023,76505822.7,76046764.6,266245.96151797473,151827283.238482,25260172.879494008,0.01817319707944946,10,sustained_shift,medium,"Haiti FY2023: no single year breaks a control limit, but this is part of a run of 8+ consecutive years above the historical typical disbursement of $76,046,765 - the level has shifted rather than spiked.",0.01817319707944946,
A_level,Niger,2024,148350553.1,148193009.25,0.0,378238661.35115993,76681884.03371997,0.00205451198787338,10,sustained_shift,medium,"Niger FY2024: no single year breaks a control limit, but this is part of a run of 8+ consecutive years above the historical typical disbursement of $148,193,009 - the level has shifted rather than spiked.",0.00205451198787338,
B_growth,Chad,2021,-0.6969669306542434,0.13357231528656344,-0.0583505646166525,0.3254951951897794,0.06397429330107197,-12.98239031781364,9,beyond_limits,high,"Chad FY2021: year-over-year change of -50% is below the expected range -6% to +38% (learned from FY2010-2019, where a typical year was +14%); that is 13.0 robust sigmas from the typical year (limits sit at 3), so 10.0 beyond the -6% limit.",12.98239031781364,Chad FY2020-2021
B_growth,Cameroon,2020,1.0216553412724194,-0.037046733729382796,-0.3137117083026979,0.23961824084393232,0.09222165819110505,11.479972229602742,9,beyond_limits,high,"Cameroon FY2020: year-over-year change of +178% is above the expected range -27% to +27% (learned from FY2010-2019, where a typical year was -4%); that is 11.5 robust sigmas from the typical year (limits sit at 3), so 8.5 beyond the +27% limit.",11.479972229602742,Cameroon FY2020-2022
B_growth,Chad,2024,0.6878738318548578,0.13357231528656344,-0.0583505646166525,0.3254951951897794,0.06397429330107197,8.66444141805012,9,beyond_limits,high,"Chad FY2024: year-over-year change of +99% is above the expected range -6% to +38% (learned from FY2010-2019, where a typical year was +14%); that is 8.7 robust sigmas from the typical year (limits sit at 3), so 5.7 beyond the +38% limit.",8.66444141805012,Chad FY2023-2024
B_growth,Kosovo,2021,2.020779247883852,-0.1298309914075522,-0.9132492108160568,0.6535872280009525,0.26113940646950157,8.235487199602614,9,beyond_limits,high,"Kosovo FY2021: year-over-year change of +654% is above the expected range -60% to +92% (learned from FY2010-2019, where a typical year was -12%); that is 8.2 robust sigmas from the typical year (limits sit at 3), so 5.2 beyond the +92% limit.",8.235487199602614,Kosovo FY2021-2024
B_growth,Uzbekistan,2020,-1.4036680464726865,0.18812793832503405,-0.449342162609079,0.8255980392591471,0.21249003364470434,-7.491155973269295,9,beyond_limits,high,"Uzbekistan FY2020: year-over-year change of -75% is below the expected range -36% to +128% (learned from FY2010-2019, where a typical year was +21%); that is 7.5 robust sigmas from the typical year (limits sit at 3), so 4.5 beyond the -36% limit.",7.491155973269295,Uzbekistan FY2020-2021
B_growth,Kosovo,2026,1.7578011594513925,-0.1298309914075522,-0.9132492108160568,0.6535872280009525,0.26113940646950157,7.228446201892555,9,beyond_limits,high,"Kosovo FY2026: year-over-year change of +480% is above the expected range -60% to +92% (learned from FY2010-2019, where a typical year was -12%); that is 7.2 robust sigmas from the typical year (limits sit at 3), so 4.2 beyond the +92% limit.",7.228446201892555,Kosovo FY2026
B_growth,Chad,2023,0.5710275826164023,0.13357231528656344,-0.0583505646166525,0.3254951951897794,0.06397429330107197,6.83798514617603,9,beyond_limits,high,"Chad FY2023: year-over-year change of +77% is above the expected range -6% to +38% (learned from FY2010-2019, where a typical year was +14%); that is 6.8 robust sigmas from the typical year (limits sit at 3), so 3.8 beyond the +38% limit.",6.83798514617603,Chad FY2023-2024
B_growth,Nicaragua,2026,-2.361017700587307,-0.09726132302810155,-1.1508365161706138,0.9563138701144106,0.351191731047504,-6.445927330939914,9,beyond_limits,high,"Nicaragua FY2026: year-over-year change of -91% is below the expected range -68% to +160% (learned from FY2010-2019, where a typical year was -9%); that is 6.4 robust sigmas from the typical year (limits sit at 3), so 3.4 beyond the -68% limit.",6.445927330939914,Nicaragua FY2026
B_growth,Cameroon,2021,-0.6242494544521582,-0.037046733729382796,-0.3137117083026979,0.23961824084393232,0.09222165819110505,-6.367297359866949,9,beyond_limits,high,"Cameroon FY2021: year-over-year change of -46% is below the expected range -27% to +27% (learned from FY2010-2019, where a typical year was -4%); that is 6.4 robust sigmas from the typical year (limits sit at 3), so 3.4 beyond the -27% limit.",6.367297359866949,Cameroon FY2020-2022
B_growth,Central Asia,2024,-3.412659826120832,-0.01282853451158933,-1.6978856073922348,1.6722285383690563,0.5616856909602151,-6.052907072988007,9,beyond_limits,high,"Central Asia FY2024: year-over-year change of -97% is below the expected range -82% to +432% (learned from FY2010-2019, where a typical year was -1%); that is 6.1 robust sigmas from the typical year (limits sit at 3), so 3.1 beyond the -82% limit.",6.052907072988007,Central Asia FY2024
B_growth,Cameroon,2025,0.43785074589923595,-0.037046733729382796,-0.3137117083026979,0.23961824084393232,0.09222165819110505,5.149522237439268,9,beyond_limits,high,"Cameroon FY2025: year-over-year change of +55% is above the expected range -27% to +27% (learned from FY2010-2019, where a typical year was -4%); that is 5.1 robust sigmas from the typical year (limits sit at 3), so 2.1 beyond the +27% limit.",5.149522237439268,Cameroon FY2025-2026
B_growth,Haiti,2023,-0.6058156591390644,0.11136283993049326,-0.319108190155441,0.5418338700164275,0.14349034336197808,-4.998095915488588,9,beyond_limits,medium,"Haiti FY2023: year-over-year change of -45% is below the expected range -27% to +72% (learned from FY2010-2019, where a typical year was +12%); that is 5.0 robust sigmas from the typical year (limits sit at 3), so 2.0 beyond the -27% limit.",4.998095915488588,Haiti FY2023-2024
B_growth,Pakistan,2020,0.8481538989155519,-0.2138872329185757,-0.8740112030544146,0.4462367372172632,0.22004132337861296,4.826553101604157,9,beyond_limits,medium,"Pakistan FY2020: year-over-year change of +134% is above the expected range -58% to +56% (learned from FY2010-2019, where a typical year was -19%); that is 4.8 robust sigmas from the typical year (limits sit at 3), so 1.8 beyond the +56% limit.",4.826553101604157,Pakistan FY2020
B_growth,"Congo, Democratic Republic of",2023,0.7027380685042234,-0.028563259704404115,-0.48741582329205935,0.43028930388325115,0.15295085452921842,4.781283049771559,9,beyond_limits,medium,"Congo, Democratic Republic of FY2023: year-over-year change of +102% is above the expected range -39% to +54% (learned from FY2010-2019, where a typical year was -3%); that is 4.8 robust sigmas from the typical year (limits sit at 3), so 1.8 beyond the +54% limit.",4.781283049771559,"Congo, Democratic Republic of FY2023-2025"
B_growth,Mongolia,2020,2.1072552095416515,-0.1513241970695434,-1.5858674417651613,1.2832190476260745,0.47818108156520595,4.72327219474744,9,beyond_limits,medium,"Mongolia FY2020: year-over-year change of +723% is above the expected range -80% to +261% (learned from FY2010-2019, where a typical year was -14%); that is 4.7 robust sigmas from the typical year (limits sit at 3), so 1.7 beyond the +261% limit.",4.72327219474744,Mongolia FY2020
B_growth,Haiti,2024,0.7706173014528861,0.11136283993049326,-0.319108190155441,0.5418338700164275,0.14349034336197808,4.594416920860763,9,beyond_limits,medium,"Haiti FY2024: year-over-year change of +116% is above the expected range -27% to +72% (learned from FY2010-2019, where a typical year was +12%); that is 4.6 robust sigmas from the typical year (limits sit at 3), so 1.6 beyond the +72% limit.",4.594416920860763,Haiti FY2023-2024
B_growth,Kosovo,2023,1.0361711680593584,-0.1298309914075522,-0.9132492108160568,0.6535872280009525,0.26113940646950157,4.465056328459902,9,beyond_limits,medium,"Kosovo FY2023: year-over-year change of +182% is above the expected range -60% to +92% (learned from FY2010-2019, where a typical year was -12%); that is 4.5 robust sigmas from the typical year (limits sit at 3), so 1.5 beyond the +92% limit.",4.465056328459902,Kosovo FY2021-2024
B_growth,Papua New Guinea,2022,1.9911676380957322,0.1065470357800023,-1.1794866955002163,1.3925807670602208,0.42867791042673953,4.3963557637939195,9,beyond_limits,medium,"Papua New Guinea FY2022: year-over-year change of +632% is above the expected range -69% to +303% (learned from FY2010-2019, where a typical year was +11%); that is 4.4 robust sigmas from the typical year (limits sit at 3), so 1.4 beyond the +303% limit.",4.3963557637939195,Papua New Guinea FY2022-2023
B_growth,Honduras,2020,2.20128320379601,-0.1493331468281519,-1.76468663029365,1.4660203366373463,0.538451161155166,4.365514498253226,9,beyond_limits,medium,"Honduras FY2020: year-over-year change of +804% is above the expected range -83% to +333% (learned from FY2010-2019, where a typical year was -14%); that is 4.4 robust sigmas from the typical year (limits sit at 3), so 1.4 beyond the +333% limit.",4.365514498253226,Honduras FY2020
B_growth,Afghanistan,2023,-3.172976934410284,-0.05711499076590529,-2.2020371877659053,2.087807206234095,0.7149740656666667,-4.358006944963858,9,beyond_limits,medium,"Afghanistan FY2023: year-over-year change of -96% is below the expected range -89% to +707% (learned from FY2010-2019, where a typical year was -6%); that is 4.4 robust sigmas from the typical year (limits sit at 3), so 1.4 beyond the -89% limit.",4.358006944963858,Afghanistan FY2023-2024
B_growth,Guyana,2025,-2.6135948022509754,0.2994305144382892,-1.7131768930063422,2.312037921882921,0.6708691358148772,-4.342166245509167,9,beyond_limits,medium,"Guyana FY2025: year-over-year change of -93% is below the expected range -82% to +909% (learned from FY2010-2019, where a typical year was +35%); that is 4.3 robust sigmas from the typical year (limits sit at 3), so 1.3 beyond the -82% limit.",4.342166245509167,Guyana FY2025
B_growth,Niger,2024,-1.6233818379432339,0.04417281312167401,-1.1358906253252328,1.224236251568581,0.3933544794823023,-4.239317811404088,9,beyond_limits,medium,"Niger FY2024: year-over-year change of -80% is below the expected range -68% to +240% (learned from FY2010-2019, where a typical year was +5%); that is 4.2 robust sigmas from the typical year (limits sit at 3), so 1.2 beyond the -68% limit.",4.239317811404088,Niger FY2024-2025
B_growth,"Congo, Democratic Republic of",2024,-0.6752581817750808,-0.028563259704404115,-0.48741582329205935,0.43028930388325115,0.15295085452921842,-4.228122321128566,9,beyond_limits,medium,"Congo, Democratic Republic of FY2024: year-over-year change of -49% is below the expected range -39% to +54% (learned from FY2010-2019, where a typical year was -3%); that is 4.2 robust sigmas from the typical year (limits sit at 3), so 1.2 beyond the -39% limit.",4.228122321128566,"Congo, Democratic Republic of FY2023-2025"
B_growth,Cameroon,2022,0.35241789184244615,-0.037046733729382796,-0.3137117083026979,0.23961824084393232,0.09222165819110505,4.223136226468259,9,beyond_limits,medium,"Cameroon FY2022: year-over-year change of +42% is above the expected range -27% to +27% (learned from FY2010-2019, where a typical year was -4%); that is 4.2 robust sigmas from the typical year (limits sit at 3), so 1.2 beyond the +27% limit.",4.223136226468259,Cameroon FY2020-2022
B_growth,Papua New Guinea,2020,-1.6530447675554012,0.1065470357800023,-1.1794866955002163,1.3925807670602208,0.42867791042673953,-4.104694365015842,9,beyond_limits,medium,"Papua New Guinea FY2020: year-over-year change of -81% is below the expected range -69% to +303% (learned from FY2010-2019, where a typical year was +11%); that is 4.1 robust sigmas from the typical year (limits sit at 3), so 1.1 beyond the -69% limit.",4.104694365015842,Papua New Guinea FY2020
B_growth,Bangladesh,2020,-0.33634480994625193,0.1491668559813844,-0.20948871833922295,0.5078224303019918,0.11955185810686912,-4.0610967793878245,9,beyond_limits,medium,"Bangladesh FY2020: year-over-year change of -29% is below the expected range -19% to +66% (learned from FY2010-2019, where a typical year was +16%); that is 4.1 robust sigmas from the typical year (limits sit at 3), so 1.1 beyond the -19% limit.",4.0610967793878245,Bangladesh FY2020
B_growth,Mali,2023,0.7212980734902473,-0.08263330695641445,-0.6786706490099309,0.513404035097102,0.1986791140178388,4.046380941554225,9,beyond_limits,medium,"Mali FY2023: year-over-year change of +106% is above the expected range -49% to +67% (learned from FY2010-2019, where a typical year was -8%); that is 4.0 robust sigmas from the typical year (limits sit at 3), so 1.0 beyond the +67% limit.",4.046380941554225,Mali FY2023
B_growth,Kosovo,2024,-1.1861555300342945,-0.1298309914075522,-0.9132492108160568,0.6535872280009525,0.26113940646950157,-4.04505988930518,9,beyond_limits,medium,"Kosovo FY2024: year-over-year change of -69% is below the expected range -60% to +92% (learned from FY2010-2019, where a typical year was -12%); that is 4.0 robust sigmas from the typical year (limits sit at 3), so 1.0 beyond the -60% limit.",4.04505988930518,Kosovo FY2021-2024
B_growth,"Congo, Democratic Republic of",2025,0.5869985936714638,-0.028563259704404115,-0.48741582329205935,0.43028930388325115,0.15295085452921842,4.0245728294265675,9,beyond_limits,medium,"Congo, Democratic Republic of FY2025: year-over-year change of +80% is above the expected range -39% to +54% (learned from FY2010-2019, where a typical year was -3%); that is 4.0 robust sigmas from the typical year (limits sit at 3), so 1.0 beyond the +54% limit.",4.0245728294265675,"Congo, Democratic Republic of FY2023-2025"
B_growth,Uzbekistan,2021,1.0344814219844194,0.18812793832503405,-0.449342162609079,0.8255980392591471,0.21249003364470434,3.983026729030207,9,beyond_limits,medium,"Uzbekistan FY2021: year-over-year change of +181% is above the expected range -36% to +128% (learned from FY2010-2019, where a typical year was +21%); that is 4.0 robust sigmas from the typical year (limits sit at 3), so 1.0 beyond the +128% limit.",3.983026729030207,Uzbekistan FY2020-2021
B_growth,Kenya,2025,-0.3069473755430109,0.11834422869059924,-0.20283268825044737,0.43952114563164585,0.10705897231368221,-3.9724984748359815,9,beyond_limits,medium,"Kenya FY2025: year-over-year change of -26% is below the expected range -18% to +55% (learned from FY2010-2019, where a typical year was +13%); that is 4.0 robust sigmas from the typical year (limits sit at 3), so 1.0 beyond the -18% limit.",3.9724984748359815,Kenya FY2025-2026
B_growth,"Yemen, Republic of",2020,-2.252424600532286,0.22311741911266678,-1.655165716524994,2.1014005547503274,0.6260943785458869,-3.953943853312394,9,beyond_limits,medium,"Yemen, Republic of FY2020: year-over-year change of -89% is below the expected range -81% to +718% (learned from FY2010-2019, where a typical year was +25%); that is 4.0 robust sigmas from the typical year (limits sit at 3), so 1.0 beyond the -81% limit.",3.953943853312394,"Yemen, Republic of FY2020"
B_growth,Kenya,2022,-0.303667404858325,0.11834422869059924,-0.20283268825044737,0.43952114563164585,0.10705897231368221,-3.9418614286006077,9,beyond_limits,medium,"Kenya FY2022: year-over-year change of -26% is below the expected range -18% to +55% (learned from FY2010-2019, where a typical year was +13%); that is 3.9 robust sigmas from the typical year (limits sit at 3), so 0.9 beyond the -18% limit.",3.9418614286006077,Kenya FY2021-2022
B_growth,Kenya,2026,0.5344445558575208,0.11834422869059924,-0.20283268825044737,0.43952114563164585,0.10705897231368221,3.8866460061633124,9,beyond_limits,medium,"Kenya FY2026: year-over-year change of +71% is above the expected range -18% to +55% (learned from FY2010-2019, where a typical year was +13%); that is 3.9 robust sigmas from the typical year (limits sit at 3), so 0.9 beyond the +55% limit.",3.8866460061633124,Kenya FY2025-2026
B_growth,Afghanistan,2024,2.6581715889363124,-0.05711499076590529,-2.2020371877659053,2.087807206234095,0.7149740656666667,3.7977413588706748,9,beyond_limits,medium,"Afghanistan FY2024: year-over-year change of +1327% is above the expected range -89% to +707% (learned from FY2010-2019, where a typical year was -6%); that is 3.8 robust sigmas from the typical year (limits sit at 3), so 0.8 beyond the +707% limit.",3.7977413588706748,Afghanistan FY2023-2024
B_growth,Kosovo,2022,-1.1099250484975256,-0.1298309914075522,-0.9132492108160568,0.6535872280009525,0.26113940646950157,-3.753144997687044,9,beyond_limits,medium,"Kosovo FY2022: year-over-year change of -67% is below the expected range -60% to +92% (learned from FY2010-2019, where a typical year was -12%); that is 3.8 robust sigmas from the typical year (limits sit at 3), so 0.8 beyond the -60% limit.",3.753144997687044,Kosovo FY2021-2024
B_growth,Kenya,2021,-0.28011060419481315,0.11834422869059924,-0.20283268825044737,0.43952114563164585,0.10705897231368221,-3.721825684240102,9,beyond_limits,medium,"Kenya FY2021: year-over-year change of -24% is below the expected range -18% to +55% (learned from FY2010-2019, where a typical year was +13%); that is 3.7 robust sigmas from the typical year (limits sit at 3), so 0.7 beyond the -18% limit.",3.721825684240102,Kenya FY2021-2022
B_growth,Rwanda,2026,-0.4945842048933183,0.13134776097792136,-0.38401459565197715,0.6467101176078198,0.17178745220996616,-3.6436419413578482,9,beyond_limits,medium,"Rwanda FY2026: year-over-year change of -39% is below the expected range -32% to +91% (learned from FY2010-2019, where a typical year was +14%); that is 3.6 robust sigmas from the typical year (limits sit at 3), so 0.6 beyond the -32% limit.",3.6436419413578482,Rwanda FY2026
B_growth,Dominica,2026,-1.8629865240144055,0.10007377452740845,-1.5250582135627266,1.7252057626175437,0.5417106626967118,-3.6238169815034174,9,beyond_limits,medium,"Dominica FY2026: year-over-year change of -84% is below the expected range -78% to +461% (learned from FY2010-2019, where a typical year was +11%); that is 3.6 robust sigmas from the typical year (limits sit at 3), so 0.6 beyond the -78% limit.",3.6238169815034174,Dominica FY2026
B_growth,Niger,2025,1.3944654407493915,0.04417281312167401,-1.1358906253252328,1.224236251568581,0.3933544794823023,3.4327628082559296,9,beyond_limits,medium,"Niger FY2025: year-over-year change of +303% is above the expected range -68% to +240% (learned from FY2010-2019, where a typical year was +5%); that is 3.4 robust sigmas from the typical year (limits sit at 3), so 0.4 beyond the +240% limit.",3.4327628082559296,Niger FY2024-2025
B_growth,Mali,2020,0.5990733586524836,-0.08263330695641445,-0.6786706490099309,0.513404035097102,0.1986791140178388,3.43119441104257,9,beyond_limits,medium,"Mali FY2020: year-over-year change of +82% is above the expected range -49% to +67% (learned from FY2010-2019, where a typical year was -8%); that is 3.4 robust sigmas from the typical year (limits sit at 3), so 0.4 beyond the +67% limit.",3.43119441104257,Mali FY2020
B_growth,Kiribati,2020,-2.07411941139899,0.2666642279007106,-1.8045544692935127,2.337882925094934,0.6904062323980744,-3.390443958144995,8,beyond_limits,medium,"Kiribati FY2020: year-over-year change of -87% is below the expected range -84% to +936% (learned from FY2010-2019, where a typical year was +31%); that is 3.4 robust sigmas from the typical year (limits sit at 3), so 0.4 beyond the -84% limit.",3.390443958144995,Kiribati FY2020
B_growth,Sri Lanka,2026,-0.8809426830343436,-0.051028027888535624,-0.7904434054088427,0.6883873496317714,0.246471792506769,-3.367179045947075,9,beyond_limits,medium,"Sri Lanka FY2026: year-over-year change of -59% is below the expected range -55% to +99% (learned from FY2010-2019, where a typical year was -5%); that is 3.4 robust sigmas from the typical year (limits sit at 3), so 0.4 beyond the -55% limit.",3.367179045947075,Sri Lanka FY2026
B_growth,Maldives,2020,2.053353145565148,-0.24328062878948226,-2.300915960168685,1.8143547025897204,0.6858784437930675,3.3484559766213247,9,beyond_limits,medium,"Maldives FY2020: year-over-year change of +679% is above the expected range -90% to +514% (learned from FY2010-2019, where a typical year was -22%); that is 3.3 robust sigmas from the typical year (limits sit at 3), so 0.3 beyond the +514% limit.",3.3484559766213247,Maldives FY2020
B_growth,Western Africa,2021,2.0392011117148834,0.0,-1.8288717479459269,1.8288717479459269,0.6096239159819756,3.3450149481589158,9,beyond_limits,medium,"Western Africa FY2021: year-over-year change of +668% is above the expected range -84% to +523% (learned from FY2010-2019, where a typical year was +0%); that is 3.3 robust sigmas from the typical year (limits sit at 3), so 0.3 beyond the +523% limit.",3.3450149481589158,Western Africa FY2021
B_growth,Mauritania,2020,0.9080437492028611,-0.14619289631739796,-1.0929440438014753,0.8005582511666793,0.31558371582802575,3.340592662565501,9,beyond_limits,medium,"Mauritania FY2020: year-over-year change of +148% is above the expected range -66% to +123% (learned from FY2010-2019, where a typical year was -14%); that is 3.3 robust sigmas from the typical year (limits sit at 3), so 0.3 beyond the +123% limit.",3.340592662565501,Mauritania FY2020
B_growth,Cameroon,2026,0.26391352770327897,-0.037046733729382796,-0.3137117083026979,0.23961824084393232,0.09222165819110505,3.2634444807856418,9,beyond_limits,medium,"Cameroon FY2026: year-over-year change of +30% is above the expected range -27% to +27% (learned from FY2010-2019, where a typical year was -4%); that is 3.3 robust sigmas from the typical year (limits sit at 3), so 0.3 beyond the +27% limit.",3.2634444807856418,Cameroon FY2025-2026
B_growth,St. Vincent and the Grenadines,2020,2.8294643382192888,0.12403261591696452,-2.3632040901204903,2.6112693219544196,0.829078902012485,3.263177624874096,9,beyond_limits,medium,"St. Vincent and the Grenadines FY2020: year-over-year change of +1594% is above the expected range -91% to +1262% (learned from FY2010-2019, where a typical year was +13%); that is 3.3 robust sigmas from the typical year (limits sit at 3), so 0.3 beyond the +1262% limit.",3.263177624874096,St. Vincent and the Grenadines FY2020
B_growth,Nepal,2026,-0.8996923887259974,0.13086756663396099,-0.8277851089759121,1.089520242243834,0.31955089186995767,-3.2250260649541493,9,beyond_limits,medium,"Nepal FY2026: year-over-year change of -59% is below the expected range -56% to +197% (learned from FY2010-2019, where a typical year was +14%); that is 3.2 robust sigmas from the typical year (limits sit at 3), so 0.2 beyond the -56% limit.",3.2250260649541493,Nepal FY2026
B_growth,Chad,2020,0.3386482195891908,0.13357231528656344,-0.0583505646166525,0.3254951951897794,0.06397429330107197,3.205598588444134,9,beyond_limits,medium,"Chad FY2020: year-over-year change of +40% is above the expected range -6% to +38% (learned from FY2010-2019, where a typical year was +14%); that is 3.2 robust sigmas from the typical year (limits sit at 3), so 0.2 beyond the +38% limit.",3.205598588444134,Chad FY2020-2021
B_growth,Cote d'Ivoire,2022,-0.5423944528686269,0.2188341693390644,-0.5028404595453305,0.9405087982234593,0.24055820962813163,-3.1644258717440623,9,beyond_limits,medium,"Cote d'Ivoire FY2022: year-over-year change of -42% is below the expected range -40% to +156% (learned from FY2010-2019, where a typical year was +24%); that is 3.2 robust sigmas from the typical year (limits sit at 3), so 0.2 beyond the -40% limit.",3.1644258717440623,Cote d'Ivoire FY2022
B_growth,Papua New Guinea,2023,-1.2420454310479332,0.1065470357800023,-1.1794866955002163,1.3925807670602208,0.42867791042673953,-3.145934124493238,9,beyond_limits,medium,"Papua New Guinea FY2023: year-over-year change of -71% is below the expected range -69% to +303% (learned from FY2010-2019, where a typical year was +11%); that is 3.1 robust sigmas from the typical year (limits sit at 3), so 0.1 beyond the -69% limit.",3.145934124493238,Papua New Guinea FY2022-2023
B_growth,Kyrgyz Republic,2023,0.6343713908903948,0.014774098122750356,-0.5823649008641136,0.6119130971096143,0.19904633299562133,3.1128294776537007,9,beyond_limits,medium,"Kyrgyz Republic FY2023: year-over-year change of +89% is above the expected range -44% to +84% (learned from FY2010-2019, where a typical year was +1%); that is 3.1 robust sigmas from the typical year (limits sit at 3), so 0.1 beyond the +84% limit.",3.1128294776537007,Kyrgyz Republic FY2023
B_growth,India,2026,-0.7442564983650933,-0.07226966962325158,-0.7292684545700319,0.5847291153235288,0.2189995949822601,-3.068438682712064,9,beyond_limits,medium,"India FY2026: year-over-year change of -52% is below the expected range -52% to +79% (learned from FY2010-2019, where a typical year was -7%); that is 3.1 robust sigmas from the typical year (limits sit at 3), so 0.1 beyond the -52% limit.",3.068438682712064,India FY2026
B_growth,Cote d'Ivoire,2026,-0.5164613366529052,0.2188341693390644,-0.5028404595453305,0.9405087982234593,0.24055820962813163,-3.0566219591034978,9,beyond_limits,medium,"Cote d'Ivoire FY2026: year-over-year change of -40% is below the expected range -40% to +156% (learned from FY2010-2019, where a typical year was +24%); that is 3.1 robust sigmas from the typical year (limits sit at 3), so 0.1 beyond the -40% limit.",3.0566219591034978,Cote d'Ivoire FY2026
B_growth,Azerbaijan,2020,0.0,0.07303256643804977,-2.8884048794681574,3.034470012344257,0.9871458153020691,-0.07398356484518108,9,sustained_shift,medium,"Azerbaijan FY2020: no single year breaks a control limit, but this is part of a run of 8+ consecutive years below the historical typical year-over-year change of +8% - the level has shifted rather than spiked.",0.07398356484518108,Azerbaijan FY2020-2026
B_growth,Azerbaijan,2021,0.0,0.07303256643804977,-2.8884048794681574,3.034470012344257,0.9871458153020691,-0.07398356484518108,9,sustained_shift,medium,"Azerbaijan FY2021: no single year breaks a control limit, but this is part of a run of 8+ consecutive years below the historical typical year-over-year change of +8% - the level has shifted rather than spiked.",0.07398356484518108,Azerbaijan FY2020-2026
B_growth,Azerbaijan,2022,0.0,0.07303256643804977,-2.8884048794681574,3.034470012344257,0.9871458153020691,-0.07398356484518108,9,sustained_shift,medium,"Azerbaijan FY2022: no single year breaks a control limit, but this is part of a run of 8+ consecutive years below the historical typical year-over-year change of +8% - the level has shifted rather than spiked.",0.07398356484518108,Azerbaijan FY2020-2026
B_growth,Azerbaijan,2023,0.0,0.07303256643804977,-2.8884048794681574,3.034470012344257,0.9871458153020691,-0.07398356484518108,9,sustained_shift,medium,"Azerbaijan FY2023: no single year breaks a control limit, but this is part of a run of 8+ consecutive years below the historical typical year-over-year change of +8% - the level has shifted rather than spiked.",0.07398356484518108,Azerbaijan FY2020-2026
B_growth,Azerbaijan,2024,0.0,0.07303256643804977,-2.8884048794681574,3.034470012344257,0.9871458153020691,-0.07398356484518108,9,sustained_shift,medium,"Azerbaijan FY2024: no single year breaks a control limit, but this is part of a run of 8+ consecutive years below the historical typical year-over-year change of +8% - the level has shifted rather than spiked.",0.07398356484518108,Azerbaijan FY2020-2026
B_growth,Azerbaijan,2025,0.0,0.07303256643804977,-2.8884048794681574,3.034470012344257,0.9871458153020691,-0.07398356484518108,9,sustained_shift,medium,"Azerbaijan FY2025: no single year breaks a control limit, but this is part of a run of 8+ consecutive years below the historical typical year-over-year change of +8% - the level has shifted rather than spiked.",0.07398356484518108,Azerbaijan FY2020-2026
B_growth,Azerbaijan,2026,0.0,0.07303256643804977,-2.8884048794681574,3.034470012344257,0.9871458153020691,-0.07398356484518108,9,sustained_shift,medium,"Azerbaijan FY2026: no single year breaks a control limit, but this is part of a run of 8+ consecutive years below the historical typical year-over-year change of +8% - the level has shifted rather than spiked.",0.07398356484518108,Azerbaijan FY2020-2026
